ISO-10303-21;
HEADER;
FILE_DESCRIPTION (( 'STEP AP203' ),
    '1' );
FILE_NAME ('91390A105_Alloy Steel Cup-Tip Set Screw.STEP',
    '2026-01-08T13:20:18',
    ( 'McMaster Carr Supply' ),
    ( 'McMaster Carr Supply' ),
    'SwSTEP 2.0',
    'SolidWorks 2024',
    '' );
FILE_SCHEMA (( 'CONFIG_CONTROL_DESIGN' ));
ENDSEC;

DATA;
#1 = APPROVAL ( #3115, 'UNSPECIFIED' ) ;
#2 = ADVANCED_FACE ( 'NONE', ( #4810 ), #1588, .T. ) ;
#3 = CARTESIAN_POINT ( 'NONE',  ( 0.000000000000000000, 1.558265636316165435E-17, -5.549354535729332127 ) ) ;
#4 = ORIENTED_EDGE ( 'NONE', *, *, #1988, .F. ) ;
#5 = CARTESIAN_POINT ( 'NONE',  ( -1.439254484199187653E-16, -1.175240473580833944, 1.062499999999999112 ) ) ;
#6 = PLANE ( 'NONE',  #2154 ) ;
#7 = CARTESIAN_POINT ( 'NONE',  ( 1.357050807568875417, -2.242832357623997763E-16, -4.875000000000000888 ) ) ;
#8 = ORIENTED_EDGE ( 'NONE', *, *, #1890, .T. ) ;
#9 = CARTESIAN_POINT ( 'NONE',  ( -1.439254484199187653E-16, -1.175240473580833944, 2.000000000000000000 ) ) ;
#10 = DIRECTION ( 'NONE',  ( -0.000000000000000000, 3.457852702097173358E-17, 1.000000000000000000 ) ) ;
#11 = EDGE_LOOP ( 'NONE', ( #1538, #3410, #1602, #3618 ) ) ;
#12 = CARTESIAN_POINT ( 'NONE',  ( 1.961205664685855264E-11, -1.222636114156427922, -5.527363885843576519 ) ) ;
#13 = CARTESIAN_POINT ( 'NONE',  ( -1.439254484199187653E-16, -1.175240473580833944, 4.000000000000000000 ) ) ;
#14 = CARTESIAN_POINT ( 'NONE',  ( -1.322475605676658450, 0.7635316469341323353, 6.598958333333333037 ) ) ;
#15 = CARTESIAN_POINT ( 'NONE',  ( -0.6785254037844380415, -1.175240473580833944, 6.020833333333333037 ) ) ;
#16 = LINE ( 'NONE', #404, #2756 ) ;
#17 = ORIENTED_EDGE ( 'NONE', *, *, #4313, .T. ) ;
#18 = CARTESIAN_POINT ( 'NONE',  ( -1.017788105676656674, 0.5876202367904170831, 5.395833333333332149 ) ) ;
#19 = CARTESIAN_POINT ( 'NONE',  ( -0.6785254037844380415, -1.175240473580833722, -3.979166666666667407 ) ) ;
#20 = CARTESIAN_POINT ( 'NONE',  ( -0.6785254037844375974, 1.175240473580834166, -1.708333333333333481 ) ) ;
#21 = CARTESIAN_POINT ( 'NONE',  ( 1.322475605676658228, -0.7635316469341327794, 2.880208333333332593 ) ) ;
#22 = DIRECTION ( 'NONE',  ( 0.000000000000000000, -1.000000000000000000, 0.000000000000000000 ) ) ;
#23 = CARTESIAN_POINT ( 'NONE',  ( -1.322475605676658672, -0.7635316469341317802, -1.817708333333333481 ) ) ;
#24 = CARTESIAN_POINT ( 'NONE',  ( -1.017788105676656674, 0.5876202367904170831, -2.104166666666667407 ) ) ;
#25 = CARTESIAN_POINT ( 'NONE',  ( 1.357050807568875417, -2.242832357623997763E-16, 1.624999999999999778 ) ) ;
#26 = CARTESIAN_POINT ( 'NONE',  ( 0.000000000000000000, 1.175240473580833944, -1.250000000000000222 ) ) ;
#27 = CARTESIAN_POINT ( 'NONE',  ( 0.5815084150818505826, -1.106402314322119107, -5.503039191905076954 ) ) ;
#28 = CARTESIAN_POINT ( 'NONE',  ( 0.000000000000000000, 1.499999999999999778, -0.9374999999999997780 ) ) ;
#29 = EDGE_CURVE ( 'NONE', #1864, #406, #3153, .T. ) ;
#30 = CARTESIAN_POINT ( 'NONE',  ( -1.017788105676656896, -0.5876202367904167501, -0.02083333333333364096 ) ) ;
#31 = CARTESIAN_POINT ( 'NONE',  ( -1.732050807568876971, 1.310604772755240004E-16, 1.187500000000000444 ) ) ;
#32 = CARTESIAN_POINT ( 'NONE',  ( -1.732050807568876971, 1.310604772755240004E-16, 2.687500000000000000 ) ) ;
#33 = CARTESIAN_POINT ( 'NONE',  ( 0.6785254037844384856, 1.175240473580833722, 2.208333333333333037 ) ) ;
#34 = CARTESIAN_POINT ( 'NONE',  ( -0.8660254037844523634, -1.499999999999975797, -0.2291666666666675733 ) ) ;
#35 = ORIENTED_EDGE ( 'NONE', *, *, #2826, .F. ) ;
#36 = CARTESIAN_POINT ( 'NONE',  ( 1.357050807568875417, -2.242832357623997763E-16, 6.124999999999998224 ) ) ;
#37 = CARTESIAN_POINT ( 'NONE',  ( 0.8816504037844384856, -1.527063293868264893, 6.807291666666666075 ) ) ;
#38 = CARTESIAN_POINT ( 'NONE',  ( 0.6785254037844384856, 1.175240473580833722, 5.270833333333332149 ) ) ;
#39 = CARTESIAN_POINT ( 'NONE',  ( -1.836970198721029688E-16, -1.499999999999999778, -0.7500000000000009992 ) ) ;
#40 = VECTOR ( 'NONE', #1474, 1000.000000000000000 ) ;
#41 = ORIENTED_EDGE ( 'NONE', *, *, #3746, .F. ) ;
#42 = CARTESIAN_POINT ( 'NONE',  ( 1.357050807568875417, -2.242832357623997763E-16, 6.687499999999999112 ) ) ;
#43 = CARTESIAN_POINT ( 'NONE',  ( -1.439254484199187653E-16, -1.175240473580833944, -4.937500000000000000 ) ) ;
#44 = EDGE_CURVE ( 'NONE', #365, #2708, #845, .T. ) ;
#45 = CARTESIAN_POINT ( 'NONE',  ( 0.6785254037844372643, -1.175240473580834166, -1.458333333333334370 ) ) ;
#46 = CARTESIAN_POINT ( 'NONE',  ( 1.322475605676658228, -0.7635316469341327794, 2.380208333333333925 ) ) ;
#47 = CARTESIAN_POINT ( 'NONE',  ( -0.9292071379910122886, 1.079868834443490799, -5.332565524188837891 ) ) ;
#48 = CARTESIAN_POINT ( 'NONE',  ( -0.8816504037844393737, -1.527063293868264005, -2.776041666666666519 ) ) ;
#49 = CARTESIAN_POINT ( 'NONE',  ( 0.6785254037844372643, -1.175240473580834166, -3.395833333333333481 ) ) ;
#50 = CARTESIAN_POINT ( 'NONE',  ( -0.6785254037844375974, 1.175240473580834166, 1.291666666666665853 ) ) ;
#51 = CARTESIAN_POINT ( 'NONE',  ( 1.017788105676657118, 0.5876202367904160839, -3.770833333333333481 ) ) ;
#52 = CARTESIAN_POINT ( 'NONE',  ( -0.6785254037844375974, 1.175240473580834166, -0.2083333333333337867 ) ) ;
#53 = DIRECTION ( 'NONE',  ( 0.000000000000000000, 0.8571673007021134438, -0.5150380749100523792 ) ) ;
#54 = CARTESIAN_POINT ( 'NONE',  ( -1.299038105676658006, -0.7499999999999995559, -3.333333333333333925 ) ) ;
#55 = CARTESIAN_POINT ( 'NONE',  ( -1.017788105676656896, -0.5876202367904167501, 1.479166666666665853 ) ) ;
#56 = CARTESIAN_POINT ( 'NONE',  ( 0.000000000000000000, 1.499999999999999778, -3.000000000000000444 ) ) ;
#57 = B_SPLINE_CURVE_WITH_KNOTS ( 'NONE', 3,
 ( #2304, #1785, #2275, #1866, #2247, #3938 ),
 .UNSPECIFIED., .F., .F.,
 ( 4, 2, 4 ),
 ( 0.000000000000000000, 0.0004592835295905893728, 0.0009185670591811787456 ),
 .UNSPECIFIED. ) ;
#58 = CARTESIAN_POINT ( 'NONE',  ( 1.017788105676656452, -0.5876202367904175272, -2.416666666666667407 ) ) ;
#59 = EDGE_CURVE ( 'NONE', #5184, #4358, #2452, .T. ) ;
#60 = CARTESIAN_POINT ( 'NONE',  ( 0.000000000000000000, 4.088892879315926092E-16, 5.824948115447571517 ) ) ;
#61 = ORIENTED_EDGE ( 'NONE', *, *, #1543, .T. ) ;
#62 = CARTESIAN_POINT ( 'NONE',  ( 0.8660254037844291597, -1.500000000000016209, -1.645833333333333925 ) ) ;
#63 = CARTESIAN_POINT ( 'NONE',  ( -1.017788105676656674, 0.5876202367904170831, 5.833333333333333037 ) ) ;
#64 = CARTESIAN_POINT ( 'NONE',  ( 0.000000000000000000, 1.527063293868264227, 5.515625000000000000 ) ) ;
#65 = CARTESIAN_POINT ( 'NONE',  ( -1.357050807568875417, 1.080983497915110492E-16, 5.437500000000000000 ) ) ;
#66 = CARTESIAN_POINT ( 'NONE',  ( -1.732050807568876971, 1.310604772755240004E-16, -2.812499999999999556 ) ) ;
#67 =( BOUNDED_CURVE ( )  B_SPLINE_CURVE ( 2, ( #223, #995, #2313, #1824, #1422, #3546, #3438 ),
 .UNSPECIFIED., .F., .F. ) 
 B_SPLINE_CURVE_WITH_KNOTS ( ( 3, 2, 2, 3 ),
 ( 0.4222359152067255428, 0.4284087547128984097, 0.4345815942190712766, 0.4407544337252440325 ),
 .UNSPECIFIED. ) 
 CURVE ( )  GEOMETRIC_REPRESENTATION_ITEM ( )  RATIONAL_B_SPLINE_CURVE ( ( 1.000000000000000000, 0.8660254037844387076, 1.000000000000000000, 0.8660254037844387076, 1.000000000000000000, 0.8660254037844387076, 1.000000000000000000 ) ) 
 REPRESENTATION_ITEM ( '' )  );
#68 = CARTESIAN_POINT ( 'NONE',  ( -1.299038105676657784, 0.7500000000000001110, 4.583333333333333037 ) ) ;
#69 = ORIENTED_EDGE ( 'NONE', *, *, #924, .F. ) ;
#70 = CARTESIAN_POINT ( 'NONE',  ( 0.000000000000000000, 1.558265636316165435E-17, -5.549354535729332127 ) ) ;
#71 = CARTESIAN_POINT ( 'NONE',  ( 0.6785254037844372643, -1.175240473580834166, -4.895833333333333037 ) ) ;
#72 = CARTESIAN_POINT ( 'NONE',  ( 1.017788105676657118, 0.5876202367904160839, -2.333333333333333925 ) ) ;
#73 = CARTESIAN_POINT ( 'NONE',  ( -0.8816504037844393737, -1.527063293868264005, 5.255208333333333037 ) ) ;
#74 = CARTESIAN_POINT ( 'NONE',  ( -0.9376990458001301931, -0.7263385576269868471, 5.989002832395788900 ) ) ;
#75 = CARTESIAN_POINT ( 'NONE',  ( 1.322475605676658228, -0.7635316469341327794, -2.151041666666666963 ) ) ;
#76 = CARTESIAN_POINT ( 'NONE',  ( -1.017788105676656674, 0.5876202367904170831, -3.104166666666666963 ) ) ;
#77 = DIRECTION ( 'NONE',  ( 0.000000000000000000, -1.000000000000000000, 0.000000000000000000 ) ) ;
#78 = CARTESIAN_POINT ( 'NONE',  ( 1.357050807568875417, -2.242832357623997763E-16, 1.124999999999999334 ) ) ;
#79 = CARTESIAN_POINT ( 'NONE',  ( 0.000000000000000000, 1.175240473580833944, -2.187500000000000000 ) ) ;
#80 = CARTESIAN_POINT ( 'NONE',  ( -1.357050807568875417, 1.080983497915110492E-16, -1.625000000000000888 ) ) ;
#81 = CARTESIAN_POINT ( 'NONE',  ( 0.000000000000000000, 1.499999999999999778, 0.06250000000000034694 ) ) ;
#82 = LINE ( 'NONE', #2597, #1573 ) ;
#83 = CARTESIAN_POINT ( 'NONE',  ( 1.357050807568875417, -2.242832357623997763E-16, 0.6874999999999997780 ) ) ;
#84 = CARTESIAN_POINT ( 'NONE',  ( -1.439254484199187653E-16, -1.175240473580833944, 5.999999999999998224 ) ) ;
#85 = CARTESIAN_POINT ( 'NONE',  ( -1.017788105676656896, -0.5876202367904167501, -3.083333333333333925 ) ) ;
#86 = LINE ( 'NONE', #3276, #2639 ) ;
#87 = ORIENTED_EDGE ( 'NONE', *, *, #109, .F. ) ;
#88 = CARTESIAN_POINT ( 'NONE',  ( -0.8816504037844387076, 1.527063293868264449, -4.911458333333333925 ) ) ;
#89 = CARTESIAN_POINT ( 'NONE',  ( 0.000000000000000000, 1.527063293868264227, 6.015625000000000000 ) ) ;
#90 = CARTESIAN_POINT ( 'NONE',  ( -1.017788105676656674, 0.5876202367904170831, 4.895833333333332149 ) ) ;
#91 = CARTESIAN_POINT ( 'NONE',  ( 0.000000000000000000, -1.500000000000000000, -5.250000000000007994 ) ) ;
#92 = CARTESIAN_POINT ( 'NONE',  ( 1.299038105676657562, -0.7500000000000005551, 5.333333333333332149 ) ) ;
#93 = ORIENTED_EDGE ( 'NONE', *, *, #2326, .T. ) ;
#94 = EDGE_CURVE ( 'NONE', #3380, #698, #2053, .T. ) ;
#95 = CARTESIAN_POINT ( 'NONE',  ( 0.000000000000000000, 1.175240473580833944, -2.250000000000000444 ) ) ;
#96 = CARTESIAN_POINT ( 'NONE',  ( -1.322475605676658672, -0.7635316469341317802, 6.213541666666666963 ) ) ;
#97 =( BOUNDED_CURVE ( )  B_SPLINE_CURVE ( 2, ( #2585, #1579, #1530, #301, #276, #1153, #5227 ),
 .UNSPECIFIED., .F., .F. ) 
 B_SPLINE_CURVE_WITH_KNOTS ( ( 3, 2, 2, 3 ),
 ( 0.8333333333333332593, 0.8395061728395060152, 0.8456790123456789932, 0.8518518518518518601 ),
 .UNSPECIFIED. ) 
 CURVE ( )  GEOMETRIC_REPRESENTATION_ITEM ( )  RATIONAL_B_SPLINE_CURVE ( ( 1.000000000000002442, 0.8660254037844362651, 1.000000000000000000, 0.8660254037844387076, 1.000000000000000000, 0.8660254037844387076, 1.000000000000000000 ) ) 
 REPRESENTATION_ITEM ( '' )  );
#98 = CARTESIAN_POINT ( 'NONE',  ( 1.017788105676657118, 0.5876202367904160839, 1.229166666666665630 ) ) ;
#99 = CARTESIAN_POINT ( 'NONE',  ( 0.8816504037844384856, -1.527063293868264893, -2.692708333333333037 ) ) ;
#100 = CARTESIAN_POINT ( 'NONE',  ( -1.017788105676656896, -0.5876202367904167501, -3.020833333333333925 ) ) ;
#101 = CARTESIAN_POINT ( 'NONE',  ( 0.8660254037844379305, -1.500000000000000222, -2.208333333333333925 ) ) ;
#102 = EDGE_CURVE ( 'NONE', #801, #2324, #148, .T. ) ;
#103 = CARTESIAN_POINT ( 'NONE',  ( 0.000000000000000000, 1.175240473580833944, 5.750000000000000000 ) ) ;
#104 = VECTOR ( 'NONE', #634, 1000.000000000000114 ) ;
#105 = CARTESIAN_POINT ( 'NONE',  ( -0.6785254037844380415, -1.175240473580833722, -1.979166666666667185 ) ) ;
#106 = CARTESIAN_POINT ( 'NONE',  ( -1.017788105676656674, 0.5876202367904170831, -1.666666666666666963 ) ) ;
#107 = CARTESIAN_POINT ( 'NONE',  ( 0.000000000000000000, 1.499999999999999778, 1.062500000000000222 ) ) ;
#108 = CARTESIAN_POINT ( 'NONE',  ( 0.000000000000000000, 1.499999999999999778, 2.999999999999998668 ) ) ;
#109 = EDGE_CURVE ( 'NONE', #5274, #4809, #2804, .T. ) ;
#110 = CARTESIAN_POINT ( 'NONE',  ( 1.017788105676657118, 0.5876202367904160839, 3.729166666666665186 ) ) ;
#111 = CARTESIAN_POINT ( 'NONE',  ( -1.836970198721029688E-16, -1.499999999999999778, -1.187500000000000000 ) ) ;
#112 = CARTESIAN_POINT ( 'NONE',  ( 1.357050807568875417, -2.242832357623997763E-16, -3.875000000000000888 ) ) ;
#113 = CARTESIAN_POINT ( 'NONE',  ( -1.299038105676658006, -0.7499999999999995559, -2.270833333333333037 ) ) ;
#114 = ORIENTED_EDGE ( 'NONE', *, *, #4121, .T. ) ;
#115 = CARTESIAN_POINT ( 'NONE',  ( 0.000000000000000000, 1.499999999999999778, -1.000000000000000444 ) ) ;
#116 = CARTESIAN_POINT ( 'NONE',  ( -1.870113174931183868E-16, -1.527063293868264227, -4.703125000000000000 ) ) ;
#117 = CARTESIAN_POINT ( 'NONE',  ( -1.017788105676656896, -0.5876202367904167501, -5.020833333333333925 ) ) ;
#118 = CARTESIAN_POINT ( 'NONE',  ( -1.017788105676656896, -0.5876202367904167501, -6.083333333333333925 ) ) ;
#119 = CARTESIAN_POINT ( 'NONE',  ( 0.000000000000000000, 1.499999999999999778, -0.5000000000000007772 ) ) ;
#120 = ORIENTED_EDGE ( 'NONE', *, *, #648, .T. ) ;
#121 = APPROVAL_DATE_TIME ( #3361, #2131 ) ;
#122 = CARTESIAN_POINT ( 'NONE',  ( 1.732050807568876971, -2.931696182144386422E-16, -1.625000000000001332 ) ) ;
#123 = CARTESIAN_POINT ( 'NONE',  ( -1.322475605676658450, 0.7635316469341323353, 5.130208333333333037 ) ) ;
#124 = CARTESIAN_POINT ( 'NONE',  ( -1.017788105676656674, 0.5876202367904170831, 1.395833333333333037 ) ) ;
#125 = CARTESIAN_POINT ( 'NONE',  ( -0.8816504037844393737, -1.527063293868264005, -0.7760416666666669627 ) ) ;
#126 = CARTESIAN_POINT ( 'NONE',  ( 0.6785254037844384856, 1.175240473580833722, -2.729166666666666963 ) ) ;
#127 = CARTESIAN_POINT ( 'NONE',  ( 1.299038105676658450, 0.7499999999999987788, -2.020833333333332593 ) ) ;
#128 = CARTESIAN_POINT ( 'NONE',  ( -0.6785254037844380415, -1.175240473580833722, 3.958333333333332593 ) ) ;
#129 = CARTESIAN_POINT ( 'NONE',  ( 1.017788105676656452, -0.5876202367904175272, -3.854166666666667407 ) ) ;
#130 = AXIS2_PLACEMENT_3D ( 'NONE', #2098, #3736, #672 ) ;
#131 = EDGE_CURVE ( 'NONE', #2300, #785, #2854, .T. ) ;
#132 = CARTESIAN_POINT ( 'NONE',  ( 0.6785254037844384856, 1.175240473580833722, -0.2916666666666675178 ) ) ;
#133 = CARTESIAN_POINT ( 'NONE',  ( 1.299038105676657562, -0.7500000000000005551, 0.8958333333333338144 ) ) ;
#134 = CIRCLE ( 'NONE', #2700, 0.7500000000000001110 ) ;
#135 = CARTESIAN_POINT ( 'NONE',  ( -0.6785254037844375974, 1.175240473580834166, 1.291666666666665853 ) ) ;
#136 = CARTESIAN_POINT ( 'NONE',  ( 0.000000000000000000, 1.558265636316165435E-17, -5.549354535729332127 ) ) ;
#137 = VECTOR ( 'NONE', #2167, 1000.000000000000000 ) ;
#138 = CARTESIAN_POINT ( 'NONE',  ( 1.017788105676657118, 0.5876202367904160839, 4.729166666666666075 ) ) ;
#139 = CARTESIAN_POINT ( 'NONE',  ( 0.7500000000000000000, 0.4330127018922191318, 5.062500000000000000 ) ) ;
#140 = CARTESIAN_POINT ( 'NONE',  ( -1.357050807568875417, 1.080983497915110246E-16, -4.125000000000000000 ) ) ;
#141 = DIRECTION ( 'NONE',  ( -0.000000000000000000, 3.457852702097173358E-17, 1.000000000000000000 ) ) ;
#142 = ORIENTED_EDGE ( 'NONE', *, *, #2958, .T. ) ;
#143 = CARTESIAN_POINT ( 'NONE',  ( 0.8660254037844200559, -1.500000000000031530, 2.854166666666666075 ) ) ;
#144 = CARTESIAN_POINT ( 'NONE',  ( -0.6785254037844375974, 1.175240473580834166, 6.791666666666666075 ) ) ;
#145 = CARTESIAN_POINT ( 'NONE',  ( -1.357050807568875417, 1.080983497915110492E-16, -4.062500000000000000 ) ) ;
#146 = CARTESIAN_POINT ( 'NONE',  ( 0.6785254037844384856, 1.175240473580833722, -4.291666666666667851 ) ) ;
#147 = DIRECTION ( 'NONE',  ( -0.000000000000000000, 3.457852702097173358E-17, 1.000000000000000000 ) ) ;
#148 = CIRCLE ( 'NONE', #1593, 0.7500000000000000000 ) ;
#149 = CARTESIAN_POINT ( 'NONE',  ( 1.299038105676657562, -0.7500000000000005551, -3.104166666666666075 ) ) ;
#150 = ORIENTED_EDGE ( 'NONE', *, *, #131, .T. ) ;
#151 = DIRECTION ( 'NONE',  ( 0.000000000000000000, -1.000000000000000000, 0.000000000000000000 ) ) ;
#152 = DIRECTION ( 'NONE',  ( 0.000000000000000000, -1.000000000000000000, 0.000000000000000000 ) ) ;
#153 = CARTESIAN_POINT ( 'NONE',  ( 1.763300807568877859, -2.989101500854420495E-16, 5.921874999999999112 ) ) ;
#154 = CARTESIAN_POINT ( 'NONE',  ( 1.017788105676657118, 0.5876202367904160839, -0.7708333333333334814 ) ) ;
#155 = CARTESIAN_POINT ( 'NONE',  ( 0.8816504037844398178, 1.527063293868264005, 1.973958333333333037 ) ) ;
#156 = CARTESIAN_POINT ( 'NONE',  ( 0.000000000000000000, 1.175240473580833944, 1.812499999999999778 ) ) ;
#157 = CARTESIAN_POINT ( 'NONE',  ( 0.8660254037844379305, -1.500000000000000222, 0.7916666666666658525 ) ) ;
#158 = CARTESIAN_POINT ( 'NONE',  ( -1.017788105676656896, -0.5876202367904167501, 5.916666666666665186 ) ) ;
#159 = CARTESIAN_POINT ( 'NONE',  ( -0.6785254037844380415, -1.175240473580833722, -1.479166666666666741 ) ) ;
#160 = CARTESIAN_POINT ( 'NONE',  ( -1.017788105676656896, -0.5876202367904167501, 1.916666666666665408 ) ) ;
#161 = CARTESIAN_POINT ( 'NONE',  ( -1.322475605676658450, 0.7635316469341323353, -5.901041666666666075 ) ) ;
#162 = VECTOR ( 'NONE', #1051, 1000.000000000000000 ) ;
#163 = EDGE_CURVE ( 'NONE', #3559, #5079, #1539, .T. ) ;
#164 = CARTESIAN_POINT ( 'NONE',  ( 0.000000000000000000, 1.175240473580833944, 2.749999999999999112 ) ) ;
#165 = CARTESIAN_POINT ( 'NONE',  ( 0.000000000000000000, 1.558265636316165435E-17, -5.549354535729332127 ) ) ;
#166 = CARTESIAN_POINT ( 'NONE',  ( 0.6785254037844372643, -1.175240473580834166, 2.604166666666666075 ) ) ;
#167 = CARTESIAN_POINT ( 'NONE',  ( 0.8660254037844393737, 1.499999999999999334, 4.458333333333332149 ) ) ;
#168 = CC_DESIGN_DATE_AND_TIME_ASSIGNMENT ( #3977, #728, ( #1328 ) ) ;
#169 = EDGE_CURVE ( 'NONE', #4498, #1135, #4067, .T. ) ;
#170 = CARTESIAN_POINT ( 'NONE',  ( 1.017788105676657118, 0.5876202367904160839, -3.833333333333333481 ) ) ;
#171 = LINE ( 'NONE', #1818, #1921 ) ;
#172 = VERTEX_POINT ( 'NONE', #384 ) ;
#173 = CARTESIAN_POINT ( 'NONE',  ( 0.8660254037844573594, 1.499999999999968248, 3.020833333333331705 ) ) ;
#174 = CARTESIAN_POINT ( 'NONE',  ( -1.763300807568877859, 1.329739878991918111E-16, -6.328125000000000000 ) ) ;
#175 = CARTESIAN_POINT ( 'NONE',  ( 0.000000000000000000, 1.175240473580833944, -3.687500000000000444 ) ) ;
#176 = CARTESIAN_POINT ( 'NONE',  ( 1.017788105676656452, -0.5876202367904175272, -5.416666666666666963 ) ) ;
#177 = CARTESIAN_POINT ( 'NONE',  ( -1.836970198721029688E-16, -1.499999999999999778, 3.249999999999999112 ) ) ;
#178 = DIRECTION ( 'NONE',  ( 0.000000000000000000, -1.000000000000000000, 0.000000000000000000 ) ) ;
#179 = ORIENTED_EDGE ( 'NONE', *, *, #4648, .F. ) ;
#180 = APPROVAL_ROLE ( '' ) ;
#181 = CARTESIAN_POINT ( 'NONE',  ( 0.8660254037844393737, 1.499999999999999334, 4.958333333333333925 ) ) ;
#182 = CARTESIAN_POINT ( 'NONE',  ( -1.763300807568877859, 1.329739878991918111E-16, 5.671875000000000888 ) ) ;
#183 = CARTESIAN_POINT ( 'NONE',  ( -1.439254484199187653E-16, -1.175240473580833944, 0.5624999999999996669 ) ) ;
#184 = CARTESIAN_POINT ( 'NONE',  ( -1.322475605676658450, 0.7635316469341323353, 2.098958333333333037 ) ) ;
#185 = CARTESIAN_POINT ( 'NONE',  ( 0.6785254037844372643, -1.175240473580834166, 1.604166666666666075 ) ) ;
#186 = CARTESIAN_POINT ( 'NONE',  ( 0.000000000000000000, 1.558265636316165435E-17, -5.549354535729332127 ) ) ;
#187 = CARTESIAN_POINT ( 'NONE',  ( 0.000000000000000000, 1.175240473580833944, 4.249999999999998224 ) ) ;
#188 = ORIENTED_EDGE ( 'NONE', *, *, #3537, .F. ) ;
#189 = DIRECTION ( 'NONE',  ( 0.4999999999999996669, 0.8660254037844388186, 0.000000000000000000 ) ) ;
#190 = CARTESIAN_POINT ( 'NONE',  ( -1.836970198721029688E-16, -1.499999999999999778, 0.2499999999999990286 ) ) ;
#191 = CARTESIAN_POINT ( 'NONE',  ( -0.6785254037844380415, -1.175240473580833944, 3.958333333333332593 ) ) ;
#192 = CARTESIAN_POINT ( 'NONE',  ( 1.017788105676656452, -0.5876202367904175272, 3.645833333333332593 ) ) ;
#193 = CARTESIAN_POINT ( 'NONE',  ( -1.357050807568875417, 1.080983497915110246E-16, -1.125000000000000222 ) ) ;
#194 = ORIENTED_EDGE ( 'NONE', *, *, #1543, .F. ) ;
#195 = CARTESIAN_POINT ( 'NONE',  ( 0.6785254037844384856, 1.175240473580833722, 6.208333333333333037 ) ) ;
#196 = CARTESIAN_POINT ( 'NONE',  ( 1.017788105676656452, -0.5876202367904175272, -4.854166666666666963 ) ) ;
#197 = CARTESIAN_POINT ( 'NONE',  ( -1.017788105676656896, -0.5876202367904167501, -5.083333333333333925 ) ) ;
#198 = CARTESIAN_POINT ( 'NONE',  ( 0.000000000000000000, -1.336911000032896764E-15, 6.000000000000000000 ) ) ;
#199 = DIRECTION ( 'NONE',  ( -0.000000000000000000, 3.457852702097173358E-17, 1.000000000000000000 ) ) ;
#200 = ORIENTED_EDGE ( 'NONE', *, *, #1951, .T. ) ;
#201 =( NAMED_UNIT ( * ) PLANE_ANGLE_UNIT ( ) SI_UNIT ( $, .RADIAN. ) );
#202 = CARTESIAN_POINT ( 'NONE',  ( -0.7500000000000001110, -0.2988328894475798525, 5.932910093777678640 ) ) ;
#203 = CARTESIAN_POINT ( 'NONE',  ( -0.6785254037844380415, -1.175240473580833722, 3.520833333333332593 ) ) ;
#204 = CARTESIAN_POINT ( 'NONE',  ( -1.763300807568877859, 1.329739878991918111E-16, 2.140625000000000444 ) ) ;
#205 = CARTESIAN_POINT ( 'NONE',  ( -1.017788105676656674, 0.5876202367904170831, 1.395833333333333037 ) ) ;
#206 = CARTESIAN_POINT ( 'NONE',  ( 1.017788105676657118, 0.5876202367904160839, 4.666666666666666075 ) ) ;
#207 =( BOUNDED_CURVE ( )  B_SPLINE_CURVE ( 2, ( #3750, #2973, #4207, #4579, #2169, #3536, #2197 ),
 .UNSPECIFIED., .F., .F. ) 
 B_SPLINE_CURVE_WITH_KNOTS ( ( 3, 2, 2, 3 ),
 ( 0.5148285077993182135, 0.5210013473054910804, 0.5271741868116638363, 0.5333470263178367032 ),
 .UNSPECIFIED. ) 
 CURVE ( )  GEOMETRIC_REPRESENTATION_ITEM ( )  RATIONAL_B_SPLINE_CURVE ( ( 1.000000000000000000, 0.8660254037844387076, 1.000000000000000000, 0.8660254037844387076, 1.000000000000000000, 0.8660254037844387076, 1.000000000000000000 ) ) 
 REPRESENTATION_ITEM ( '' )  );
#208 = VERTEX_POINT ( 'NONE', #4943 ) ;
#209 = EDGE_CURVE ( 'NONE', #4619, #2842, #1030, .T. ) ;
#210 = CARTESIAN_POINT ( 'NONE',  ( -1.763300807568877859, 1.329739878991918111E-16, -5.859375000000000000 ) ) ;
#211 = AXIS2_PLACEMENT_3D ( 'NONE', #4448, #3273, #2363 ) ;
#212 = CARTESIAN_POINT ( 'NONE',  ( 0.8660254037844379305, -1.500000000000000222, 4.291666666666666075 ) ) ;
#213 = CARTESIAN_POINT ( 'NONE',  ( 0.6785254037844372643, -1.175240473580834166, 5.041666666666666963 ) ) ;
#214 = CARTESIAN_POINT ( 'NONE',  ( 1.357050807568875417, -2.242832357623997763E-16, 2.687499999999998668 ) ) ;
#215 = CARTESIAN_POINT ( 'NONE',  ( -0.6785254037844375974, 1.175240473580834166, 0.2916666666666657415 ) ) ;
#216 = CC_DESIGN_APPROVAL ( #2131, ( #713 ) ) ;
#217 = CARTESIAN_POINT ( 'NONE',  ( 1.299038105676658450, 0.7499999999999987788, -2.520833333333333037 ) ) ;
#218 = VERTEX_POINT ( 'NONE', #1242 ) ;
#219 = CARTESIAN_POINT ( 'NONE',  ( -1.299038105676657784, 0.7500000000000001110, 5.645833333333333037 ) ) ;
#220 = CARTESIAN_POINT ( 'NONE',  ( 1.322475605676659116, 0.7635316469341311141, -3.036458333333333481 ) ) ;
#221 = CARTESIAN_POINT ( 'NONE',  ( 0.6785254037844384856, 1.175240473580833722, -4.229166666666667851 ) ) ;
#222 = CARTESIAN_POINT ( 'NONE',  ( -1.017788105676656896, -0.5876202367904167501, -5.583333333333333037 ) ) ;
#223 = CARTESIAN_POINT ( 'NONE',  ( 0.000000000000000000, 1.499999999999999778, 1.499999999999999112 ) ) ;
#224 = CARTESIAN_POINT ( 'NONE',  ( 0.000000000000000000, 1.558265636316165435E-17, -5.549354535729332127 ) ) ;
#225 = ORIENTED_EDGE ( 'NONE', *, *, #3567, .T. ) ;
#226 = ADVANCED_FACE ( 'NONE', ( #4087 ), #2971, .T. ) ;
#227 = CARTESIAN_POINT ( 'NONE',  ( -0.8660254037844479225, -1.499999999999983569, -0.7291666666666667407 ) ) ;
#228 = CARTESIAN_POINT ( 'NONE',  ( 0.000000000000000000, 1.499999999999999778, -3.000000000000000444 ) ) ;
#229 = CARTESIAN_POINT ( 'NONE',  ( -0.6785254037844380415, -1.175240473580833722, 2.020833333333333037 ) ) ;
#230 = CARTESIAN_POINT ( 'NONE',  ( 0.8816504037844384856, -1.527063293868264893, 0.3072916666666666297 ) ) ;
#231 = CARTESIAN_POINT ( 'NONE',  ( 1.017788105676657118, 0.5876202367904160839, 0.2291666666666665741 ) ) ;
#232 = CARTESIAN_POINT ( 'NONE',  ( -0.8660254037844337116, 1.500000000000007550, 0.1041666666666663105 ) ) ;
#233 = DIRECTION ( 'NONE',  ( -0.000000000000000000, 3.457852702097173358E-17, 1.000000000000000000 ) ) ;
#234 = VERTEX_POINT ( 'NONE', #2455 ) ;
#235 = CARTESIAN_POINT ( 'NONE',  ( 0.000000000000000000, 1.527063293868264227, 0.04687500000000004163 ) ) ;
#236 = CARTESIAN_POINT ( 'NONE',  ( 0.8660254037844379305, -1.500000000000000222, -5.208333333333333925 ) ) ;
#237 =( BOUNDED_CURVE ( )  B_SPLINE_CURVE ( 2, ( #3411, #5062, #4612, #3354, #1793, #2524, #4586 ),
 .UNSPECIFIED., .F., .F. ) 
 B_SPLINE_CURVE_WITH_KNOTS ( ( 3, 2, 2, 3 ),
 ( 0.4963099892807996683, 0.5024828287869724797, 0.5086556682931453466, 0.5148285077993182135 ),
 .UNSPECIFIED. ) 
 CURVE ( )  GEOMETRIC_REPRESENTATION_ITEM ( )  RATIONAL_B_SPLINE_CURVE ( ( 1.000000000000000000, 0.8660254037844387076, 1.000000000000000000, 0.8660254037844387076, 1.000000000000000000, 0.8660254037844387076, 1.000000000000000000 ) ) 
 REPRESENTATION_ITEM ( '' )  );
#238 = CARTESIAN_POINT ( 'NONE',  ( -0.7500000000000001110, 0.4330127018922192428, 5.062500000000000000 ) ) ;
#239 = CARTESIAN_POINT ( 'NONE',  ( 0.000000000000000000, 1.175240473580833944, 3.249999999999999556 ) ) ;
#240 = EDGE_CURVE ( 'NONE', #3737, #4077, #4113, .T. ) ;
#241 = CARTESIAN_POINT ( 'NONE',  ( -1.017788105676656674, 0.5876202367904170831, -0.1666666666666674068 ) ) ;
#242 = LINE ( 'NONE', #2308, #2356 ) ;
#243 = ORIENTED_EDGE ( 'NONE', *, *, #3961, .T. ) ;
#244 = CARTESIAN_POINT ( 'NONE',  ( -1.870113174931183868E-16, -1.527063293868264227, -2.203125000000000000 ) ) ;
#245 = CARTESIAN_POINT ( 'NONE',  ( 1.357050807568875417, -2.242832357623997763E-16, -2.312500000000000444 ) ) ;
#246 = CARTESIAN_POINT ( 'NONE',  ( -1.357050807568875417, 1.080983497915110492E-16, -3.125000000000000888 ) ) ;
#247 = CARTESIAN_POINT ( 'NONE',  ( -1.299038105676658006, -0.7499999999999995559, 3.729166666666666519 ) ) ;
#248 = FACE_OUTER_BOUND ( 'NONE', #1639, .T. ) ;
#249 = ORIENTED_EDGE ( 'NONE', *, *, #3016, .F. ) ;
#250 = FACE_OUTER_BOUND ( 'NONE', #886, .T. ) ;
#251 = CARTESIAN_POINT ( 'NONE',  ( 1.357050807568875417, -2.242832357623997763E-16, 3.124999999999999112 ) ) ;
#252 = CARTESIAN_POINT ( 'NONE',  ( -1.357050807568875417, 1.080983497915110246E-16, 1.937500000000000000 ) ) ;
#253 = CARTESIAN_POINT ( 'NONE',  ( 0.8816504037844384856, -1.527063293868264893, 2.807291666666666519 ) ) ;
#254 = CARTESIAN_POINT ( 'NONE',  ( -0.6785254037844380415, -1.175240473580833944, 1.020833333333332815 ) ) ;
#255 = ORIENTED_EDGE ( 'NONE', *, *, #102, .F. ) ;
#256 = VERTEX_POINT ( 'NONE', #1268 ) ;
#257 = CARTESIAN_POINT ( 'NONE',  ( -0.8816504037844393737, -1.527063293868264005, -0.2447916666666666019 ) ) ;
#258 = EDGE_CURVE ( 'NONE', #2904, #2387, #4623, .T. ) ;
#259 = CARTESIAN_POINT ( 'NONE',  ( 0.8660254037844393737, 1.499999999999999334, -3.041666666666667407 ) ) ;
#260 = FACE_OUTER_BOUND ( 'NONE', #2175, .T. ) ;
#261 = CARTESIAN_POINT ( 'NONE',  ( 1.357050807568875417, -2.242832357623997763E-16, -5.375000000000000000 ) ) ;
#262 = CARTESIAN_POINT ( 'NONE',  ( -1.357050807568875417, 1.080983497915110492E-16, 4.374999999999999112 ) ) ;
#263 =( BOUNDED_CURVE ( )  B_SPLINE_CURVE ( 2, ( #758, #1560, #3228, #1209, #4885, #4832, #4432 ),
 .UNSPECIFIED., .F., .F. ) 
 B_SPLINE_CURVE_WITH_KNOTS ( ( 3, 2, 2, 3 ),
 ( 0.6629766559474663534, 0.6691494954536392203, 0.6753223349598119762, 0.6814951744659848432 ),
 .UNSPECIFIED. ) 
 CURVE ( )  GEOMETRIC_REPRESENTATION_ITEM ( )  RATIONAL_B_SPLINE_CURVE ( ( 1.000000000000000000, 0.8660254037844387076, 1.000000000000000000, 0.8660254037844387076, 1.000000000000000000, 0.8660254037844387076, 1.000000000000000000 ) ) 
 REPRESENTATION_ITEM ( '' )  );
#264 = CARTESIAN_POINT ( 'NONE',  ( -1.017788105676656674, 0.5876202367904170831, 0.3333333333333330373 ) ) ;
#265 = AXIS2_PLACEMENT_3D ( 'NONE', #5233, #2448, #5284 ) ;
#266 = EDGE_CURVE ( 'NONE', #2497, #1577, #865, .T. ) ;
#267 = DIRECTION ( 'NONE',  ( -0.000000000000000000, 3.457852702097173358E-17, 1.000000000000000000 ) ) ;
#268 = ORIENTED_EDGE ( 'NONE', *, *, #2054, .F. ) ;
#269 = CARTESIAN_POINT ( 'NONE',  ( -0.7500000000000000000, -0.4330127018922194648, 5.062500000000000000 ) ) ;
#270 = CARTESIAN_POINT ( 'NONE',  ( 1.322475605676658228, -0.7635316469341327794, -2.119791666666666519 ) ) ;
#271 = CARTESIAN_POINT ( 'NONE',  ( -0.6785254037844380415, -1.175240473580833944, -2.479166666666667407 ) ) ;
#272 = CARTESIAN_POINT ( 'NONE',  ( 0.000000000000000000, 1.499999999999999778, -0.4374999999999992228 ) ) ;
#273 = CARTESIAN_POINT ( 'NONE',  ( 0.000000000000000000, 1.558265636316165435E-17, -5.549354535729332127 ) ) ;
#274 = ORIENTED_EDGE ( 'NONE', *, *, #1434, .T. ) ;
#275 = COORDINATED_UNIVERSAL_TIME_OFFSET ( 6, 0, .BEHIND. ) ;
#276 = CARTESIAN_POINT ( 'NONE',  ( 1.299038105676658450, 0.7499999999999987788, 4.979166666666667851 ) ) ;
#277 = CARTESIAN_POINT ( 'NONE',  ( -1.836970198721029688E-16, -1.499999999999999778, -0.6874999999999995559 ) ) ;
#278 = CARTESIAN_POINT ( 'NONE',  ( 1.017788105676656452, -0.5876202367904175272, 2.583333333333333481 ) ) ;
#279 = CARTESIAN_POINT ( 'NONE',  ( 1.017788105676657118, 0.5876202367904160839, 1.729166666666665408 ) ) ;
#280 = CARTESIAN_POINT ( 'NONE',  ( 0.8816504037844398178, 1.527063293868264005, 3.473958333333332593 ) ) ;
#281 = CARTESIAN_POINT ( 'NONE',  ( -1.439254484199187653E-16, -1.175240473580833944, 3.562499999999999556 ) ) ;
#282 = CARTESIAN_POINT ( 'NONE',  ( -1.299038105676658006, -0.7499999999999995559, -3.270833333333333037 ) ) ;
#283 = ORIENTED_EDGE ( 'NONE', *, *, #3933, .F. ) ;
#284 = VERTEX_POINT ( 'NONE', #2049 ) ;
#285 = CARTESIAN_POINT ( 'NONE',  ( -1.322475605676658672, -0.7635316469341317802, -0.2864583333333330373 ) ) ;
#286 = CARTESIAN_POINT ( 'NONE',  ( -1.870113174931183868E-16, -1.527063293868264227, -5.234375000000000000 ) ) ;
#287 = CARTESIAN_POINT ( 'NONE',  ( -1.017788105676656896, -0.5876202367904167501, -5.020833333333333925 ) ) ;
#288 = ADVANCED_FACE ( 'NONE', ( #1188 ), #3826, .F. ) ;
#289 = CARTESIAN_POINT ( 'NONE',  ( -6.728126220799337396E-16, 0.8660254037844384856, 5.062500000000000000 ) ) ;
#290 = CARTESIAN_POINT ( 'NONE',  ( -1.836970198721029688E-16, -1.499999999999999778, 2.250000000000000000 ) ) ;
#291 = CARTESIAN_POINT ( 'NONE',  ( 0.6785254037844383745, 1.175240473580833500, -0.2916666666666675178 ) ) ;
#292 = FACE_OUTER_BOUND ( 'NONE', #2877, .T. ) ;
#293 = ORIENTED_EDGE ( 'NONE', *, *, #2272, .T. ) ;
#294 = DIRECTION ( 'NONE',  ( 0.000000000000000000, -1.000000000000000000, 0.000000000000000000 ) ) ;
#295 = CARTESIAN_POINT ( 'NONE',  ( -0.8816504037844393737, -1.527063293868264005, -4.244791666666665186 ) ) ;
#296 = CARTESIAN_POINT ( 'NONE',  ( 1.357050807568875417, -2.242832357623997763E-16, -1.312500000000000222 ) ) ;
#297 = CARTESIAN_POINT ( 'NONE',  ( 0.2625754900359861810, 1.373861912009032071, 5.913270955514208005 ) ) ;
#298 = DIRECTION ( 'NONE',  ( -0.000000000000000000, 3.457852702097173358E-17, 1.000000000000000000 ) ) ;
#299 = ORIENTED_EDGE ( 'NONE', *, *, #3400, .F. ) ;
#300 = VECTOR ( 'NONE', #2091, 999.9999999999998863 ) ;
#301 = CARTESIAN_POINT ( 'NONE',  ( 1.732050807568876971, -2.931696182144386422E-16, 4.937500000000000888 ) ) ;
#302 = CARTESIAN_POINT ( 'NONE',  ( -0.8660254037844383745, 1.499999999999999778, -2.958333333333333925 ) ) ;
#303 = CARTESIAN_POINT ( 'NONE',  ( -0.6785254037844380415, -1.175240473580833944, 0.9583333333333328152 ) ) ;
#304 = CARTESIAN_POINT ( 'NONE',  ( -1.439254484199187653E-16, -1.175240473580833944, 1.562499999999999556 ) ) ;
#305 = CARTESIAN_POINT ( 'NONE',  ( -1.322475605676658450, 0.7635316469341323353, 2.598958333333333481 ) ) ;
#306 = CARTESIAN_POINT ( 'NONE',  ( 1.357050807568875417, -2.242832357623997763E-16, 4.187499999999998224 ) ) ;
#307 = CARTESIAN_POINT ( 'NONE',  ( -1.836970198721029688E-16, -1.499999999999999778, 4.812500000000000000 ) ) ;
#308 = ORIENTED_EDGE ( 'NONE', *, *, #3899, .T. ) ;
#309 = CARTESIAN_POINT ( 'NONE',  ( -1.836970198721029688E-16, -1.499999999999999778, 3.812500000000000888 ) ) ;
#310 = CARTESIAN_POINT ( 'NONE',  ( 1.322475605676659116, 0.7635316469341311141, 0.4635416666666667962 ) ) ;
#311 = CARTESIAN_POINT ( 'NONE',  ( -1.322475605676658450, 0.7635316469341323353, -3.401041666666666963 ) ) ;
#312 = CARTESIAN_POINT ( 'NONE',  ( 1.357050807568875417, -2.242832357623997763E-16, -4.312500000000000000 ) ) ;
#313 = CARTESIAN_POINT ( 'NONE',  ( -0.6785254037844375974, 1.175240473580834166, -4.208333333333333925 ) ) ;
#314 = CARTESIAN_POINT ( 'NONE',  ( 1.357050807568875417, -2.242832357623997763E-16, 5.625000000000000000 ) ) ;
#315 = ADVANCED_FACE ( 'NONE', ( #813 ), #3691, .T. ) ;
#316 = CARTESIAN_POINT ( 'NONE',  ( -0.6785254037844380415, -1.175240473580833722, 1.958333333333332815 ) ) ;
#317 = CARTESIAN_POINT ( 'NONE',  ( -1.299038105676658006, -0.7499999999999995559, -4.833333333333334814 ) ) ;
#318 = ORIENTED_EDGE ( 'NONE', *, *, #2811, .F. ) ;
#319 = CARTESIAN_POINT ( 'NONE',  ( 1.322475605676659116, 0.7635316469341311141, -4.536458333333333037 ) ) ;
#320 = EDGE_CURVE ( 'NONE', #4193, #4409, #405, .T. ) ;
#321 = CARTESIAN_POINT ( 'NONE',  ( -1.357050807568875417, 1.080983497915110492E-16, -0.5625000000000004441 ) ) ;
#322 = CARTESIAN_POINT ( 'NONE',  ( 1.299038105676658672, 0.7499999999999987788, 3.916666666666665630 ) ) ;
#323 = EDGE_CURVE ( 'NONE', #4108, #3380, #3090, .T. ) ;
#324 = CIRCLE ( 'NONE', #4178, 0.7500000000000000000 ) ;
#325 = CARTESIAN_POINT ( 'NONE',  ( -0.8660254037844294928, 1.500000000000015543, 2.604166666666666963 ) ) ;
#326 = VERTEX_POINT ( 'NONE', #4990 ) ;
#327 = LINE ( 'NONE', #5176, #2028 ) ;
#328 = CARTESIAN_POINT ( 'NONE',  ( 1.299038105676658450, 0.7499999999999987788, -3.520833333333333037 ) ) ;
#329 = CARTESIAN_POINT ( 'NONE',  ( -0.6785254037844375974, 1.175240473580834166, 2.291666666666665630 ) ) ;
#330 = CARTESIAN_POINT ( 'NONE',  ( 1.017788105676656452, -0.5876202367904175272, 4.645833333333333037 ) ) ;
#331 = CARTESIAN_POINT ( 'NONE',  ( -0.8816504037844393737, -1.527063293868264005, 3.723958333333332593 ) ) ;
#332 = CARTESIAN_POINT ( 'NONE',  ( 0.000000000000000000, 1.175240473580833944, 3.812500000000000000 ) ) ;
#333 = DIRECTION ( 'NONE',  ( 0.000000000000000000, -1.000000000000000000, 0.000000000000000000 ) ) ;
#334 = EDGE_LOOP ( 'NONE', ( #3571, #3557, #3872, #596, #4913 ) ) ;
#335 = CARTESIAN_POINT ( 'NONE',  ( 0.6785254037844372643, -1.175240473580834166, -5.395833333333333925 ) ) ;
#336 = CARTESIAN_POINT ( 'NONE',  ( 1.322475605676658228, -0.7635316469341327794, -1.119791666666666519 ) ) ;
#337 = CARTESIAN_POINT ( 'NONE',  ( -1.322475605676658450, 0.7635316469341323353, -5.401041666666666963 ) ) ;
#338 = CARTESIAN_POINT ( 'NONE',  ( 0.000000000000000000, 1.175240473580833944, -5.687500000000000000 ) ) ;
#339 = CARTESIAN_POINT ( 'NONE',  ( -0.6785254037844380415, -1.175240473580833944, -3.041666666666666963 ) ) ;
#340 = CARTESIAN_POINT ( 'NONE',  ( -0.6785254037844380415, -1.175240473580833944, 5.458333333333333037 ) ) ;
#341 = CARTESIAN_POINT ( 'NONE',  ( -0.7500000000000000000, -0.4330127018922194648, 5.062500000000000000 ) ) ;
#342 = ORIENTED_EDGE ( 'NONE', *, *, #458, .F. ) ;
#343 = CARTESIAN_POINT ( 'NONE',  ( -1.017788105676656674, 0.5876202367904170831, -1.604166666666666963 ) ) ;
#344 = CARTESIAN_POINT ( 'NONE',  ( -0.8660254037844479225, -1.499999999999983569, 1.770833333333333037 ) ) ;
#345 = ORIENTED_EDGE ( 'NONE', *, *, #2291, .T. ) ;
#346 = EDGE_CURVE ( 'NONE', #3976, #3461, #5067, .T. ) ;
#347 = LINE ( 'NONE', #5151, #3152 ) ;
#348 = CARTESIAN_POINT ( 'NONE',  ( 0.000000000000000000, 1.499999999999999778, 1.999999999999999556 ) ) ;
#349 = CARTESIAN_POINT ( 'NONE',  ( 1.357050807568875417, -2.242832357623997763E-16, 5.124999999999999112 ) ) ;
#350 = CARTESIAN_POINT ( 'NONE',  ( -1.439254484199187653E-16, -1.175240473580833944, 4.562499999999999112 ) ) ;
#351 = CARTESIAN_POINT ( 'NONE',  ( 1.763300807568877859, -2.989101500854420495E-16, 2.890624999999999112 ) ) ;
#352 = CARTESIAN_POINT ( 'NONE',  ( -0.6785254037844375974, 1.175240473580834166, 2.854166666666666519 ) ) ;
#353 = DIRECTION ( 'NONE',  ( -0.000000000000000000, 3.457852702097173358E-17, 1.000000000000000000 ) ) ;
#354 = ORIENTED_EDGE ( 'NONE', *, *, #1262, .T. ) ;
#355 = DIRECTION ( 'NONE',  ( 0.000000000000000000, 0.000000000000000000, 1.000000000000000000 ) ) ;
#356 = CARTESIAN_POINT ( 'NONE',  ( 1.299038105676658450, 0.7499999999999987788, 3.979166666666667407 ) ) ;
#357 = CARTESIAN_POINT ( 'NONE',  ( 1.763300807568877859, -2.989101500854420495E-16, 1.421875000000000444 ) ) ;
#358 = CARTESIAN_POINT ( 'NONE',  ( -1.017788105676656674, 0.5876202367904170831, 5.895833333333333037 ) ) ;
#359 = CARTESIAN_POINT ( 'NONE',  ( 1.322475605676659116, 0.7635316469341311141, -5.567708333333333037 ) ) ;
#360 = CARTESIAN_POINT ( 'NONE',  ( 1.017788105676657118, 0.5876202367904160839, -4.270833333333333925 ) ) ;
#361 = EDGE_CURVE ( 'NONE', #1120, #5159, #4849, .T. ) ;
#362 = CARTESIAN_POINT ( 'NONE',  ( -0.6785254037844375974, 1.175240473580834166, -2.708333333333333925 ) ) ;
#363 = CARTESIAN_POINT ( 'NONE',  ( 0.000000000000000000, 1.175240473580833944, 5.750000000000000000 ) ) ;
#364 = CARTESIAN_POINT ( 'NONE',  ( 1.299038105676658450, 0.7499999999999987788, -1.020833333333332593 ) ) ;
#365 = VERTEX_POINT ( 'NONE', #2155 ) ;
#366 = CARTESIAN_POINT ( 'NONE',  ( 0.6785254037844384856, 1.175240473580833722, 1.770833333333332593 ) ) ;
#367 = CARTESIAN_POINT ( 'NONE',  ( -1.299038105676658006, -0.7499999999999995559, -2.333333333333333925 ) ) ;
#368 = CARTESIAN_POINT ( 'NONE',  ( 0.000000000000000000, -0.7500000000000000000, -6.000000000000000000 ) ) ;
#369 = ORIENTED_EDGE ( 'NONE', *, *, #5135, .T. ) ;
#370 = CARTESIAN_POINT ( 'NONE',  ( 1.357050807568875417, -2.242832357623997763E-16, 0.6249999999999997780 ) ) ;
#371 = CARTESIAN_POINT ( 'NONE',  ( -1.299038105676657784, 0.7500000000000001110, -0.3541666666666664076 ) ) ;
#372 = ORIENTED_EDGE ( 'NONE', *, *, #1101, .T. ) ;
#373 = CARTESIAN_POINT ( 'NONE',  ( -0.8660254037844383745, 1.499999999999999778, 0.5416666666666656305 ) ) ;
#374 = CARTESIAN_POINT ( 'NONE',  ( -1.017788105676656674, 0.5876202367904170831, 3.833333333333332593 ) ) ;
#375 = CARTESIAN_POINT ( 'NONE',  ( 1.017788105676656452, -0.5876202367904175272, 4.145833333333333037 ) ) ;
#376 = CARTESIAN_POINT ( 'NONE',  ( -1.870113174931183868E-16, -1.527063293868264227, 6.765624999999999112 ) ) ;
#377 = CARTESIAN_POINT ( 'NONE',  ( 1.017788105676657118, 0.5876202367904160839, 2.729166666666666075 ) ) ;
#378 = CARTESIAN_POINT ( 'NONE',  ( 0.8660254037844379305, -1.500000000000000222, -0.2083333333333341753 ) ) ;
#379 = ADVANCED_FACE ( 'NONE', ( #5042 ), #3134, .T. ) ;
#380 = EDGE_LOOP ( 'NONE', ( #1384, #3216, #1792, #1633 ) ) ;
#381 = CARTESIAN_POINT ( 'NONE',  ( 1.836970198721029688E-16, 1.499999999999999778, -5.549354535729332127 ) ) ;
#382 = DIRECTION ( 'NONE',  ( -0.000000000000000000, 3.457852702097173358E-17, 1.000000000000000000 ) ) ;
#383 = CARTESIAN_POINT ( 'NONE',  ( 1.322475605676659116, 0.7635316469341311141, 2.463541666666666963 ) ) ;
#384 = CARTESIAN_POINT ( 'NONE',  ( 0.7500000000000001110, -0.4330127018922189652, 5.062500000000000000 ) ) ;
#385 = CARTESIAN_POINT ( 'NONE',  ( 1.763300807568877859, -2.989101500854420495E-16, -5.609374999999999112 ) ) ;
#386 = CARTESIAN_POINT ( 'NONE',  ( -1.439254484199187653E-16, -1.175240473580833944, -5.437500000000000888 ) ) ;
#387 = CARTESIAN_POINT ( 'NONE',  ( 1.357050807568875417, -2.242832357623997763E-16, -4.375000000000000000 ) ) ;
#388 = CARTESIAN_POINT ( 'NONE',  ( -1.017788105676656674, 0.5876202367904170831, 5.833333333333333037 ) ) ;
#389 = CARTESIAN_POINT ( 'NONE',  ( 0.8660254037844393737, 1.499999999999999334, -4.041666666666667851 ) ) ;
#390 = ORIENTED_EDGE ( 'NONE', *, *, #1039, .F. ) ;
#391 = CARTESIAN_POINT ( 'NONE',  ( -0.6785254037844375974, 1.175240473580834166, 0.8541666666666662966 ) ) ;
#392 = LINE ( 'NONE', #2385, #1715 ) ;
#393 = CARTESIAN_POINT ( 'NONE',  ( -0.6785254037844375974, 1.175240473580834166, -5.208333333333333925 ) ) ;
#394 =( BOUNDED_CURVE ( )  B_SPLINE_CURVE ( 2, ( #3306, #4937, #4616, #4191, #5041, #513, #119 ),
 .UNSPECIFIED., .F., .F. ) 
 B_SPLINE_CURVE_WITH_KNOTS ( ( 3, 2, 2, 3 ),
 ( 0.5518655448363551930, 0.5580383843425280599, 0.5642112238487009268, 0.5703840633548737937 ),
 .UNSPECIFIED. ) 
 CURVE ( )  GEOMETRIC_REPRESENTATION_ITEM ( )  RATIONAL_B_SPLINE_CURVE ( ( 1.000000000000000000, 0.8660254037844387076, 1.000000000000000000, 0.8660254037844387076, 1.000000000000000000, 0.8660254037844387076, 1.000000000000000000 ) ) 
 REPRESENTATION_ITEM ( '' )  );
#395 = ORIENTED_EDGE ( 'NONE', *, *, #5106, .F. ) ;
#396 = CARTESIAN_POINT ( 'NONE',  ( 0.000000000000000000, 1.175240473580833944, 1.749999999999999778 ) ) ;
#397 = CARTESIAN_POINT ( 'NONE',  ( 0.000000000000000000, 1.558265636316165435E-17, -5.549354535729332127 ) ) ;
#398 = VERTEX_POINT ( 'NONE', #4671 ) ;
#399 = DIRECTION ( 'NONE',  ( -0.000000000000000000, 3.457852702097173358E-17, 1.000000000000000000 ) ) ;
#400 = VECTOR ( 'NONE', #3443, 1000.000000000000000 ) ;
#401 = CARTESIAN_POINT ( 'NONE',  ( 0.000000000000000000, 1.175240473580833944, 5.750000000000000000 ) ) ;
#402 = CARTESIAN_POINT ( 'NONE',  ( -1.763300807568877859, 1.329739878991918111E-16, 5.140624999999999112 ) ) ;
#403 = CARTESIAN_POINT ( 'NONE',  ( 1.017788105676657118, 0.5876202367904160839, 6.229166666666666075 ) ) ;
#404 = CARTESIAN_POINT ( 'NONE',  ( 0.000000000000000000, -1.499999999999999778, -5.549354535729332127 ) ) ;
#405 =( BOUNDED_CURVE ( )  B_SPLINE_CURVE ( 2, ( #2509, #2077, #2106, #2581, #68, #1688, #3359 ),
 .UNSPECIFIED., .F., .F. ) 
 B_SPLINE_CURVE_WITH_KNOTS ( ( 3, 2, 2, 3 ),
 ( 0.1814951744659848432, 0.1876680139721577101, 0.1938408534783304660, 0.2000136929845033329 ),
 .UNSPECIFIED. ) 
 CURVE ( )  GEOMETRIC_REPRESENTATION_ITEM ( )  RATIONAL_B_SPLINE_CURVE ( ( 1.000000000000000000, 0.8660254037844387076, 1.000000000000000000, 0.8660254037844387076, 1.000000000000000000, 0.8660254037844387076, 1.000000000000000000 ) ) 
 REPRESENTATION_ITEM ( '' )  );
#406 = VERTEX_POINT ( 'NONE', #3386 ) ;
#407 = CARTESIAN_POINT ( 'NONE',  ( -0.6785254037844375974, 1.175240473580834166, 6.354166666666666075 ) ) ;
#408 = CARTESIAN_POINT ( 'NONE',  ( 0.5473428397180173377, -1.235858870561402423, 5.936171252231773998 ) ) ;
#409 = CARTESIAN_POINT ( 'NONE',  ( -0.6785254037844375974, 1.175240473580834166, -2.208333333333333925 ) ) ;
#410 = CARTESIAN_POINT ( 'NONE',  ( 0.8816504037844384856, -1.527063293868264893, 2.838541666666666963 ) ) ;
#411 = CARTESIAN_POINT ( 'NONE',  ( 0.8660254037844379305, -1.500000000000000222, -1.208333333333334370 ) ) ;
#412 = CARTESIAN_POINT ( 'NONE',  ( 0.8816504037844398178, 1.527063293868264005, -1.026041666666667185 ) ) ;
#413 = CARTESIAN_POINT ( 'NONE',  ( 1.357050807568875417, -2.242832357623997763E-16, -1.812500000000000888 ) ) ;
#414 = CARTESIAN_POINT ( 'NONE',  ( -0.6785254037844375974, 1.175240473580834166, 1.791666666666665408 ) ) ;
#415 = EDGE_CURVE ( 'NONE', #3307, #2557, #1358, .T. ) ;
#416 = CARTESIAN_POINT ( 'NONE',  ( 0.6785254037844372643, -1.175240473580834166, -4.458333333333333037 ) ) ;
#417 = CARTESIAN_POINT ( 'NONE',  ( 1.293164717235977701, 0.2333739721727167427, -5.438706161331255728 ) ) ;
#418 = FACE_OUTER_BOUND ( 'NONE', #1210, .T. ) ;
#419 = ORIENTED_EDGE ( 'NONE', *, *, #4121, .F. ) ;
#420 = CARTESIAN_POINT ( 'NONE',  ( -0.6785254037844375974, 1.175240473580834166, 1.854166666666665408 ) ) ;
#421 = CARTESIAN_POINT ( 'NONE',  ( 0.9866629744750166076, 1.042753519922050787, 5.887197778167672979 ) ) ;
#422 = PLANE ( 'NONE',  #4490 ) ;
#423 = ADVANCED_FACE ( 'NONE', ( #2608 ), #1314, .T. ) ;
#424 = CARTESIAN_POINT ( 'NONE',  ( 1.017788105676656452, -0.5876202367904175272, 0.5833333333333323711 ) ) ;
#425 = CARTESIAN_POINT ( 'NONE',  ( 0.000000000000000000, 1.499999999999999778, -3.937500000000000000 ) ) ;
#426 = ORIENTED_EDGE ( 'NONE', *, *, #1758, .F. ) ;
#427 = CARTESIAN_POINT ( 'NONE',  ( -1.836970198721029688E-16, -1.499999999999999778, -1.750000000000001110 ) ) ;
#428 = CARTESIAN_POINT ( 'NONE',  ( -0.6785254037844380415, -1.175240473580833944, 5.958333333333333037 ) ) ;
#429 = CARTESIAN_POINT ( 'NONE',  ( -1.870113174931183868E-16, -1.527063293868264227, 5.765625000000000000 ) ) ;
#430 = CARTESIAN_POINT ( 'NONE',  ( -1.017788105676656896, -0.5876202367904167501, 4.979166666666666075 ) ) ;
#431 = CARTESIAN_POINT ( 'NONE',  ( -1.005423142705684558, -0.6979069233257907401, 5.999999999999999112 ) ) ;
#432 =( BOUNDED_CURVE ( )  B_SPLINE_CURVE ( 2, ( #1371, #3012, #4645, #2607, #247, #3922, #2234 ),
 .UNSPECIFIED., .F., .F. ) 
 B_SPLINE_CURVE_WITH_KNOTS ( ( 3, 2, 2, 3 ),
 ( 0.7407407407407405886, 0.7469135802469134555, 0.7530864197530862114, 0.7592592592592590783 ),
 .UNSPECIFIED. ) 
 CURVE ( )  GEOMETRIC_REPRESENTATION_ITEM ( )  RATIONAL_B_SPLINE_CURVE ( ( 1.000000000000002442, 0.8660254037844362651, 1.000000000000000000, 0.8660254037844387076, 1.000000000000000000, 0.8660254037844434816, 0.9999999999999952260 ) ) 
 REPRESENTATION_ITEM ( '' )  );
#433 = ORIENTED_EDGE ( 'NONE', *, *, #3630, .T. ) ;
#434 = CARTESIAN_POINT ( 'NONE',  ( 1.017788105676656452, -0.5876202367904175272, 5.645833333333332149 ) ) ;
#435 = CARTESIAN_POINT ( 'NONE',  ( 1.017788105676656452, -0.5876202367904175272, -4.354166666666666963 ) ) ;
#436 = AXIS2_PLACEMENT_3D ( 'NONE', #619, #593, #5094 ) ;
#437 = CARTESIAN_POINT ( 'NONE',  ( 1.017788105676656452, -0.5876202367904175272, -0.4166666666666676289 ) ) ;
#438 = CARTESIAN_POINT ( 'NONE',  ( 0.8816504037844398178, 1.527063293868264005, 1.505208333333333259 ) ) ;
#439 = CARTESIAN_POINT ( 'NONE',  ( 0.8816504037844384856, -1.527063293868264893, -0.6927083333333333703 ) ) ;
#440 = CARTESIAN_POINT ( 'NONE',  ( -0.6785254037844375974, 1.175240473580834166, -1.645833333333333259 ) ) ;
#441 = B_SPLINE_CURVE_WITH_KNOTS ( 'NONE', 3,
 ( #1940, #1457, #4329, #655, #3586, #5210 ),
 .UNSPECIFIED., .F., .F.,
 ( 4, 2, 4 ),
 ( 0.000000000000000000, 0.0004654413891209093000, 0.0009308827782418186000 ),
 .UNSPECIFIED. ) ;
#442 = CARTESIAN_POINT ( 'NONE',  ( 1.017788105676657118, 0.5876202367904160839, 3.166666666666666519 ) ) ;
#443 = CARTESIAN_POINT ( 'NONE',  ( 1.017788105676657118, 0.5876202367904160839, -1.270833333333333925 ) ) ;
#444 = CARTESIAN_POINT ( 'NONE',  ( -1.357050807568875417, 1.080983497915110492E-16, -1.125000000000000000 ) ) ;
#445 = CARTESIAN_POINT ( 'NONE',  ( 1.732050807568876971, -2.931696182144386422E-16, 0.9375000000000002220 ) ) ;
#446 = EDGE_CURVE ( 'NONE', #3672, #3353, #4245, .T. ) ;
#447 = CARTESIAN_POINT ( 'NONE',  ( -1.836970198721029688E-16, -1.499999999999999778, -1.187500000000000000 ) ) ;
#448 = CARTESIAN_POINT ( 'NONE',  ( -1.017788105676656674, 0.5876202367904170831, 1.395833333333333037 ) ) ;
#449 = CARTESIAN_POINT ( 'NONE',  ( 0.000000000000000000, 1.499999999999999778, 3.062500000000000000 ) ) ;
#450 = CARTESIAN_POINT ( 'NONE',  ( -1.017788105676656896, -0.5876202367904167501, -4.083333333333333925 ) ) ;
#451 = CARTESIAN_POINT ( 'NONE',  ( -1.836970198721029688E-16, -1.499999999999999778, 3.312500000000000444 ) ) ;
#452 = ORIENTED_EDGE ( 'NONE', *, *, #1704, .T. ) ;
#453 = DIRECTION ( 'NONE',  ( -0.000000000000000000, 3.457852702097173358E-17, 1.000000000000000000 ) ) ;
#454 = CARTESIAN_POINT ( 'NONE',  ( -0.6785254037844375974, 1.175240473580834166, 5.791666666666665186 ) ) ;
#455 = CARTESIAN_POINT ( 'NONE',  ( -1.870113174931183868E-16, -1.527063293868264227, 5.265624999999999112 ) ) ;
#456 = CARTESIAN_POINT ( 'NONE',  ( -1.439254484199187653E-16, -1.175240473580833944, 5.562500000000000000 ) ) ;
#457 = CARTESIAN_POINT ( 'NONE',  ( -1.192411675583560537, 0.08004048258243787184, -5.558787263276927959 ) ) ;
#458 = EDGE_CURVE ( 'NONE', #172, #3763, #2129, .T. ) ;
#459 = AXIS2_PLACEMENT_3D ( 'NONE', #1424, #298, #1048 ) ;
#460 = VERTEX_POINT ( 'NONE', #3014 ) ;
#461 = CARTESIAN_POINT ( 'NONE',  ( 1.017788105676657118, 0.5876202367904160839, 5.729166666666665186 ) ) ;
#462 = CARTESIAN_POINT ( 'NONE',  ( 1.357050807568875417, -2.242832357623997763E-16, -4.312500000000000000 ) ) ;
#463 = CARTESIAN_POINT ( 'NONE',  ( 0.6785254037844372643, -1.175240473580834166, -2.458333333333333481 ) ) ;
#464 = CARTESIAN_POINT ( 'NONE',  ( -1.763300807568877859, 1.329739878991918111E-16, 2.671875000000000000 ) ) ;
#465 =( BOUNDED_CURVE ( )  B_SPLINE_CURVE ( 2, ( #2264, #4699, #998, #122, #4649, #2610, #4621 ),
 .UNSPECIFIED., .F., .F. ) 
 B_SPLINE_CURVE_WITH_KNOTS ( ( 3, 2, 2, 3 ),
 ( 0.6444581374289477527, 0.6506309769351206196, 0.6568038164412934865, 0.6629766559474663534 ),
 .UNSPECIFIED. ) 
 CURVE ( )  GEOMETRIC_REPRESENTATION_ITEM ( )  RATIONAL_B_SPLINE_CURVE ( ( 1.000000000000000000, 0.8660254037844387076, 1.000000000000000000, 0.8660254037844387076, 1.000000000000000000, 0.8660254037844387076, 1.000000000000000000 ) ) 
 REPRESENTATION_ITEM ( '' )  );
#466 = CARTESIAN_POINT ( 'NONE',  ( -1.050943903833174931, -1.070288237343514082, -5.250000000000007994 ) ) ;
#467 = CARTESIAN_POINT ( 'NONE',  ( 0.8816504037844384856, -1.527063293868264893, -1.192708333333333925 ) ) ;
#468 = CARTESIAN_POINT ( 'NONE',  ( -1.017788105676656896, -0.5876202367904167501, -2.020833333333333481 ) ) ;
#469 = CARTESIAN_POINT ( 'NONE',  ( 0.000000000000000000, 1.558265636316165435E-17, -5.549354535729332127 ) ) ;
#470 = CARTESIAN_POINT ( 'NONE',  ( -1.017788105676656674, 0.5876202367904170831, 0.8333333333333325932 ) ) ;
#471 = CARTESIAN_POINT ( 'NONE',  ( -1.357050807568875417, 1.080983497915110246E-16, -2.562500000000000444 ) ) ;
#472 = LOCAL_TIME ( 7, 20, 18.00000000000000000, #3579 ) ;
#473 = CARTESIAN_POINT ( 'NONE',  ( 0.6785254037844372643, -1.175240473580834166, 0.04166666666666641455 ) ) ;
#474 = CARTESIAN_POINT ( 'NONE',  ( 0.7993069299526120997, -0.9746982147242063688, -5.492332136473410564 ) ) ;
#475 = DIRECTION ( 'NONE',  ( 0.000000000000000000, -1.000000000000000000, 0.000000000000000000 ) ) ;
#476 = CARTESIAN_POINT ( 'NONE',  ( -1.017788105676656674, 0.5876202367904170831, -0.1041666666666673374 ) ) ;
#477 = CARTESIAN_POINT ( 'NONE',  ( -0.8660254037844523634, -1.499999999999975797, -1.229166666666667407 ) ) ;
#478 = ADVANCED_FACE ( 'NONE', ( #3762 ), #4218, .T. ) ;
#479 = CARTESIAN_POINT ( 'NONE',  ( 0.6785254037844383745, 1.175240473580833500, -4.291666666666667851 ) ) ;
#480 = ADVANCED_FACE ( 'NONE', ( #4192 ), #514, .T. ) ;
#481 = ADVANCED_FACE ( 'NONE', ( #4273 ), #1315, .F. ) ;
#482 = CARTESIAN_POINT ( 'NONE',  ( -1.836970198721029688E-16, -1.499999999999999778, -3.687500000000000000 ) ) ;
#483 = ORIENTED_EDGE ( 'NONE', *, *, #3400, .T. ) ;
#484 = LINE ( 'NONE', #2603, #2301 ) ;
#485 = CARTESIAN_POINT ( 'NONE',  ( -0.8816504037844393737, -1.527063293868264005, -6.244791666666666963 ) ) ;
#486 = CARTESIAN_POINT ( 'NONE',  ( 1.322475605676658228, -0.7635316469341327794, 5.348958333333332149 ) ) ;
#487 = CARTESIAN_POINT ( 'NONE',  ( 1.357050807568875417, -2.242832357623997763E-16, 6.687499999999999112 ) ) ;
#488 = CARTESIAN_POINT ( 'NONE',  ( -1.299038105676658006, -0.7499999999999995559, 1.166666666666666297 ) ) ;
#489 = CARTESIAN_POINT ( 'NONE',  ( 0.8660254037844440367, 1.499999999999991562, -2.979166666666668295 ) ) ;
#490 = VERTEX_POINT ( 'NONE', #3113 ) ;
#491 = APPLICATION_PROTOCOL_DEFINITION ( 'international standard', 'config_control_design', 1994, #2913 ) ;
#492 = AXIS2_PLACEMENT_3D ( 'NONE', #2871, #753, #3250 ) ;
#493 = CARTESIAN_POINT ( 'NONE',  ( -1.017788105676656896, -0.5876202367904167501, -2.083333333333333925 ) ) ;
#494 = CARTESIAN_POINT ( 'NONE',  ( -1.763300807568877859, 1.329739878991918111E-16, 4.171874999999999112 ) ) ;
#495 = CARTESIAN_POINT ( 'NONE',  ( -1.357050807568875417, 1.080983497915110246E-16, 0.9374999999999991118 ) ) ;
#496 = CARTESIAN_POINT ( 'NONE',  ( -1.763300807568877859, 1.329739878991918111E-16, -1.359375000000000444 ) ) ;
#497 = CARTESIAN_POINT ( 'NONE',  ( 1.017788105676657118, 0.5876202367904160839, -2.270833333333333925 ) ) ;
#498 = CARTESIAN_POINT ( 'NONE',  ( 0.000000000000000000, 1.499999999999999778, 0.9999999999999995559 ) ) ;
#499 = CARTESIAN_POINT ( 'NONE',  ( 1.017788105676656452, -0.5876202367904175272, 3.083333333333332149 ) ) ;
#500 = CARTESIAN_POINT ( 'NONE',  ( 0.6785254037844383745, 1.175240473580833500, -2.229166666666667407 ) ) ;
#501 = CARTESIAN_POINT ( 'NONE',  ( 1.017788105676657118, 0.5876202367904160839, -1.833333333333333481 ) ) ;
#502 = CARTESIAN_POINT ( 'NONE',  ( 1.304161855811973858, -0.1075712477179228133, -5.452460652975153366 ) ) ;
#503 = FACE_OUTER_BOUND ( 'NONE', #879, .T. ) ;
#504 = CARTESIAN_POINT ( 'NONE',  ( -1.357050807568875417, 1.080983497915110492E-16, 2.937499999999998668 ) ) ;
#505 = CARTESIAN_POINT ( 'NONE',  ( -1.299038105676657784, 0.7500000000000001110, 1.145833333333333925 ) ) ;
#506 = CARTESIAN_POINT ( 'NONE',  ( -0.6785254037844380415, -1.175240473580833722, -2.541666666666667407 ) ) ;
#507 = CARTESIAN_POINT ( 'NONE',  ( 0.000000000000000000, 1.499999999999999778, 1.062500000000000222 ) ) ;
#508 = ORIENTED_EDGE ( 'NONE', *, *, #4415, .F. ) ;
#509 = DIRECTION ( 'NONE',  ( 0.000000000000000000, -1.000000000000000000, 0.000000000000000000 ) ) ;
#510 = CARTESIAN_POINT ( 'NONE',  ( 0.8816504037844384856, -1.527063293868264893, -5.161458333333333037 ) ) ;
#511 = CARTESIAN_POINT ( 'NONE',  ( 0.6785254037844372643, -1.175240473580834166, -4.895833333333333037 ) ) ;
#512 = CARTESIAN_POINT ( 'NONE',  ( -0.6785254037844380415, -1.175240473580833944, 6.520833333333333037 ) ) ;
#513 = CARTESIAN_POINT ( 'NONE',  ( -0.8660254037844383745, 1.499999999999999778, -0.4583333333333343695 ) ) ;
#514 = CYLINDRICAL_SURFACE ( 'NONE', #4574, 1.499999999999999778 ) ;
#515 = ORIENTED_EDGE ( 'NONE', *, *, #2192, .F. ) ;
#516 = ADVANCED_FACE ( 'NONE', ( #4346 ), #2740, .T. ) ;
#517 = FACE_OUTER_BOUND ( 'NONE', #1468, .T. ) ;
#518 = CARTESIAN_POINT ( 'NONE',  ( 0.000000000000000000, 1.527063293868264227, 5.046875000000000000 ) ) ;
#519 = CARTESIAN_POINT ( 'NONE',  ( -1.017788105676656674, 0.5876202367904170831, 0.8958333333333327042 ) ) ;
#520 = CARTESIAN_POINT ( 'NONE',  ( -1.322475605676658450, 0.7635316469341323353, -1.901041666666667185 ) ) ;
#521 = CARTESIAN_POINT ( 'NONE',  ( 0.6785254037844384856, 1.175240473580833722, -3.229166666666667407 ) ) ;
#522 = CARTESIAN_POINT ( 'NONE',  ( 1.299038105676657562, -0.7500000000000005551, -2.104166666666666075 ) ) ;
#523 = CARTESIAN_POINT ( 'NONE',  ( -1.357050807568875417, 1.080983497915110246E-16, 4.374999999999999112 ) ) ;
#524 = VECTOR ( 'NONE', #4182, 1000.000000000000000 ) ;
#525 = CARTESIAN_POINT ( 'NONE',  ( -0.6785254037844375974, 1.175240473580834166, -2.145833333333333925 ) ) ;
#526 = CARTESIAN_POINT ( 'NONE',  ( -1.357050807568875417, 1.080983497915110492E-16, 0.3749999999999994449 ) ) ;
#527 = CARTESIAN_POINT ( 'NONE',  ( 0.7500000000000001110, -0.4330127018922189652, 5.062500000000000000 ) ) ;
#528 = CARTESIAN_POINT ( 'NONE',  ( -0.6785254037844380415, -1.175240473580833944, 0.9583333333333328152 ) ) ;
#529 = CARTESIAN_POINT ( 'NONE',  ( 0.000000000000000000, 1.499999999999999778, 2.999999999999998668 ) ) ;
#530 = CARTESIAN_POINT ( 'NONE',  ( 0.6785254037844372643, -1.175240473580834166, 4.604166666666666075 ) ) ;
#531 = DIRECTION ( 'NONE',  ( 1.000000000000000000, 0.000000000000000000, 0.000000000000000000 ) ) ;
#532 = CARTESIAN_POINT ( 'NONE',  ( -0.6785254037844375974, 1.175240473580834166, -3.208333333333333925 ) ) ;
#533 = DIRECTION ( 'NONE',  ( 0.000000000000000000, -3.457852702097173358E-17, -1.000000000000000000 ) ) ;
#534 = ORIENTED_EDGE ( 'NONE', *, *, #209, .T. ) ;
#535 = CARTESIAN_POINT ( 'NONE',  ( 0.000000000000000000, 1.558265636316165435E-17, -5.549354535729332127 ) ) ;
#536 = CARTESIAN_POINT ( 'NONE',  ( -0.6785254037844380415, -1.175240473580833944, 6.458333333333333925 ) ) ;
#537 = CARTESIAN_POINT ( 'NONE',  ( 1.357050807568875417, -2.242832357623997763E-16, -4.812500000000000888 ) ) ;
#538 = CARTESIAN_POINT ( 'NONE',  ( -0.6785254037844375974, 1.175240473580834166, -3.708333333333333925 ) ) ;
#539 = CARTESIAN_POINT ( 'NONE',  ( 1.299038105676657562, -0.7500000000000005551, 1.395833333333333481 ) ) ;
#540 = ORIENTED_EDGE ( 'NONE', *, *, #1828, .F. ) ;
#541 = CARTESIAN_POINT ( 'NONE',  ( 0.000000000000000000, 1.499999999999999778, -0.5000000000000007772 ) ) ;
#542 = CARTESIAN_POINT ( 'NONE',  ( 0.000000000000000000, 1.499999999999999778, 3.062500000000000000 ) ) ;
#543 = CARTESIAN_POINT ( 'NONE',  ( 0.000000000000000000, 1.527063293868264227, 5.546875000000000888 ) ) ;
#544 = CARTESIAN_POINT ( 'NONE',  ( 1.357050807568875417, -2.242832357623997763E-16, 0.1874999999999993061 ) ) ;
#545 = CARTESIAN_POINT ( 'NONE',  ( 0.000000000000000000, 1.527063293868264227, 0.01562500000000001388 ) ) ;
#546 = CARTESIAN_POINT ( 'NONE',  ( 0.6785254037844384856, 1.175240473580833722, 0.7708333333333325932 ) ) ;
#547 = CARTESIAN_POINT ( 'NONE',  ( 1.299038105676657562, -0.7500000000000005551, -2.166666666666667407 ) ) ;
#548 = ADVANCED_FACE ( 'NONE', ( #248 ), #1879, .T. ) ;
#549 = CARTESIAN_POINT ( 'NONE',  ( -1.017788105676656674, 0.5876202367904170831, 4.333333333333333037 ) ) ;
#550 = CARTESIAN_POINT ( 'NONE',  ( -1.439254484199187653E-16, -1.175240473580833944, -2.437500000000000444 ) ) ;
#551 = CC_DESIGN_PERSON_AND_ORGANIZATION_ASSIGNMENT ( #3522, #1932, ( #3213 ) ) ;
#552 = CARTESIAN_POINT ( 'NONE',  ( 0.6785254037844372643, -1.175240473580834166, -0.4583333333333340920 ) ) ;
#553 = ADVANCED_FACE ( 'NONE', ( #2314 ), #697, .T. ) ;
#554 = CARTESIAN_POINT ( 'NONE',  ( 1.206396406096494234, -0.8914077133149914678, 5.824948115447572405 ) ) ;
#555 = CONICAL_SURFACE ( 'NONE', #2273, 0.8660254037844385966, 0.7853981633974500554 ) ;
#556 = CARTESIAN_POINT ( 'NONE',  ( 1.357050807568875417, -2.242832357623997763E-16, 1.124999999999999334 ) ) ;
#557 = CARTESIAN_POINT ( 'NONE',  ( -1.439254484199187653E-16, -1.175240473580833944, 3.062499999999999112 ) ) ;
#558 = CARTESIAN_POINT ( 'NONE',  ( 0.000000000000000000, 1.499999999999999778, 4.499999999999999112 ) ) ;
#559 = CARTESIAN_POINT ( 'NONE',  ( -0.6785254037844375974, 1.175240473580834166, -2.208333333333333925 ) ) ;
#560 = DIRECTION ( 'NONE',  ( 0.8660254037844385966, 0.5000000000000000000, 0.000000000000000000 ) ) ;
#561 = ORIENTED_EDGE ( 'NONE', *, *, #323, .T. ) ;
#562 = DIRECTION ( 'NONE',  ( -0.000000000000000000, 3.457852702097173358E-17, 1.000000000000000000 ) ) ;
#563 = CARTESIAN_POINT ( 'NONE',  ( -1.357050807568875417, 1.080983497915110492E-16, 6.374999999999999112 ) ) ;
#564 = CARTESIAN_POINT ( 'NONE',  ( -1.439254484199187653E-16, -1.175240473580833944, -5.437500000000000888 ) ) ;
#565 = CARTESIAN_POINT ( 'NONE',  ( -1.439254484199187653E-16, -1.175240473580833944, -4.500000000000000888 ) ) ;
#566 = DIRECTION ( 'NONE',  ( 0.000000000000000000, -1.000000000000000000, 0.000000000000000000 ) ) ;
#567 = CARTESIAN_POINT ( 'NONE',  ( -0.7500000000000001110, 0.4330127018922192428, 5.062500000000000000 ) ) ;
#568 = ORIENTED_EDGE ( 'NONE', *, *, #4333, .T. ) ;
#569 = APPLICATION_PROTOCOL_DEFINITION ( 'international standard', 'config_control_design', 1994, #2361 ) ;
#570 = CARTESIAN_POINT ( 'NONE',  ( -1.836970198721029688E-16, -1.499999999999999778, -2.750000000000000888 ) ) ;
#571 = CARTESIAN_POINT ( 'NONE',  ( -1.322475605676658450, 0.7635316469341323353, 6.130208333333333925 ) ) ;
#572 = CARTESIAN_POINT ( 'NONE',  ( -1.017788105676656896, -0.5876202367904167501, 0.4791666666666659635 ) ) ;
#573 = CARTESIAN_POINT ( 'NONE',  ( -0.8816504037844393737, -1.527063293868264005, 2.223958333333333037 ) ) ;
#574 = CARTESIAN_POINT ( 'NONE',  ( 0.6785254037844384856, 1.175240473580833722, 1.270833333333333037 ) ) ;
#575 = CARTESIAN_POINT ( 'NONE',  ( 1.836970198721029688E-16, 1.499999999999999778, -5.549354535729332127 ) ) ;
#576 = CARTESIAN_POINT ( 'NONE',  ( 1.017788105676657118, 0.5876202367904160839, 5.166666666666666963 ) ) ;
#577 = ORIENTED_EDGE ( 'NONE', *, *, #2843, .T. ) ;
#578 = ORIENTED_EDGE ( 'NONE', *, *, #1364, .T. ) ;
#579 = CARTESIAN_POINT ( 'NONE',  ( 0.000000000000000000, 1.499999999999999778, 2.499999999999998224 ) ) ;
#580 = VECTOR ( 'NONE', #2692, 1000.000000000000000 ) ;
#581 = CARTESIAN_POINT ( 'NONE',  ( -1.017788105676656674, 0.5876202367904170831, -4.666666666666666963 ) ) ;
#582 = CARTESIAN_POINT ( 'NONE',  ( -1.017788105676656896, -0.5876202367904167501, 3.916666666666665630 ) ) ;
#583 = EDGE_CURVE ( 'NONE', #762, #2673, #1074, .T. ) ;
#584 = FACE_OUTER_BOUND ( 'NONE', #4020, .T. ) ;
#585 = CARTESIAN_POINT ( 'NONE',  ( 1.017788105676657118, 0.5876202367904160839, 2.229166666666665630 ) ) ;
#586 = CARTESIAN_POINT ( 'NONE',  ( 0.6785254037844383745, 1.175240473580833500, -1.791666666666666963 ) ) ;
#587 = CARTESIAN_POINT ( 'NONE',  ( 0.8660254037844291597, -1.500000000000016209, 4.354166666666666963 ) ) ;
#588 = VERTEX_POINT ( 'NONE', #1853 ) ;
#589 = CARTESIAN_POINT ( 'NONE',  ( -1.299038105676658006, -0.7499999999999995559, 5.229166666666666963 ) ) ;
#590 = CARTESIAN_POINT ( 'NONE',  ( 0.000000000000000000, 1.527063293868264227, -5.953125000000000000 ) ) ;
#591 = CARTESIAN_POINT ( 'NONE',  ( -0.6785254037844375974, 1.175240473580834166, -5.645833333333333925 ) ) ;
#592 = CARTESIAN_POINT ( 'NONE',  ( -1.017788105676656674, 0.5876202367904170831, -5.666666666666666963 ) ) ;
#593 = DIRECTION ( 'NONE',  ( 0.000000000000000000, 0.000000000000000000, 1.000000000000000000 ) ) ;
#594 = LINE ( 'NONE', #2235, #2086 ) ;
#595 = ADVANCED_FACE ( 'NONE', ( #4697 ), #3949, .T. ) ;
#596 = ORIENTED_EDGE ( 'NONE', *, *, #4348, .T. ) ;
#597 = CARTESIAN_POINT ( 'NONE',  ( -1.836970198721029688E-16, -1.499999999999999778, -0.1874999999999998612 ) ) ;
#598 = CARTESIAN_POINT ( 'NONE',  ( -1.299038105676658006, -0.7499999999999995559, -2.833333333333333925 ) ) ;
#599 = CARTESIAN_POINT ( 'NONE',  ( 0.6785254037844383745, 1.175240473580833500, 0.7708333333333325932 ) ) ;
#600 = CARTESIAN_POINT ( 'NONE',  ( -1.322475605676658672, -0.7635316469341317802, 1.182291666666666519 ) ) ;
#601 = CARTESIAN_POINT ( 'NONE',  ( -1.017788105676656674, 0.5876202367904170831, 0.3958333333333330928 ) ) ;
#602 = CARTESIAN_POINT ( 'NONE',  ( -0.8660254037844383745, 1.499999999999999778, 3.041666666666666519 ) ) ;
#603 = CARTESIAN_POINT ( 'NONE',  ( -0.6785254037844380415, -1.175240473580833722, 4.458333333333333037 ) ) ;
#604 = ORIENTED_EDGE ( 'NONE', *, *, #1895, .T. ) ;
#605 = EDGE_LOOP ( 'NONE', ( #1989, #4503, #4274 ) ) ;
#606 = CARTESIAN_POINT ( 'NONE',  ( 0.000000000000000000, -1.500000000000000000, -5.250000000000007994 ) ) ;
#607 =( BOUNDED_CURVE ( )  B_SPLINE_CURVE ( 2, ( #1235, #2875, #4511, #833, #2476, #4107, #177 ),
 .UNSPECIFIED., .F., .F. ) 
 B_SPLINE_CURVE_WITH_KNOTS ( ( 3, 2, 2, 3 ),
 ( 0.2740877670585774029, 0.2802606065647502698, 0.2864334460709231367, 0.2926062855770958926 ),
 .UNSPECIFIED. ) 
 CURVE ( )  GEOMETRIC_REPRESENTATION_ITEM ( )  RATIONAL_B_SPLINE_CURVE ( ( 1.000000000000000000, 0.8660254037844387076, 1.000000000000000000, 0.8660254037844387076, 1.000000000000000000, 0.8660254037844387076, 1.000000000000000000 ) ) 
 REPRESENTATION_ITEM ( '' )  );
#608 = CARTESIAN_POINT ( 'NONE',  ( -0.6785254037844380415, -1.175240473580833944, -5.041666666666666963 ) ) ;
#609 = CARTESIAN_POINT ( 'NONE',  ( -1.017788105676656896, -0.5876202367904167501, 4.916666666666666075 ) ) ;
#610 = CARTESIAN_POINT ( 'NONE',  ( -1.357050807568875417, 1.080983497915110492E-16, 4.437499999999998224 ) ) ;
#611 = ADVANCED_FACE ( 'NONE', ( #2689 ), #1022, .T. ) ;
#612 = CARTESIAN_POINT ( 'NONE',  ( 0.6785254037844383745, 1.175240473580833500, 0.2083333333333329540 ) ) ;
#613 = CARTESIAN_POINT ( 'NONE',  ( -1.299038105676657784, 0.7500000000000001110, -2.354166666666666519 ) ) ;
#614 = ORIENTED_EDGE ( 'NONE', *, *, #622, .F. ) ;
#615 = CARTESIAN_POINT ( 'NONE',  ( 0.000000000000000000, 1.499999999999999778, 5.062500000000000000 ) ) ;
#616 = CARTESIAN_POINT ( 'NONE',  ( -1.763300807568877859, 1.329739878991918111E-16, -2.328124999999999556 ) ) ;
#617 = CARTESIAN_POINT ( 'NONE',  ( -0.6785254037844375974, 1.175240473580834166, -5.145833333333333925 ) ) ;
#618 = CARTESIAN_POINT ( 'NONE',  ( -1.017788105676656674, 0.5876202367904170831, -4.666666666666666963 ) ) ;
#619 = CARTESIAN_POINT ( 'NONE',  ( 0.000000000000000000, -1.336911000032896764E-15, 6.000000000000000000 ) ) ;
#620 = ORIENTED_EDGE ( 'NONE', *, *, #3666, .F. ) ;
#621 = CALENDAR_DATE ( 2026, 8, 1 ) ;
#622 = EDGE_CURVE ( 'NONE', #1410, #2904, #3560, .T. ) ;
#623 = CARTESIAN_POINT ( 'NONE',  ( -1.836970198721029688E-16, -1.499999999999999778, 4.749999999999999112 ) ) ;
#624 = CARTESIAN_POINT ( 'NONE',  ( -1.160172953537039309, -1.044648086643130691, 6.728882464962202548 ) ) ;
#625 = CARTESIAN_POINT ( 'NONE',  ( 1.357050807568875417, -2.242832357623997763E-16, 2.687499999999999112 ) ) ;
#626 = CARTESIAN_POINT ( 'NONE',  ( 1.763300807568877859, -2.989101500854420495E-16, 0.8906250000000001110 ) ) ;
#627 = CARTESIAN_POINT ( 'NONE',  ( -1.017788105676656674, 0.5876202367904170831, 1.895833333333332593 ) ) ;
#628 = DIRECTION ( 'NONE',  ( -0.000000000000000000, 3.457852702097173358E-17, 1.000000000000000000 ) ) ;
#629 = CARTESIAN_POINT ( 'NONE',  ( 1.357050807568875417, -2.242832357623997763E-16, 5.625000000000000000 ) ) ;
#630 = ORIENTED_EDGE ( 'NONE', *, *, #3668, .F. ) ;
#631 = CARTESIAN_POINT ( 'NONE',  ( -1.763300807568877859, 1.329739878991918111E-16, 0.6718749999999996669 ) ) ;
#632 = CARTESIAN_POINT ( 'NONE',  ( -1.299038105676657784, 0.7500000000000001110, -4.354166666666666075 ) ) ;
#633 = AXIS2_PLACEMENT_3D ( 'NONE', #4972, #949, #2995 ) ;
#634 = DIRECTION ( 'NONE',  ( -0.8660254037844384856, -0.5000000000000002220, 0.000000000000000000 ) ) ;
#635 = CARTESIAN_POINT ( 'NONE',  ( 1.357050807568875417, -2.242832357623997763E-16, 4.624999999999999112 ) ) ;
#636 =( BOUNDED_CURVE ( )  B_SPLINE_CURVE ( 2, ( #3272, #4447, #367, #725, #2408, #3620, #4500 ),
 .UNSPECIFIED., .F., .F. ) 
 B_SPLINE_CURVE_WITH_KNOTS ( ( 3, 2, 2, 3 ),
 ( 0.7000136929845033329, 0.7061865324906761998, 0.7123593719968490667, 0.7185322115030219337 ),
 .UNSPECIFIED. ) 
 CURVE ( )  GEOMETRIC_REPRESENTATION_ITEM ( )  RATIONAL_B_SPLINE_CURVE ( ( 1.000000000000000000, 0.8660254037844387076, 1.000000000000000000, 0.8660254037844387076, 1.000000000000000000, 0.8660254037844387076, 1.000000000000000000 ) ) 
 REPRESENTATION_ITEM ( '' )  );
#637 = CARTESIAN_POINT ( 'NONE',  ( 0.6785254037844372643, -1.175240473580834166, 5.104166666666666075 ) ) ;
#638 = CARTESIAN_POINT ( 'NONE',  ( 0.6785254037844372643, -1.175240473580834166, -1.958333333333333925 ) ) ;
#639 = CARTESIAN_POINT ( 'NONE',  ( 0.000000000000000000, 1.499999999999999778, -5.000000000000000888 ) ) ;
#640 = EDGE_LOOP ( 'NONE', ( #990, #4419 ) ) ;
#641 = CARTESIAN_POINT ( 'NONE',  ( 1.299038105676657562, -0.7500000000000005551, -2.666666666666667407 ) ) ;
#642 = CARTESIAN_POINT ( 'NONE',  ( -1.322475605676658672, -0.7635316469341317802, -2.286458333333333037 ) ) ;
#643 = CARTESIAN_POINT ( 'NONE',  ( 1.357050807568875417, -2.242832357623997763E-16, -2.812500000000000444 ) ) ;
#644 = CARTESIAN_POINT ( 'NONE',  ( 1.357050807568875417, -2.242832357623997763E-16, -5.874999999999999112 ) ) ;
#645 = CARTESIAN_POINT ( 'NONE',  ( 0.000000000000000000, -1.336911000032896764E-15, 6.000000000000000000 ) ) ;
#646 = CARTESIAN_POINT ( 'NONE',  ( -1.299038105676657784, 0.7500000000000001110, 2.083333333333332593 ) ) ;
#647 = ORIENTED_EDGE ( 'NONE', *, *, #714, .T. ) ;
#648 = EDGE_CURVE ( 'NONE', #4879, #1425, #3871, .T. ) ;
#649 = CARTESIAN_POINT ( 'NONE',  ( 1.299038105676658450, 0.7499999999999987788, 3.479166666666666519 ) ) ;
#650 = CARTESIAN_POINT ( 'NONE',  ( -0.8975574469440682490, -1.235440380153991491, 6.746499495430036575 ) ) ;
#651 = CARTESIAN_POINT ( 'NONE',  ( 1.017788105676656452, -0.5876202367904175272, 1.083333333333332815 ) ) ;
#652 = CARTESIAN_POINT ( 'NONE',  ( 1.017788105676656452, -0.5876202367904175272, 2.645833333333333481 ) ) ;
#653 = CARTESIAN_POINT ( 'NONE',  ( 1.322475605676658228, -0.7635316469341327794, -0.1510416666666673791 ) ) ;
#654 = CARTESIAN_POINT ( 'NONE',  ( 1.017788105676657118, 0.5876202367904160839, 0.7291666666666661856 ) ) ;
#655 = CARTESIAN_POINT ( 'NONE',  ( -1.102380732643671424, -0.4355875424897329706, -5.574759526419170719 ) ) ;
#656 = ORIENTED_EDGE ( 'NONE', *, *, #924, .T. ) ;
#657 = AXIS2_PLACEMENT_3D ( 'NONE', #1618, #3262, #4892 ) ;
#658 = EDGE_LOOP ( 'NONE', ( #760, #5089, #912, #2931, #4715 ) ) ;
#659 = CARTESIAN_POINT ( 'NONE',  ( 0.8816504037844384856, -1.527063293868264893, -0.6614583333333333703 ) ) ;
#660 = CARTESIAN_POINT ( 'NONE',  ( 0.8660254037844379305, -1.500000000000000222, 5.354166666666666075 ) ) ;
#661 = ADVANCED_FACE ( 'NONE', ( #5095 ), #5149, .T. ) ;
#662 = VECTOR ( 'NONE', #2795, 1000.000000000000227 ) ;
#663 = CARTESIAN_POINT ( 'NONE',  ( 0.6785254037844372643, -1.175240473580834166, -5.458333333333333925 ) ) ;
#664 = CARTESIAN_POINT ( 'NONE',  ( 1.357050807568875417, -2.242832357623997763E-16, 4.124999999999998224 ) ) ;
#665 = CARTESIAN_POINT ( 'NONE',  ( -0.6785254037844375974, 1.175240473580834166, -1.208333333333333925 ) ) ;
#666 = FACE_OUTER_BOUND ( 'NONE', #4219, .T. ) ;
#667 = ORIENTED_EDGE ( 'NONE', *, *, #4648, .T. ) ;
#668 = DIRECTION ( 'NONE',  ( 0.8660254037844388186, -0.4999999999999995559, 0.000000000000000000 ) ) ;
#669 = CARTESIAN_POINT ( 'NONE',  ( 0.8816504037844398178, 1.527063293868264005, -2.494791666666666963 ) ) ;
#670 = CARTESIAN_POINT ( 'NONE',  ( 0.6785254037844372643, -1.175240473580834166, -1.395833333333334147 ) ) ;
#671 = CARTESIAN_POINT ( 'NONE',  ( 0.8660254037844391517, -1.499999999999998224, -5.145833333333331261 ) ) ;
#672 = DIRECTION ( 'NONE',  ( 1.000000000000000000, 0.000000000000000000, 0.000000000000000000 ) ) ;
#673 = ORIENTED_EDGE ( 'NONE', *, *, #1306, .F. ) ;
#674 = APPROVAL_STATUS ( 'not_yet_approved' ) ;
#675 = DIRECTION ( 'NONE',  ( 1.000000000000000000, 0.000000000000000000, -0.000000000000000000 ) ) ;
#676 = CARTESIAN_POINT ( 'NONE',  ( -1.322475605676658450, 0.7635316469341323353, 6.630208333333332149 ) ) ;
#677 = CARTESIAN_POINT ( 'NONE',  ( 1.017788105676656452, -0.5876202367904175272, 2.083333333333333037 ) ) ;
#678 = CARTESIAN_POINT ( 'NONE',  ( 1.017788105676657118, 0.5876202367904160839, 3.729166666666665186 ) ) ;
#679 = CARTESIAN_POINT ( 'NONE',  ( 0.8816504037844384856, -1.527063293868264893, 3.807291666666665630 ) ) ;
#680 = CARTESIAN_POINT ( 'NONE',  ( -1.439254484199187653E-16, -1.175240473580833944, 2.562499999999998668 ) ) ;
#681 = CARTESIAN_POINT ( 'NONE',  ( 0.000000000000000000, 1.499999999999999778, 2.999999999999998668 ) ) ;
#682 = EDGE_CURVE ( 'NONE', #4698, #2574, #4306, .T. ) ;
#683 = VERTEX_POINT ( 'NONE', #1501 ) ;
#684 = CARTESIAN_POINT ( 'NONE',  ( 1.322475605676659116, 0.7635316469341311141, -1.536458333333333259 ) ) ;
#685 = CARTESIAN_POINT ( 'NONE',  ( 0.8816504037844398178, 1.527063293868264005, -4.526041666666666963 ) ) ;
#686 = CARTESIAN_POINT ( 'NONE',  ( 0.6785254037844372643, -1.175240473580834166, -4.395833333333333037 ) ) ;
#687 = CARTESIAN_POINT ( 'NONE',  ( -1.439254484199187653E-16, -1.175240473580833944, -5.000000000000000000 ) ) ;
#688 = CARTESIAN_POINT ( 'NONE',  ( 0.6785254037844384856, 1.175240473580833722, 3.208333333333332149 ) ) ;
#689 = CARTESIAN_POINT ( 'NONE',  ( -1.357050807568875417, 1.080983497915110246E-16, 0.3749999999999994449 ) ) ;
#690 = CONICAL_SURFACE ( 'NONE', #3347, 0.8660254037844385966, 0.7853981633974500554 ) ;
#691 = DIRECTION ( 'NONE',  ( 1.000000000000000000, 0.000000000000000000, 0.000000000000000000 ) ) ;
#692 = ORIENTED_EDGE ( 'NONE', *, *, #2458, .F. ) ;
#693 = CARTESIAN_POINT ( 'NONE',  ( 0.000000000000000000, 1.558265636316165435E-17, -5.549354535729332127 ) ) ;
#694 = CARTESIAN_POINT ( 'NONE',  ( -1.763300807568877859, 1.329739878991918111E-16, -3.328125000000000000 ) ) ;
#695 = CARTESIAN_POINT ( 'NONE',  ( 0.000000000000000000, 1.175240473580833944, -2.687500000000000000 ) ) ;
#696 = CARTESIAN_POINT ( 'NONE',  ( 0.7500000000000000000, 0.4330127018922191318, 5.062500000000000000 ) ) ;
#697 = CYLINDRICAL_SURFACE ( 'NONE', #798, 1.499999999999999778 ) ;
#698 = VERTEX_POINT ( 'NONE', #3141 ) ;
#699 = DIRECTION ( 'NONE',  ( -0.000000000000000000, 3.457852702097173358E-17, 1.000000000000000000 ) ) ;
#700 = LINE ( 'NONE', #2294, #5167 ) ;
#701 = CARTESIAN_POINT ( 'NONE',  ( 1.017788105676657118, 0.5876202367904160839, 1.666666666666665186 ) ) ;
#702 = CARTESIAN_POINT ( 'NONE',  ( 0.6785254037844383745, 1.175240473580833500, 3.770833333333333037 ) ) ;
#703 = CARTESIAN_POINT ( 'NONE',  ( 0.8816504037844398178, 1.527063293868264005, 4.973958333333333037 ) ) ;
#704 = CARTESIAN_POINT ( 'NONE',  ( 1.017788105676657118, 0.5876202367904160839, 3.729166666666665186 ) ) ;
#705 = FACE_OUTER_BOUND ( 'NONE', #3450, .T. ) ;
#706 = ADVANCED_FACE ( 'NONE', ( #3577 ), #5201, .F. ) ;
#707 = ORIENTED_EDGE ( 'NONE', *, *, #266, .T. ) ;
#708 = ORIENTED_EDGE ( 'NONE', *, *, #1941, .T. ) ;
#709 = EDGE_CURVE ( 'NONE', #1765, #1931, #594, .T. ) ;
#710 = CARTESIAN_POINT ( 'NONE',  ( -1.870113174931183868E-16, -1.527063293868264227, -1.703124999999999778 ) ) ;
#711 = CARTESIAN_POINT ( 'NONE',  ( 1.322475605676658228, -0.7635316469341327794, -5.651041666666666963 ) ) ;
#712 = CARTESIAN_POINT ( 'NONE',  ( 0.6785254037844372643, -1.175240473580834166, -5.395833333333333925 ) ) ;
#713 = PRODUCT_DEFINITION ( 'UNKNOWN', '', #3213, #2157 ) ;
#714 = EDGE_CURVE ( 'NONE', #4382, #208, #3721, .T. ) ;
#715 =( BOUNDED_CURVE ( )  B_SPLINE_CURVE ( 2, ( #5088, #2254, #1791, #1392, #1736, #1416, #2629 ),
 .UNSPECIFIED., .F., .F. ) 
 B_SPLINE_CURVE_WITH_KNOTS ( ( 3, 2, 2, 3 ),
 ( 0.7777777777777775681, 0.7839506172839504350, 0.7901234567901233019, 0.7962962962962961688 ),
 .UNSPECIFIED. ) 
 CURVE ( )  GEOMETRIC_REPRESENTATION_ITEM ( )  RATIONAL_B_SPLINE_CURVE ( ( 1.000000000000004885, 0.8660254037844339337, 1.000000000000000000, 0.8660254037844387076, 1.000000000000000000, 0.8660254037844411501, 0.9999999999999975575 ) ) 
 REPRESENTATION_ITEM ( '' )  );
#716 = CARTESIAN_POINT ( 'NONE',  ( 1.017788105676656452, -0.5876202367904175272, -3.916666666666667407 ) ) ;
#717 = CARTESIAN_POINT ( 'NONE',  ( -1.357050807568875417, 1.080983497915110492E-16, 6.374999999999999112 ) ) ;
#718 = AXIS2_PLACEMENT_3D ( 'NONE', #5049, #3367, #4627 ) ;
#719 = CARTESIAN_POINT ( 'NONE',  ( -1.017788105676656896, -0.5876202367904167501, 2.916666666666666519 ) ) ;
#720 = DIRECTION ( 'NONE',  ( 1.000000000000000000, 0.000000000000000000, -0.000000000000000000 ) ) ;
#721 = EDGE_LOOP ( 'NONE', ( #390, #225, #3099, #4024 ) ) ;
#722 = AXIS2_PLACEMENT_3D ( 'NONE', #1116, #3266, #2403 ) ;
#723 = CARTESIAN_POINT ( 'NONE',  ( 1.763300807568877859, -2.989101500854420495E-16, -2.078125000000000000 ) ) ;
#724 = CARTESIAN_POINT ( 'NONE',  ( -0.6785254037844375974, 1.175240473580834166, -1.145833333333333703 ) ) ;
#725 = CARTESIAN_POINT ( 'NONE',  ( -1.732050807568876971, 1.310604772755240251E-16, -2.375000000000000888 ) ) ;
#726 = CARTESIAN_POINT ( 'NONE',  ( -7.047314121155778821E-16, 0.8660254037844385966, 6.000000000000000000 ) ) ;
#727 = ORIENTED_EDGE ( 'NONE', *, *, #3006, .T. ) ;
#728 = DATE_TIME_ROLE ( 'classification_date' ) ;
#729 = VECTOR ( 'NONE', #1569, 1000.000000000000000 ) ;
#730 = CARTESIAN_POINT ( 'NONE',  ( 0.000000000000000000, 4.088892879315926092E-16, 5.824948115447571517 ) ) ;
#731 = CARTESIAN_POINT ( 'NONE',  ( -0.8660254037844479225, -1.499999999999983569, -1.729166666666666963 ) ) ;
#732 = CARTESIAN_POINT ( 'NONE',  ( -1.357050807568875417, 1.080983497915110492E-16, 3.374999999999999556 ) ) ;
#733 = CARTESIAN_POINT ( 'NONE',  ( -0.6785254037844380415, -1.175240473580833722, 4.020833333333333037 ) ) ;
#734 = CARTESIAN_POINT ( 'NONE',  ( 0.8816504037844384856, -1.527063293868264893, 4.807291666666666963 ) ) ;
#735 = CARTESIAN_POINT ( 'NONE',  ( 0.000000000000000000, 1.175240473580833944, 2.812499999999999112 ) ) ;
#736 = DIRECTION ( 'NONE',  ( 0.000000000000000000, -1.000000000000000000, 0.000000000000000000 ) ) ;
#737 = ORIENTED_EDGE ( 'NONE', *, *, #2826, .T. ) ;
#738 = CARTESIAN_POINT ( 'NONE',  ( -0.6785254037844380415, -1.175240473580833722, -5.479166666666666963 ) ) ;
#739 = CARTESIAN_POINT ( 'NONE',  ( 0.000000000000000000, 1.527063293868264227, 0.5468750000000004441 ) ) ;
#740 = CARTESIAN_POINT ( 'NONE',  ( 1.322475605676659116, 0.7635316469341311141, -3.067708333333333925 ) ) ;
#741 = CARTESIAN_POINT ( 'NONE',  ( -1.439254484199187653E-16, -1.175240473580833944, -3.437500000000000444 ) ) ;
#742 = CARTESIAN_POINT ( 'NONE',  ( -1.439254484199187653E-16, -1.175240473580833944, -4.000000000000000000 ) ) ;
#743 = CARTESIAN_POINT ( 'NONE',  ( -1.017788105676656896, -0.5876202367904167501, 5.416666666666665186 ) ) ;
#744 = ADVANCED_FACE ( 'NONE', ( #3621 ), #1999, .F. ) ;
#745 =( BOUNDED_CURVE ( )  B_SPLINE_CURVE ( 2, ( #4673, #1289, #4620, #3817, #1774, #2638, #942 ),
 .UNSPECIFIED., .F., .F. ) 
 B_SPLINE_CURVE_WITH_KNOTS ( ( 3, 2, 2, 3 ),
 ( 0.4999999999999998890, 0.5061728395061727559, 0.5123456790123456228, 0.5185185185185183787 ),
 .UNSPECIFIED. ) 
 CURVE ( )  GEOMETRIC_REPRESENTATION_ITEM ( )  RATIONAL_B_SPLINE_CURVE ( ( 1.000000000000002442, 0.8660254037844362651, 1.000000000000000000, 0.8660254037844387076, 1.000000000000000000, 0.8660254037844411501, 0.9999999999999975575 ) ) 
 REPRESENTATION_ITEM ( '' )  );
#746 = CARTESIAN_POINT ( 'NONE',  ( -1.836970198721029688E-16, -1.499999999999999778, 3.750000000000000000 ) ) ;
#747 = ORIENTED_EDGE ( 'NONE', *, *, #320, .F. ) ;
#748 = CARTESIAN_POINT ( 'NONE',  ( 0.000000000000000000, 1.175240473580833944, -1.687500000000000666 ) ) ;
#749 = CYLINDRICAL_SURFACE ( 'NONE', #3184, 1.499999999999999778 ) ;
#750 = CARTESIAN_POINT ( 'NONE',  ( 0.6785254037844383745, 1.175240473580833500, -4.791666666666666075 ) ) ;
#751 = ORIENTED_EDGE ( 'NONE', *, *, #1623, .F. ) ;
#752 = CARTESIAN_POINT ( 'NONE',  ( -1.836970198721029688E-16, -1.499999999999999778, 5.249999999999999112 ) ) ;
#753 = DIRECTION ( 'NONE',  ( -0.000000000000000000, 3.457852702097173358E-17, 1.000000000000000000 ) ) ;
#754 = CARTESIAN_POINT ( 'NONE',  ( 1.017788105676656452, -0.5876202367904175272, 3.583333333333332593 ) ) ;
#755 = CARTESIAN_POINT ( 'NONE',  ( 1.017788105676657118, 0.5876202367904160839, 4.229166666666666075 ) ) ;
#756 = CARTESIAN_POINT ( 'NONE',  ( 1.763300807568877859, -2.989101500854420495E-16, 2.390625000000000444 ) ) ;
#757 = CARTESIAN_POINT ( 'NONE',  ( -0.6785254037844380415, -1.175240473580833944, 2.520833333333333481 ) ) ;
#758 = CARTESIAN_POINT ( 'NONE',  ( -1.836970198721029688E-16, -1.499999999999999778, -1.750000000000001110 ) ) ;
#759 = EDGE_CURVE ( 'NONE', #1931, #3889, #5115, .T. ) ;
#760 = ORIENTED_EDGE ( 'NONE', *, *, #1789, .T. ) ;
#761 = CARTESIAN_POINT ( 'NONE',  ( 0.000000000000000000, -1.336911000032896764E-15, 6.000000000000000000 ) ) ;
#762 = VERTEX_POINT ( 'NONE', #5247 ) ;
#763 = CARTESIAN_POINT ( 'NONE',  ( 0.8816504037844398178, 1.527063293868264005, 3.505208333333333037 ) ) ;
#764 = CARTESIAN_POINT ( 'NONE',  ( -5.278598902257493139E-14, 1.381129763209588468, -5.368870236790419526 ) ) ;
#765 = CARTESIAN_POINT ( 'NONE',  ( -0.8816504037844387076, 1.527063293868264449, -3.942708333333333925 ) ) ;
#766 = CARTESIAN_POINT ( 'NONE',  ( 0.000000000000000000, 1.175240473580833944, -5.187500000000000000 ) ) ;
#767 = CARTESIAN_POINT ( 'NONE',  ( -1.439254484199187653E-16, -1.175240473580833944, -2.500000000000000444 ) ) ;
#768 = CARTESIAN_POINT ( 'NONE',  ( 0.6785254037844372643, -1.175240473580834166, 6.041666666666665186 ) ) ;
#769 = ADVANCED_FACE ( 'NONE', ( #4044 ), #422, .F. ) ;
#770 = DIRECTION ( 'NONE',  ( 1.000000000000000000, 0.000000000000000000, 0.000000000000000000 ) ) ;
#771 = VERTEX_POINT ( 'NONE', #2816 ) ;
#772 = CARTESIAN_POINT ( 'NONE',  ( -1.357050807568875417, 1.080983497915110492E-16, -0.06250000000000091593 ) ) ;
#773 = CARTESIAN_POINT ( 'NONE',  ( -1.836970198721029688E-16, -1.499999999999999778, -4.187500000000000000 ) ) ;
#774 = CARTESIAN_POINT ( 'NONE',  ( 0.6314821731370091618, 0.5014390011353363485, 5.937402991910154526 ) ) ;
#775 =( BOUNDED_CURVE ( )  B_SPLINE_CURVE ( 2, ( #1766, #143, #3434, #2981, #1710, #173, #2925 ),
 .UNSPECIFIED., .F., .F. ) 
 B_SPLINE_CURVE_WITH_KNOTS ( ( 3, 2, 2, 3 ),
 ( 0.6851851851851850084, 0.6913580246913577643, 0.6975308641975306312, 0.7037037037037034981 ),
 .UNSPECIFIED. ) 
 CURVE ( )  GEOMETRIC_REPRESENTATION_ITEM ( )  RATIONAL_B_SPLINE_CURVE ( ( 1.000000000000004885, 0.8660254037844339337, 1.000000000000000000, 0.8660254037844387076, 1.000000000000000000, 0.8660254037844434816, 0.9999999999999952260 ) ) 
 REPRESENTATION_ITEM ( '' )  );
#776 = ORIENTED_EDGE ( 'NONE', *, *, #3006, .F. ) ;
#777 = CARTESIAN_POINT ( 'NONE',  ( -1.017788105676656896, -0.5876202367904167501, 1.416666666666665853 ) ) ;
#778 = CARTESIAN_POINT ( 'NONE',  ( 0.000000000000000000, 1.558265636316165435E-17, -5.549354535729332127 ) ) ;
#779 = CARTESIAN_POINT ( 'NONE',  ( -1.299038105676658006, -0.7499999999999995559, 0.6666666666666656305 ) ) ;
#780 = CARTESIAN_POINT ( 'NONE',  ( 0.6785254037844384856, 1.175240473580833722, 3.708333333333332593 ) ) ;
#781 = CARTESIAN_POINT ( 'NONE',  ( 1.357050807568875417, -2.242832357623997763E-16, 5.187499999999999112 ) ) ;
#782 = CARTESIAN_POINT ( 'NONE',  ( 1.763300807568877859, -2.989101500854420495E-16, 3.390624999999999556 ) ) ;
#783 = CARTESIAN_POINT ( 'NONE',  ( -1.017788105676656896, -0.5876202367904167501, 3.479166666666666963 ) ) ;
#784 = CARTESIAN_POINT ( 'NONE',  ( 1.299038105676658672, 0.7499999999999987788, -0.08333333333333405035 ) ) ;
#785 = VERTEX_POINT ( 'NONE', #4851 ) ;
#786 = CARTESIAN_POINT ( 'NONE',  ( -1.439254484199187653E-16, -1.175240473580833944, 6.062499999999998224 ) ) ;
#787 = CARTESIAN_POINT ( 'NONE',  ( 0.2469154890836027239, -1.479538016155923286, 5.824948115447571517 ) ) ;
#788 = CARTESIAN_POINT ( 'NONE',  ( 1.322475605676658228, -0.7635316469341327794, 1.880208333333333481 ) ) ;
#789 = CARTESIAN_POINT ( 'NONE',  ( 1.357050807568875417, -2.242832357623997763E-16, 5.687500000000000000 ) ) ;
#790 = CARTESIAN_POINT ( 'NONE',  ( -1.763300807568877859, 1.329739878991918111E-16, -3.859375000000000444 ) ) ;
#791 = CARTESIAN_POINT ( 'NONE',  ( -1.357050807568875417, 1.080983497915110492E-16, -6.062499999999999112 ) ) ;
#792 = CARTESIAN_POINT ( 'NONE',  ( 1.017788105676657118, 0.5876202367904160839, -4.333333333333333925 ) ) ;
#793 = CARTESIAN_POINT ( 'NONE',  ( -1.439254484199187653E-16, -1.175240473580833944, 5.500000000000000000 ) ) ;
#794 = CARTESIAN_POINT ( 'NONE',  ( 1.299038105676658450, 0.7499999999999987788, -0.5208333333333329263 ) ) ;
#795 = ORIENTED_EDGE ( 'NONE', *, *, #2170, .F. ) ;
#796 = CARTESIAN_POINT ( 'NONE',  ( -1.357050807568875417, 1.080983497915110492E-16, 1.937499999999999778 ) ) ;
#797 = ORIENTED_EDGE ( 'NONE', *, *, #2226, .F. ) ;
#798 = AXIS2_PLACEMENT_3D ( 'NONE', #3495, #3064, #4372 ) ;
#799 = CARTESIAN_POINT ( 'NONE',  ( 0.6785254037844384856, 1.175240473580833722, 0.7083333333333324822 ) ) ;
#800 = LINE ( 'NONE', #2869, #2617 ) ;
#801 = VERTEX_POINT ( 'NONE', #368 ) ;
#802 = CARTESIAN_POINT ( 'NONE',  ( -1.439254484199187653E-16, -1.175240473580833944, 5.999999999999998224 ) ) ;
#803 = CARTESIAN_POINT ( 'NONE',  ( 1.763300807568877859, -2.989101500854420495E-16, 5.890625000000000000 ) ) ;
#804 = CARTESIAN_POINT ( 'NONE',  ( -0.8928786493823945847, -0.8039697614378829016, 6.994507464962203436 ) ) ;
#805 =( BOUNDED_CURVE ( )  B_SPLINE_CURVE ( 2, ( #2032, #1627, #1956, #4901, #4022, #344, #4874 ),
 .UNSPECIFIED., .F., .F. ) 
 B_SPLINE_CURVE_WITH_KNOTS ( ( 3, 2, 2, 3 ),
 ( 0.5925925925925925597, 0.5987654320987654266, 0.6049382716049381825, 0.6111111111111110494 ),
 .UNSPECIFIED. ) 
 CURVE ( )  GEOMETRIC_REPRESENTATION_ITEM ( )  RATIONAL_B_SPLINE_CURVE ( ( 1.000000000000000000, 0.8660254037844387076, 1.000000000000000000, 0.8660254037844387076, 1.000000000000000000, 0.8660254037844411501, 0.9999999999999975575 ) ) 
 REPRESENTATION_ITEM ( '' )  );
#806 = VECTOR ( 'NONE', #4552, 999.9999999999998863 ) ;
#807 = EDGE_CURVE ( 'NONE', #2867, #2315, #2005, .T. ) ;
#808 = VERTEX_POINT ( 'NONE', #1150 ) ;
#809 = CARTESIAN_POINT ( 'NONE',  ( 0.6785254037844384856, 1.175240473580833722, 6.270833333333333037 ) ) ;
#810 = CARTESIAN_POINT ( 'NONE',  ( 1.732050807568876971, -2.931696182144386422E-16, 3.937499999999999112 ) ) ;
#811 = CARTESIAN_POINT ( 'NONE',  ( -1.439254484199187653E-16, -1.175240473580833944, -1.500000000000000444 ) ) ;
#812 = CARTESIAN_POINT ( 'NONE',  ( 1.322475605676659116, 0.7635316469341311141, 0.9635416666666664076 ) ) ;
#813 = FACE_OUTER_BOUND ( 'NONE', #997, .T. ) ;
#814 = CARTESIAN_POINT ( 'NONE',  ( 1.322475605676658228, -0.7635316469341327794, -1.651041666666666963 ) ) ;
#815 = CARTESIAN_POINT ( 'NONE',  ( -1.017788105676656896, -0.5876202367904167501, -1.020833333333333703 ) ) ;
#816 = CARTESIAN_POINT ( 'NONE',  ( -1.017788105676656674, 0.5876202367904170831, 1.333333333333333037 ) ) ;
#817 = CARTESIAN_POINT ( 'NONE',  ( -1.017788105676656896, -0.5876202367904167501, -3.583333333333333925 ) ) ;
#818 = CARTESIAN_POINT ( 'NONE',  ( 0.05859781459385597635, -0.8321939397547516437, 5.966168535970311382 ) ) ;
#819 = EDGE_CURVE ( 'NONE', #490, #3672, #3459, .T. ) ;
#820 = CARTESIAN_POINT ( 'NONE',  ( 1.299038105676657562, -0.7500000000000005551, -0.6041666666666667407 ) ) ;
#821 = ORIENTED_EDGE ( 'NONE', *, *, #4789, .F. ) ;
#822 = CARTESIAN_POINT ( 'NONE',  ( 0.6785254037844384856, 1.175240473580833722, 0.7708333333333325932 ) ) ;
#823 = CARTESIAN_POINT ( 'NONE',  ( 0.8660254037844370423, 1.500000000000003109, -4.979166666666665186 ) ) ;
#824 = PLANE ( 'NONE',  #211 ) ;
#825 = ORIENTED_EDGE ( 'NONE', *, *, #1109, .F. ) ;
#826 = CARTESIAN_POINT ( 'NONE',  ( 1.017788105676657118, 0.5876202367904160839, 1.666666666666665186 ) ) ;
#827 = CARTESIAN_POINT ( 'NONE',  ( 0.000000000000000000, 1.499999999999999778, -3.500000000000000444 ) ) ;
#828 = ORIENTED_EDGE ( 'NONE', *, *, #320, .T. ) ;
#829 = LINE ( 'NONE', #1982, #1008 ) ;
#830 = CARTESIAN_POINT ( 'NONE',  ( -0.6785254037844375974, 1.175240473580834166, 4.291666666666665186 ) ) ;
#831 = CARTESIAN_POINT ( 'NONE',  ( -0.6785254037844375974, 1.175240473580834166, -6.145833333333333925 ) ) ;
#832 = CARTESIAN_POINT ( 'NONE',  ( -1.017788105676656674, 0.5876202367904170831, -6.166666666666666963 ) ) ;
#833 = CARTESIAN_POINT ( 'NONE',  ( 1.732050807568876971, -2.931696182144386422E-16, 3.374999999999999556 ) ) ;
#834 = ORIENTED_EDGE ( 'NONE', *, *, #3074, .F. ) ;
#835 = CARTESIAN_POINT ( 'NONE',  ( -1.017788105676656896, -0.5876202367904167501, 5.979166666666665186 ) ) ;
#836 = CARTESIAN_POINT ( 'NONE',  ( -0.6785254037844375974, 1.175240473580834166, -4.145833333333333925 ) ) ;
#837 = CARTESIAN_POINT ( 'NONE',  ( -1.439254484199187653E-16, -1.175240473580833944, -0.5000000000000004441 ) ) ;
#838 = CARTESIAN_POINT ( 'NONE',  ( -0.8816504037844393737, -1.527063293868264005, 1.755208333333333703 ) ) ;
#839 = CARTESIAN_POINT ( 'NONE',  ( -1.363028446867133869, -0.5979875643346094227, -5.268288846612237286 ) ) ;
#840 = CARTESIAN_POINT ( 'NONE',  ( 0.8816504037844398178, 1.527063293868264005, -2.526041666666666963 ) ) ;
#841 = CARTESIAN_POINT ( 'NONE',  ( -0.6785254037844375974, 1.175240473580834166, -2.645833333333333925 ) ) ;
#842 = ADVANCED_FACE ( 'NONE', ( #2866 ), #824, .T. ) ;
#843 = CARTESIAN_POINT ( 'NONE',  ( 1.017788105676657118, 0.5876202367904160839, 1.166666666666665630 ) ) ;
#844 = CARTESIAN_POINT ( 'NONE',  ( 1.357050807568875417, -2.242832357623997763E-16, -1.812500000000000888 ) ) ;
#845 = B_SPLINE_CURVE_WITH_KNOTS ( 'NONE', 3,
 ( #1943, #1615, #2828, #1111, #1968, #4835, #4487, #1212 ),
 .UNSPECIFIED., .F., .F.,
 ( 4, 2, 2, 4 ),
 ( 5.368716930716546072E-18, 0.0002786585145379995971, 0.0005573170290759938816, 0.001114634058151982125 ),
 .UNSPECIFIED. ) ;
#846 = CARTESIAN_POINT ( 'NONE',  ( 1.017788105676657118, 0.5876202367904160839, -0.8333333333333334814 ) ) ;
#847 = CARTESIAN_POINT ( 'NONE',  ( 0.8660254037844200559, -1.500000000000031530, 0.8541666666666657415 ) ) ;
#848 = CARTESIAN_POINT ( 'NONE',  ( -1.732050807568876971, 1.310604772755240251E-16, 3.624999999999999556 ) ) ;
#849 = CARTESIAN_POINT ( 'NONE',  ( -1.439254484199187653E-16, -1.175240473580833944, 0.5624999999999996669 ) ) ;
#850 = CARTESIAN_POINT ( 'NONE',  ( -0.8660254037844203889, 1.500000000000031308, 3.104166666666666075 ) ) ;
#851 = CARTESIAN_POINT ( 'NONE',  ( -1.017788105676656896, -0.5876202367904167501, -2.083333333333333925 ) ) ;
#852 = CARTESIAN_POINT ( 'NONE',  ( -1.357050807568875417, 1.080983497915110492E-16, 0.3749999999999994449 ) ) ;
#853 = DIRECTION ( 'NONE',  ( -0.000000000000000000, 3.457852702097173358E-17, 1.000000000000000000 ) ) ;
#854 = EDGE_LOOP ( 'NONE', ( #2699, #4672 ) ) ;
#855 = DIRECTION ( 'NONE',  ( -0.000000000000000000, 3.457852702097173358E-17, 1.000000000000000000 ) ) ;
#856 = CARTESIAN_POINT ( 'NONE',  ( -0.6785254037844375974, 1.175240473580834166, 5.291666666666666963 ) ) ;
#857 = CARTESIAN_POINT ( 'NONE',  ( -0.8816504037844387076, 1.527063293868264449, 5.557291666666667851 ) ) ;
#858 = CARTESIAN_POINT ( 'NONE',  ( -0.6785254037844380415, -1.175240473580833944, 5.020833333333331261 ) ) ;
#859 = CARTESIAN_POINT ( 'NONE',  ( -0.3750000000000044964, -0.6495190528383265605, 5.062500000000000000 ) ) ;
#860 = ORIENTED_EDGE ( 'NONE', *, *, #1462, .T. ) ;
#861 = CARTESIAN_POINT ( 'NONE',  ( 1.017788105676657118, 0.5876202367904160839, 6.729166666666666075 ) ) ;
#862 = CARTESIAN_POINT ( 'NONE',  ( 1.017788105676657118, 0.5876202367904160839, -4.770833333333333925 ) ) ;
#863 = CARTESIAN_POINT ( 'NONE',  ( -1.017788105676656896, -0.5876202367904167501, -0.5833333333333341475 ) ) ;
#864 = CARTESIAN_POINT ( 'NONE',  ( -0.8816504037844393737, -1.527063293868264005, 3.255208333333333037 ) ) ;
#865 = LINE ( 'NONE', #3234, #3912 ) ;
#866 = CARTESIAN_POINT ( 'NONE',  ( -1.322475605676658450, 0.7635316469341323353, -0.9010416666666671848 ) ) ;
#867 = CARTESIAN_POINT ( 'NONE',  ( 1.357050807568875417, -2.242832357623997763E-16, -2.812500000000000444 ) ) ;
#868 = CARTESIAN_POINT ( 'NONE',  ( 0.6785254037844372643, -1.175240473580834166, 2.041666666666665630 ) ) ;
#869 = CARTESIAN_POINT ( 'NONE',  ( 1.357050807568875417, -2.242832357623997763E-16, -2.812500000000000444 ) ) ;
#870 = EDGE_CURVE ( 'NONE', #365, #2255, #5219, .T. ) ;
#871 = CARTESIAN_POINT ( 'NONE',  ( -1.017788105676656896, -0.5876202367904167501, -0.5833333333333341475 ) ) ;
#872 = CARTESIAN_POINT ( 'NONE',  ( 0.8660254037844385966, -1.336911000032896764E-15, 6.000000000000000000 ) ) ;
#873 = EDGE_CURVE ( 'NONE', #4108, #1613, #3505, .T. ) ;
#874 = CARTESIAN_POINT ( 'NONE',  ( 0.8660254037844440367, 1.499999999999991562, -0.9791666666666666297 ) ) ;
#875 = CARTESIAN_POINT ( 'NONE',  ( 0.6785254037844372643, -1.175240473580834166, 1.604166666666666075 ) ) ;
#876 = CARTESIAN_POINT ( 'NONE',  ( 1.418594258373933714, 0.3768655732886621035, 5.864244652593487039 ) ) ;
#877 = CARTESIAN_POINT ( 'NONE',  ( -1.017788105676656896, -0.5876202367904167501, -3.583333333333333925 ) ) ;
#878 = CARTESIAN_POINT ( 'NONE',  ( 0.8660254037844481445, 1.499999999999983569, 2.520833333333333037 ) ) ;
#879 = EDGE_LOOP ( 'NONE', ( #188, #4848, #5043, #825 ) ) ;
#880 = CARTESIAN_POINT ( 'NONE',  ( 1.763300807568877859, -2.989101500854420495E-16, -5.078124999999999112 ) ) ;
#881 = CARTESIAN_POINT ( 'NONE',  ( 0.000000000000000000, 1.527063293868264227, 5.015624999999999112 ) ) ;
#882 = CARTESIAN_POINT ( 'NONE',  ( -1.357050807568875417, 1.080983497915110492E-16, 6.437499999999998224 ) ) ;
#883 = CARTESIAN_POINT ( 'NONE',  ( -0.1920320562137393661, -1.467883113638555503, -5.272722111813183510 ) ) ;
#884 = DIRECTION ( 'NONE',  ( -0.000000000000000000, 3.457852702097173358E-17, 1.000000000000000000 ) ) ;
#885 = VECTOR ( 'NONE', #3048, 1000.000000000000000 ) ;
#886 = EDGE_LOOP ( 'NONE', ( #4585, #3935, #4964 ) ) ;
#887 = PERSON_AND_ORGANIZATION ( #3890, #3642 ) ;
#888 = CARTESIAN_POINT ( 'NONE',  ( -1.017788105676656896, -0.5876202367904167501, -1.583333333333334147 ) ) ;
#889 = CARTESIAN_POINT ( 'NONE',  ( -1.763300807568877859, 1.329739878991918111E-16, 6.171874999999999112 ) ) ;
#890 = CARTESIAN_POINT ( 'NONE',  ( -1.017788105676656896, -0.5876202367904167501, -0.02083333333333364096 ) ) ;
#891 = CARTESIAN_POINT ( 'NONE',  ( 0.000000000000000000, 1.527063293868264227, -1.984375000000000000 ) ) ;
#892 = CARTESIAN_POINT ( 'NONE',  ( -1.017788105676656896, -0.5876202367904167501, -2.520833333333333481 ) ) ;
#893 = CARTESIAN_POINT ( 'NONE',  ( 0.8660254037844244968, -1.500000000000023981, -2.145833333333333925 ) ) ;
#894 = AXIS2_PLACEMENT_3D ( 'NONE', #4878, #1203, #3323 ) ;
#895 = CARTESIAN_POINT ( 'NONE',  ( 1.017788105676657118, 0.5876202367904160839, 1.666666666666665186 ) ) ;
#896 = CARTESIAN_POINT ( 'NONE',  ( 0.6785254037844372643, -1.175240473580834166, -1.895833333333333481 ) ) ;
#897 = LOCAL_TIME ( 7, 20, 18.00000000000000000, #1959 ) ;
#898 = CARTESIAN_POINT ( 'NONE',  ( -1.357050807568875417, 1.080983497915110492E-16, -0.6250000000000005551 ) ) ;
#899 = CARTESIAN_POINT ( 'NONE',  ( 1.133612992306785472, 0.7168639834396518529, -5.419620831085805612 ) ) ;
#900 = PRODUCT ( '91390A105_Alloy Steel Cup-Tip Set Screw', '91390A105_Alloy Steel Cup-Tip Set Screw', '', ( #4564 ) ) ;
#901 = CARTESIAN_POINT ( 'NONE',  ( 0.000000000000000000, -1.499999999999999778, -5.549354535729332127 ) ) ;
#902 = CARTESIAN_POINT ( 'NONE',  ( -1.357050807568875417, 1.080983497915110492E-16, 3.437500000000000000 ) ) ;
#903 = CARTESIAN_POINT ( 'NONE',  ( -0.8660254037844391517, -1.499999999999999334, 1.708333333333332371 ) ) ;
#904 = EDGE_CURVE ( 'NONE', #2673, #326, #2518, .T. ) ;
#905 = CARTESIAN_POINT ( 'NONE',  ( -1.357050807568875417, 1.080983497915110246E-16, -4.625000000000000888 ) ) ;
#906 = ORIENTED_EDGE ( 'NONE', *, *, #4065, .T. ) ;
#907 = DIRECTION ( 'NONE',  ( -0.8660254037844388186, 0.4999999999999996669, 0.000000000000000000 ) ) ;
#908 = CARTESIAN_POINT ( 'NONE',  ( 0.8816504037844398178, 1.527063293868264005, -4.994791666666666963 ) ) ;
#909 = CARTESIAN_POINT ( 'NONE',  ( -0.8816504037844387076, 1.527063293868264449, 7.057291666666666075 ) ) ;
#910 = CARTESIAN_POINT ( 'NONE',  ( -0.6785254037844375974, 1.175240473580834166, 5.854166666666666075 ) ) ;
#911 = DIRECTION ( 'NONE',  ( -0.000000000000000000, 3.457852702097173358E-17, 1.000000000000000000 ) ) ;
#912 = ORIENTED_EDGE ( 'NONE', *, *, #583, .F. ) ;
#913 =( LENGTH_UNIT ( ) NAMED_UNIT ( * ) SI_UNIT ( .MILLI., .METRE. ) );
#914 = AXIS2_PLACEMENT_3D ( 'NONE', #693, #3462, #294 ) ;
#915 = ADVANCED_FACE ( 'NONE', ( #3395 ), #1380, .T. ) ;
#916 = CARTESIAN_POINT ( 'NONE',  ( 0.6785254037844384856, 1.175240473580833722, -0.7916666666666671848 ) ) ;
#917 = CARTESIAN_POINT ( 'NONE',  ( 0.000000000000000000, 1.527063293868264227, 4.546875000000000000 ) ) ;
#918 = CARTESIAN_POINT ( 'NONE',  ( 1.357050807568875417, -2.242832357623997763E-16, 0.6874999999999997780 ) ) ;
#919 = CARTESIAN_POINT ( 'NONE',  ( -0.8816504037844387076, 1.527063293868264449, -0.9427083333333337034 ) ) ;
#920 = CARTESIAN_POINT ( 'NONE',  ( -1.439254484199187653E-16, -1.175240473580833944, -2.437500000000000444 ) ) ;
#921 = PLANE ( 'NONE',  #718 ) ;
#922 = CARTESIAN_POINT ( 'NONE',  ( -1.357050807568875417, 1.080983497915110246E-16, 3.374999999999999556 ) ) ;
#923 = CARTESIAN_POINT ( 'NONE',  ( -1.439254484199187653E-16, -1.175240473580833944, -2.937500000000000444 ) ) ;
#924 = EDGE_CURVE ( 'NONE', #218, #4382, #4599, .T. ) ;
#925 = CARTESIAN_POINT ( 'NONE',  ( -0.6785254037844380415, -1.175240473580833944, 0.4583333333333332038 ) ) ;
#926 = LINE ( 'NONE', #3720, #1841 ) ;
#927 = CARTESIAN_POINT ( 'NONE',  ( 0.000000000000000000, 1.499999999999999778, 5.062500000000000000 ) ) ;
#928 = CARTESIAN_POINT ( 'NONE',  ( 0.6785254037844372643, -1.175240473580834166, 3.104166666666666519 ) ) ;
#929 = CARTESIAN_POINT ( 'NONE',  ( -0.8660254037844294928, 1.500000000000015543, 1.104166666666666297 ) ) ;
#930 = CARTESIAN_POINT ( 'NONE',  ( 0.6785254037844372643, -1.175240473580834166, -3.958333333333333481 ) ) ;
#931 = EDGE_CURVE ( 'NONE', #2574, #4647, #4655, .T. ) ;
#932 = DIRECTION ( 'NONE',  ( -0.000000000000000000, 3.457852702097173358E-17, 1.000000000000000000 ) ) ;
#933 = ORIENTED_EDGE ( 'NONE', *, *, #2262, .T. ) ;
#934 = CARTESIAN_POINT ( 'NONE',  ( -1.215879583050518020, -0.2900635094611122011, 6.000000000000000888 ) ) ;
#935 = CARTESIAN_POINT ( 'NONE',  ( -1.322475605676658450, 0.7635316469341323353, -6.369791666666666075 ) ) ;
#936 = CARTESIAN_POINT ( 'NONE',  ( 1.017788105676657118, 0.5876202367904160839, -5.770833333333333925 ) ) ;
#937 = CARTESIAN_POINT ( 'NONE',  ( 0.000000000000000000, 1.175240473580833944, -3.750000000000000444 ) ) ;
#938 = CARTESIAN_POINT ( 'NONE',  ( -1.732050807568876971, 1.310604772755240251E-16, -3.875000000000000888 ) ) ;
#939 = DIRECTION ( 'NONE',  ( -0.000000000000000000, -0.000000000000000000, 1.000000000000000000 ) ) ;
#940 = VERTEX_POINT ( 'NONE', #5026 ) ;
#941 = APPROVAL ( #674, 'UNSPECIFIED' ) ;
#942 = CARTESIAN_POINT ( 'NONE',  ( 0.000000000000000000, 1.499999999999999778, 0.5625000000000006661 ) ) ;
#943 = EDGE_CURVE ( 'NONE', #5270, #3249, #4617, .T. ) ;
#944 = CYLINDRICAL_SURFACE ( 'NONE', #3667, 1.499999999999999778 ) ;
#945 = CARTESIAN_POINT ( 'NONE',  ( -1.763300807568877859, 1.329739878991918111E-16, 5.171875000000000888 ) ) ;
#946 = CARTESIAN_POINT ( 'NONE',  ( 0.000000000000000000, 1.175240473580833944, -0.6875000000000006661 ) ) ;
#947 = CARTESIAN_POINT ( 'NONE',  ( 0.8816504037844384856, -1.527063293868264893, 0.8072916666666661856 ) ) ;
#948 = CARTESIAN_POINT ( 'NONE',  ( -0.6785254037844380415, -1.175240473580833944, 0.5208333333333332593 ) ) ;
#949 = DIRECTION ( 'NONE',  ( -0.000000000000000000, 3.457852702097173358E-17, 1.000000000000000000 ) ) ;
#950 = CARTESIAN_POINT ( 'NONE',  ( -1.017788105676656896, -0.5876202367904167501, 3.916666666666665630 ) ) ;
#951 =( BOUNDED_CURVE ( )  B_SPLINE_CURVE ( 2, ( #2088, #959, #2571, #4582, #3375, #477, #4607 ),
 .UNSPECIFIED., .F., .F. ) 
 B_SPLINE_CURVE_WITH_KNOTS ( ( 3, 2, 2, 3 ),
 ( 0.3703703703703702943, 0.3765432098765431057, 0.3827160493827159171, 0.3888888888888887285 ),
 .UNSPECIFIED. ) 
 CURVE ( )  GEOMETRIC_REPRESENTATION_ITEM ( )  RATIONAL_B_SPLINE_CURVE ( ( 1.000000000000001110, 0.8660254037844373753, 1.000000000000000000, 0.8660254037844387076, 1.000000000000000000, 0.8660254037844423713, 0.9999999999999963363 ) ) 
 REPRESENTATION_ITEM ( '' )  );
#952 = VECTOR ( 'NONE', #4670, 1000.000000000000000 ) ;
#953 = CARTESIAN_POINT ( 'NONE',  ( -1.439254484199187653E-16, -1.175240473580833944, -1.937500000000000888 ) ) ;
#954 = CARTESIAN_POINT ( 'NONE',  ( 1.017788105676656452, -0.5876202367904175272, 0.5833333333333323711 ) ) ;
#955 = DIRECTION ( 'NONE',  ( 1.000000000000000000, 0.000000000000000000, 0.000000000000000000 ) ) ;
#956 = CARTESIAN_POINT ( 'NONE',  ( -1.439254484199187653E-16, -1.175240473580833944, 1.499999999999999556 ) ) ;
#957 = CARTESIAN_POINT ( 'NONE',  ( 0.000000000000000000, 1.499999999999999778, 2.062499999999999112 ) ) ;
#958 = CARTESIAN_POINT ( 'NONE',  ( 1.357050807568875417, -2.242832357623997763E-16, 4.187499999999998224 ) ) ;
#959 = CARTESIAN_POINT ( 'NONE',  ( -0.8660254037844337116, 1.500000000000007550, -1.395833333333333481 ) ) ;
#960 = CARTESIAN_POINT ( 'NONE',  ( -0.6785254037844375974, 1.175240473580834166, -3.708333333333333925 ) ) ;
#961 = CARTESIAN_POINT ( 'NONE',  ( -1.836970198721029688E-16, -1.499999999999999778, 5.812499999999999112 ) ) ;
#962 = EDGE_LOOP ( 'NONE', ( #3855, #5010, #3274, #419 ) ) ;
#963 = LINE ( 'NONE', #2899, #3237 ) ;
#964 = CARTESIAN_POINT ( 'NONE',  ( 0.000000000000000000, 1.527063293868264227, -6.453125000000000000 ) ) ;
#965 = CARTESIAN_POINT ( 'NONE',  ( -0.6785254037844380415, -1.175240473580833944, -3.479166666666666963 ) ) ;
#966 = CARTESIAN_POINT ( 'NONE',  ( -1.017788105676656896, -0.5876202367904167501, -3.583333333333333925 ) ) ;
#967 = CARTESIAN_POINT ( 'NONE',  ( -1.299038105676657784, 0.7500000000000001110, -2.854166666666666075 ) ) ;
#968 = CARTESIAN_POINT ( 'NONE',  ( 0.000000000000000000, 1.499999999999999778, 1.562500000000000666 ) ) ;
#969 = ORIENTED_EDGE ( 'NONE', *, *, #2621, .F. ) ;
#970 = CARTESIAN_POINT ( 'NONE',  ( -1.836970198721029688E-16, -1.499999999999999778, -2.187499999999999556 ) ) ;
#971 = CARTESIAN_POINT ( 'NONE',  ( -0.7500000000000001110, -0.1524565019824897227, 5.883964997969816757 ) ) ;
#972 = CARTESIAN_POINT ( 'NONE',  ( 1.322475605676659116, 0.7635316469341311141, 4.963541666666666963 ) ) ;
#973 = CARTESIAN_POINT ( 'NONE',  ( 0.6785254037844383745, 1.175240473580833500, 0.2708333333333329818 ) ) ;
#974 = CARTESIAN_POINT ( 'NONE',  ( -1.322475605676658450, 0.7635316469341323353, 0.09895833333333284298 ) ) ;
#975 = CARTESIAN_POINT ( 'NONE',  ( -1.017788105676656674, 0.5876202367904170831, -0.1041666666666673374 ) ) ;
#976 = CARTESIAN_POINT ( 'NONE',  ( 0.000000000000000000, 1.558265636316165435E-17, -5.549354535729332127 ) ) ;
#977 = ADVANCED_FACE ( 'NONE', ( #2216 ), #921, .F. ) ;
#978 = CARTESIAN_POINT ( 'NONE',  ( 1.017788105676656452, -0.5876202367904175272, 4.083333333333333037 ) ) ;
#979 = ORIENTED_EDGE ( 'NONE', *, *, #1385, .T. ) ;
#980 = CARTESIAN_POINT ( 'NONE',  ( 0.8660254037844393737, 1.499999999999999334, -5.041666666666666963 ) ) ;
#981 =( BOUNDED_CURVE ( )  B_SPLINE_CURVE ( 2, ( #1250, #2119, #3726, #3003, #4098, #2172, #4530 ),
 .UNSPECIFIED., .F., .F. ) 
 B_SPLINE_CURVE_WITH_KNOTS ( ( 3, 2, 2, 3 ),
 ( 0.8481618411326514728, 0.8543346806388243397, 0.8605075201449972067, 0.8666803596511700736 ),
 .UNSPECIFIED. ) 
 CURVE ( )  GEOMETRIC_REPRESENTATION_ITEM ( )  RATIONAL_B_SPLINE_CURVE ( ( 1.000000000000000000, 0.8660254037844387076, 1.000000000000000000, 0.8660254037844387076, 1.000000000000000000, 0.8660254037844387076, 1.000000000000000000 ) ) 
 REPRESENTATION_ITEM ( '' )  );
#982 = AXIS2_PLACEMENT_3D ( 'NONE', #1787, #4180, #2117 ) ;
#983 = CARTESIAN_POINT ( 'NONE',  ( 1.017788105676656452, -0.5876202367904175272, -4.916666666666666963 ) ) ;
#984 = CARTESIAN_POINT ( 'NONE',  ( -1.017788105676656896, -0.5876202367904167501, 2.416666666666666075 ) ) ;
#985 = CARTESIAN_POINT ( 'NONE',  ( -5.278598902257493139E-14, 1.381129763209588468, -5.368870236790419526 ) ) ;
#986 = ADVANCED_FACE ( 'NONE', ( #2940 ), #1751, .T. ) ;
#987 = CARTESIAN_POINT ( 'NONE',  ( 1.017788105676657118, 0.5876202367904160839, 4.229166666666666075 ) ) ;
#988 = CARTESIAN_POINT ( 'NONE',  ( -1.017788105676656896, -0.5876202367904167501, -0.08333333333333370341 ) ) ;
#989 = DIRECTION ( 'NONE',  ( -0.000000000000000000, 3.457852702097173358E-17, 1.000000000000000000 ) ) ;
#990 = ORIENTED_EDGE ( 'NONE', *, *, #2226, .T. ) ;
#991 = CARTESIAN_POINT ( 'NONE',  ( -1.299038105676658006, -0.7499999999999995559, -1.333333333333334370 ) ) ;
#992 = CARTESIAN_POINT ( 'NONE',  ( -0.8816504037844387076, 1.527063293868264449, -5.911458333333333037 ) ) ;
#993 = CARTESIAN_POINT ( 'NONE',  ( 0.6785254037844372643, -1.175240473580834166, -3.395833333333333481 ) ) ;
#994 = CARTESIAN_POINT ( 'NONE',  ( 0.6785254037844384856, 1.175240473580833722, -5.291666666666666963 ) ) ;
#995 = CARTESIAN_POINT ( 'NONE',  ( 0.8660254037844393737, 1.499999999999999334, 1.458333333333333037 ) ) ;
#996 = CARTESIAN_POINT ( 'NONE',  ( 0.000000000000000000, 1.499999999999999778, -2.937499999999999112 ) ) ;
#997 = EDGE_LOOP ( 'NONE', ( #87, #2406, #2433, #3125 ) ) ;
#998 = CARTESIAN_POINT ( 'NONE',  ( 1.299038105676658672, 0.7499999999999987788, -1.583333333333333481 ) ) ;
#999 = CARTESIAN_POINT ( 'NONE',  ( -1.870113174931183868E-16, -1.527063293868264227, 3.796875000000000888 ) ) ;
#1000 = CARTESIAN_POINT ( 'NONE',  ( -0.6785254037844375974, 1.175240473580834166, -1.145833333333333703 ) ) ;
#1001 = CARTESIAN_POINT ( 'NONE',  ( -0.8816504037844387076, 1.527063293868264449, 1.057291666666666519 ) ) ;
#1002 = CARTESIAN_POINT ( 'NONE',  ( 0.6785254037844372643, -1.175240473580834166, -0.3958333333333339810 ) ) ;
#1003 = FACE_BOUND ( 'NONE', #1152, .T. ) ;
#1004 = CARTESIAN_POINT ( 'NONE',  ( -1.439254484199187653E-16, -1.175240473580833944, 4.999999999999999112 ) ) ;
#1005 = ORIENTED_EDGE ( 'NONE', *, *, #3829, .F. ) ;
#1006 = EDGE_CURVE ( 'NONE', #3242, #1563, #4571, .T. ) ;
#1007 = CARTESIAN_POINT ( 'NONE',  ( 0.6443298834483571769, -1.071139113885539507, 6.000000000000052403 ) ) ;
#1008 = VECTOR ( 'NONE', #2796, 1000.000000000000114 ) ;
#1009 = CARTESIAN_POINT ( 'NONE',  ( -1.357050807568875417, 1.080983497915110492E-16, -5.125000000000000888 ) ) ;
#1010 = CARTESIAN_POINT ( 'NONE',  ( -1.017788105676656674, 0.5876202367904170831, 4.833333333333332149 ) ) ;
#1011 =( BOUNDED_CURVE ( )  B_SPLINE_CURVE ( 2, ( #1708, #4533, #371, #2065, #3352, #34, #4101 ),
 .UNSPECIFIED., .F., .F. ) 
 B_SPLINE_CURVE_WITH_KNOTS ( ( 3, 2, 2, 3 ),
 ( 0.4444444444444443643, 0.4506172839506171757, 0.4567901234567899871, 0.4629629629629627985 ),
 .UNSPECIFIED. ) 
 CURVE ( )  GEOMETRIC_REPRESENTATION_ITEM ( )  RATIONAL_B_SPLINE_CURVE ( ( 1.000000000000001110, 0.8660254037844373753, 1.000000000000000000, 0.8660254037844387076, 1.000000000000000000, 0.8660254037844423713, 0.9999999999999963363 ) ) 
 REPRESENTATION_ITEM ( '' )  );
#1012 = CARTESIAN_POINT ( 'NONE',  ( -0.6785254037844375974, 1.175240473580834166, 2.854166666666666519 ) ) ;
#1013 = CARTESIAN_POINT ( 'NONE',  ( 1.017788105676657118, 0.5876202367904160839, -0.3333333333333339255 ) ) ;
#1014 = EDGE_CURVE ( 'NONE', #5169, #256, #3902, .T. ) ;
#1015 = CARTESIAN_POINT ( 'NONE',  ( 0.000000000000000000, 1.499999999999999778, -2.437499999999999112 ) ) ;
#1016 = ORIENTED_EDGE ( 'NONE', *, *, #870, .T. ) ;
#1017 = CARTESIAN_POINT ( 'NONE',  ( 1.836970198721029688E-16, 1.499999999999999778, -5.549354535729332127 ) ) ;
#1018 = CARTESIAN_POINT ( 'NONE',  ( 0.000000000000000000, 1.527063293868264227, -3.953125000000000000 ) ) ;
#1019 = CARTESIAN_POINT ( 'NONE',  ( -0.6785254037844380415, -1.175240473580833944, -3.979166666666667407 ) ) ;
#1020 = CARTESIAN_POINT ( 'NONE',  ( -0.6785254037844380415, -1.175240473580833944, -5.541666666666666963 ) ) ;
#1021 = CARTESIAN_POINT ( 'NONE',  ( 0.000000000000000000, -1.336911000032896764E-15, 6.000000000000000000 ) ) ;
#1022 = CYLINDRICAL_SURFACE ( 'NONE', #3032, 1.499999999999999778 ) ;
#1023 = VERTEX_POINT ( 'NONE', #4200 ) ;
#1024 = CARTESIAN_POINT ( 'NONE',  ( 1.299038105676658672, 0.7499999999999987788, 4.916666666666665186 ) ) ;
#1025 = CARTESIAN_POINT ( 'NONE',  ( -0.8660254037844479225, -1.499999999999983569, 2.270833333333332149 ) ) ;
#1026 = CARTESIAN_POINT ( 'NONE',  ( 0.6785254037844372643, -1.175240473580834166, 4.104166666666666075 ) ) ;
#1027 = CARTESIAN_POINT ( 'NONE',  ( 1.322475605676658228, -0.7635316469341327794, 0.3489583333333330373 ) ) ;
#1028 = CARTESIAN_POINT ( 'NONE',  ( 0.000000000000000000, 1.175240473580833944, -0.6875000000000006661 ) ) ;
#1029 = DIRECTION ( 'NONE',  ( -0.000000000000000000, 3.457852702097173358E-17, 1.000000000000000000 ) ) ;
#1030 = B_SPLINE_CURVE_WITH_KNOTS ( 'NONE', 3,
 ( #764, #4491, #2022, #47, #3663, #3204, #1590, #1993, #4140, #1670, #839, #4838, #4037, #466 ),
 .UNSPECIFIED., .F., .F.,
 ( 4, 2, 2, 2, 2, 2, 4 ),
 ( 0.005192037747696232226, 0.006041733095898357483, 0.006466580769999419678, 0.006891428444100482741, 0.007741123792302607998, 0.008165971466403671927, 0.008590819140504734122 ),
 .UNSPECIFIED. ) ;
#1031 = CARTESIAN_POINT ( 'NONE',  ( 0.000000000000000000, 1.175240473580833944, 5.249999999999999112 ) ) ;
#1032 = EDGE_LOOP ( 'NONE', ( #3995, #1942 ) ) ;
#1033 = CARTESIAN_POINT ( 'NONE',  ( 0.8816504037844398178, 1.527063293868264005, -0.4947916666666667962 ) ) ;
#1034 = CARTESIAN_POINT ( 'NONE',  ( 1.299038105676657562, -0.7500000000000005551, 5.395833333333333037 ) ) ;
#1035 = CONICAL_SURFACE ( 'NONE', #2580, 0.8660254037844385966, 0.7853981633974500554 ) ;
#1036 = CARTESIAN_POINT ( 'NONE',  ( 0.6785254037844372643, -1.175240473580834166, -5.958333333333333037 ) ) ;
#1037 = CARTESIAN_POINT ( 'NONE',  ( 0.6785254037844372643, -1.175240473580834166, 2.541666666666666075 ) ) ;
#1038 = CARTESIAN_POINT ( 'NONE',  ( 0.000000000000000000, 1.175240473580833944, 5.312499999999999112 ) ) ;
#1039 = EDGE_CURVE ( 'NONE', #460, #4785, #5162, .T. ) ;
#1040 = CARTESIAN_POINT ( 'NONE',  ( -1.439254484199187653E-16, -1.175240473580833944, -2.000000000000000888 ) ) ;
#1041 = CARTESIAN_POINT ( 'NONE',  ( 0.3750000000000047184, -0.6495190528383260054, 5.062500000000000000 ) ) ;
#1042 = ORIENTED_EDGE ( 'NONE', *, *, #873, .F. ) ;
#1043 = CARTESIAN_POINT ( 'NONE',  ( -0.3865229584926588857, 1.292502363093900764, 5.933142625231724310 ) ) ;
#1044 = CARTESIAN_POINT ( 'NONE',  ( 1.763300807568877859, -2.989101500854420495E-16, -3.578125000000000000 ) ) ;
#1045 = CARTESIAN_POINT ( 'NONE',  ( -1.439254484199187653E-16, -1.175240473580833944, -2.937500000000000444 ) ) ;
#1046 = CARTESIAN_POINT ( 'NONE',  ( 1.017788105676657118, 0.5876202367904160839, -5.833333333333333925 ) ) ;
#1047 = CARTESIAN_POINT ( 'NONE',  ( 1.299038105676657562, -0.7500000000000005551, -4.666666666666666963 ) ) ;
#1048 = DIRECTION ( 'NONE',  ( 0.000000000000000000, -1.000000000000000000, 0.000000000000000000 ) ) ;
#1049 = VERTEX_POINT ( 'NONE', #1724 ) ;
#1050 = PERSON_AND_ORGANIZATION ( #3890, #3642 ) ;
#1051 = DIRECTION ( 'NONE',  ( -1.251928832280966928E-16, 1.000000000000000000, 0.000000000000000000 ) ) ;
#1052 = CARTESIAN_POINT ( 'NONE',  ( -1.017788105676656674, 0.5876202367904170831, 2.833333333333333481 ) ) ;
#1053 = CARTESIAN_POINT ( 'NONE',  ( 0.6785254037844383745, 1.175240473580833500, 1.770833333333332593 ) ) ;
#1054 = CARTESIAN_POINT ( 'NONE',  ( 0.000000000000000000, 1.527063293868264227, 1.515624999999999556 ) ) ;
#1055 = CARTESIAN_POINT ( 'NONE',  ( 1.357050807568875417, -2.242832357623997763E-16, 0.1874999999999992784 ) ) ;
#1056 = CARTESIAN_POINT ( 'NONE',  ( -1.836970198721029688E-16, -1.499999999999999778, 3.249999999999999112 ) ) ;
#1057 = ADVANCED_FACE ( 'NONE', ( #1781 ), #3423, .T. ) ;
#1058 = ORIENTED_EDGE ( 'NONE', *, *, #2221, .T. ) ;
#1059 = ORIENTED_EDGE ( 'NONE', *, *, #2516, .T. ) ;
#1060 = CARTESIAN_POINT ( 'NONE',  ( 0.8816504037844384856, -1.527063293868264893, -1.661458333333333481 ) ) ;
#1061 = CARTESIAN_POINT ( 'NONE',  ( -0.8660254037844479225, -1.499999999999983569, -4.229166666666666075 ) ) ;
#1062 = AXIS2_PLACEMENT_3D ( 'NONE', #186, #1807, #3448 ) ;
#1063 = CARTESIAN_POINT ( 'NONE',  ( -0.6785254037844380415, -1.175240473580833944, -5.541666666666666963 ) ) ;
#1064 = CARTESIAN_POINT ( 'NONE',  ( 1.017788105676657118, 0.5876202367904160839, 4.166666666666666075 ) ) ;
#1065 = CARTESIAN_POINT ( 'NONE',  ( -1.017788105676656896, -0.5876202367904167501, -1.583333333333334147 ) ) ;
#1066 = AXIS2_PLACEMENT_3D ( 'NONE', #3318, #4950, #1275 ) ;
#1067 = ADVANCED_FACE ( 'NONE', ( #1407 ), #4143, .T. ) ;
#1068 = DIRECTION ( 'NONE',  ( -0.000000000000000000, -0.000000000000000000, 1.000000000000000000 ) ) ;
#1069 = ORIENTED_EDGE ( 'NONE', *, *, #1758, .T. ) ;
#1070 = CARTESIAN_POINT ( 'NONE',  ( 0.8660254037844379305, -1.500000000000000222, -2.708333333333333925 ) ) ;
#1071 = CARTESIAN_POINT ( 'NONE',  ( -1.870113174931183868E-16, -1.527063293868264227, -2.703125000000000000 ) ) ;
#1072 = CARTESIAN_POINT ( 'NONE',  ( 1.017788105676657118, 0.5876202367904160839, -2.270833333333333925 ) ) ;
#1073 = CARTESIAN_POINT ( 'NONE',  ( -0.6785254037844375974, 1.175240473580834166, -3.208333333333333481 ) ) ;
#1074 = LINE ( 'NONE', #2713, #4400 ) ;
#1075 = EDGE_LOOP ( 'NONE', ( #1837, #727, #1915, #5175, #1366, #561, #3481, #3114, #828, #293, #2072, #708, #2609, #61, #2813, #1799, #93, #3161, #1889, #3897, #2323, #1069, #3015, #5158, #1484, #5080, #3073, #860, #2347, #1630, #4640, #4157, #142, #1458, #979, #3730, #200, #3880, #4398, #2282, #17, #3065, #5277, #3622, #2218, #2637, #1308, #4246, #3651, #2647 ) ) ;
#1076 = APPROVAL_DATE_TIME ( #5125, #1 ) ;
#1077 = CARTESIAN_POINT ( 'NONE',  ( 0.000000000000000000, 1.499999999999999778, -0.5000000000000007772 ) ) ;
#1078 = LINE ( 'NONE', #3874, #3923 ) ;
#1079 = CARTESIAN_POINT ( 'NONE',  ( 0.000000000000000000, 1.175240473580833944, 3.249999999999999556 ) ) ;
#1080 = CARTESIAN_POINT ( 'NONE',  ( 0.6785254037844372643, -1.175240473580834166, 1.604166666666666075 ) ) ;
#1081 = CARTESIAN_POINT ( 'NONE',  ( 0.8816504037844384856, -1.527063293868264893, 4.307291666666666075 ) ) ;
#1082 = CARTESIAN_POINT ( 'NONE',  ( 0.6785254037844384856, 1.175240473580833722, 3.770833333333333037 ) ) ;
#1083 = CARTESIAN_POINT ( 'NONE',  ( -0.8660254037844479225, -1.499999999999983569, 0.2708333333333332038 ) ) ;
#1084 = ORIENTED_EDGE ( 'NONE', *, *, #2103, .F. ) ;
#1085 = CARTESIAN_POINT ( 'NONE',  ( 1.322475605676659116, 0.7635316469341311141, -1.036458333333332815 ) ) ;
#1086 = CARTESIAN_POINT ( 'NONE',  ( -1.322475605676658450, 0.7635316469341323353, -4.901041666666666075 ) ) ;
#1087 = CARTESIAN_POINT ( 'NONE',  ( 0.4428562685514290664, -1.162712894496795268, 6.000000000000001776 ) ) ;
#1088 = CIRCLE ( 'NONE', #1775, 0.7500000000000001110 ) ;
#1089 = CARTESIAN_POINT ( 'NONE',  ( 0.6785254037844384856, 1.175240473580833722, -5.791666666666667851 ) ) ;
#1090 = CARTESIAN_POINT ( 'NONE',  ( 1.357050807568875417, -2.242832357623997763E-16, 3.624999999999999556 ) ) ;
#1091 = CARTESIAN_POINT ( 'NONE',  ( -1.017788105676656674, 0.5876202367904170831, -0.6666666666666669627 ) ) ;
#1092 = EDGE_CURVE ( 'NONE', #698, #4513, #3339, .T. ) ;
#1093 = CYLINDRICAL_SURFACE ( 'NONE', #2002, 1.499999999999999778 ) ;
#1094 = EDGE_LOOP ( 'NONE', ( #1443, #3909, #4425 ) ) ;
#1095 = FACE_OUTER_BOUND ( 'NONE', #1953, .T. ) ;
#1096 = CARTESIAN_POINT ( 'NONE',  ( 1.322475605676658228, -0.7635316469341327794, -4.619791666666666075 ) ) ;
#1097 = CARTESIAN_POINT ( 'NONE',  ( -0.6785254037844375974, 1.175240473580834166, -3.145833333333333925 ) ) ;
#1098 = CARTESIAN_POINT ( 'NONE',  ( 1.299038105676658450, 0.7499999999999987788, -5.020833333333333037 ) ) ;
#1099 = DIRECTION ( 'NONE',  ( -0.000000000000000000, 3.457852702097173358E-17, 1.000000000000000000 ) ) ;
#1100 = ORIENTED_EDGE ( 'NONE', *, *, #3298, .F. ) ;
#1101 = EDGE_CURVE ( 'NONE', #4819, #940, #4127, .T. ) ;
#1102 = DIRECTION ( 'NONE',  ( 1.000000000000000000, 0.000000000000000000, 0.000000000000000000 ) ) ;
#1103 = CARTESIAN_POINT ( 'NONE',  ( -0.8816504037844393737, -1.527063293868264005, 6.255208333333333925 ) ) ;
#1104 = CARTESIAN_POINT ( 'NONE',  ( -0.6785254037844375974, 1.175240473580834166, 2.791666666666666075 ) ) ;
#1105 = CARTESIAN_POINT ( 'NONE',  ( -1.439254484199187653E-16, -1.175240473580833944, 3.562499999999999556 ) ) ;
#1106 = CARTESIAN_POINT ( 'NONE',  ( -0.8816504037844393737, -1.527063293868264005, 2.723958333333333481 ) ) ;
#1107 = CARTESIAN_POINT ( 'NONE',  ( 1.357050807568875417, -2.242832357623997763E-16, 2.187500000000000000 ) ) ;
#1108 = PLANE ( 'NONE',  #4206 ) ;
#1109 = EDGE_CURVE ( 'NONE', #3488, #3307, #1731, .T. ) ;
#1110 = ORIENTED_EDGE ( 'NONE', *, *, #2616, .T. ) ;
#1111 = CARTESIAN_POINT ( 'NONE',  ( -0.6921099367499797816, -0.9740084670146381685, -5.558749573512040243 ) ) ;
#1112 = CARTESIAN_POINT ( 'NONE',  ( 0.8816504037844398178, 1.527063293868264005, -0.9947916666666662966 ) ) ;
#1113 = CARTESIAN_POINT ( 'NONE',  ( -1.870113174931183868E-16, -1.527063293868264227, -3.734375000000000444 ) ) ;
#1114 = CARTESIAN_POINT ( 'NONE',  ( -1.017788105676656896, -0.5876202367904167501, -6.020833333333333925 ) ) ;
#1115 = CARTESIAN_POINT ( 'NONE',  ( -1.439254484199187653E-16, -1.175240473580833944, -3.000000000000000444 ) ) ;
#1116 = CARTESIAN_POINT ( 'NONE',  ( 0.000000000000000000, 1.558265636316165435E-17, -5.549354535729332127 ) ) ;
#1117 = CARTESIAN_POINT ( 'NONE',  ( 0.6785254037844372643, -1.175240473580834166, 2.541666666666666075 ) ) ;
#1118 = AXIS2_PLACEMENT_3D ( 'NONE', #3504, #4731, #1834 ) ;
#1119 = CARTESIAN_POINT ( 'NONE',  ( 0.000000000000000000, -1.499999999999999778, -5.549354535729332127 ) ) ;
#1120 = VERTEX_POINT ( 'NONE', #2299 ) ;
#1121 = CARTESIAN_POINT ( 'NONE',  ( -0.8660254037844337116, 1.500000000000007550, -0.8958333333333339255 ) ) ;
#1122 = CARTESIAN_POINT ( 'NONE',  ( -1.322475605676658672, -0.7635316469341317802, -3.786458333333333037 ) ) ;
#1123 = CARTESIAN_POINT ( 'NONE',  ( -1.357050807568875417, 1.080983497915110492E-16, -1.562500000000000444 ) ) ;
#1124 = CARTESIAN_POINT ( 'NONE',  ( 0.000000000000000000, 1.499999999999999778, 2.062499999999999112 ) ) ;
#1125 = DIRECTION ( 'NONE',  ( -0.000000000000000000, 3.457852702097173358E-17, 1.000000000000000000 ) ) ;
#1126 = ORIENTED_EDGE ( 'NONE', *, *, #709, .F. ) ;
#1127 = PERSON_AND_ORGANIZATION_ROLE ( 'classification_officer' ) ;
#1128 = CARTESIAN_POINT ( 'NONE',  ( -1.836970198721029688E-16, -1.499999999999999778, -4.687499999999999112 ) ) ;
#1129 = CARTESIAN_POINT ( 'NONE',  ( -0.8816504037844387076, 1.527063293868264449, 6.588541666666667851 ) ) ;
#1130 = CARTESIAN_POINT ( 'NONE',  ( -0.6785254037844375974, 1.175240473580834166, 3.291666666666666519 ) ) ;
#1131 = CARTESIAN_POINT ( 'NONE',  ( -0.6785254037844375974, 1.175240473580834166, 3.354166666666666963 ) ) ;
#1132 = CARTESIAN_POINT ( 'NONE',  ( 0.000000000000000000, 1.527063293868264227, 4.515624999999999112 ) ) ;
#1133 = CARTESIAN_POINT ( 'NONE',  ( -0.6785254037844380415, -1.175240473580833944, 4.520833333333333925 ) ) ;
#1134 = FACE_OUTER_BOUND ( 'NONE', #962, .T. ) ;
#1135 = VERTEX_POINT ( 'NONE', #1913 ) ;
#1136 = DIRECTION ( 'NONE',  ( 0.000000000000000000, 0.000000000000000000, 1.000000000000000000 ) ) ;
#1137 = CARTESIAN_POINT ( 'NONE',  ( 1.322475605676658228, -0.7635316469341327794, 0.8802083333333334814 ) ) ;
#1138 = CARTESIAN_POINT ( 'NONE',  ( 0.8816504037844384856, -1.527063293868264893, -3.692708333333333925 ) ) ;
#1139 = CARTESIAN_POINT ( 'NONE',  ( -1.017788105676656896, -0.5876202367904167501, -3.520833333333333925 ) ) ;
#1140 = CARTESIAN_POINT ( 'NONE',  ( -0.6785254037844380415, -1.175240473580833944, -3.541666666666666519 ) ) ;
#1141 = CARTESIAN_POINT ( 'NONE',  ( 0.2426460913693800625, -0.7259336176145161357, 5.896302034393388958 ) ) ;
#1142 = CARTESIAN_POINT ( 'NONE',  ( -1.017788105676656674, 0.5876202367904170831, 2.333333333333333037 ) ) ;
#1143 = EDGE_CURVE ( 'NONE', #3889, #2673, #5235, .T. ) ;
#1144 = FACE_OUTER_BOUND ( 'NONE', #4834, .T. ) ;
#1145 = ORIENTED_EDGE ( 'NONE', *, *, #2730, .T. ) ;
#1146 = AXIS2_PLACEMENT_3D ( 'NONE', #3596, #1494, #2788 ) ;
#1147 = CARTESIAN_POINT ( 'NONE',  ( -1.763300807568877859, 1.329739878991918111E-16, -1.828125000000000000 ) ) ;
#1148 = CARTESIAN_POINT ( 'NONE',  ( 1.017788105676656452, -0.5876202367904175272, -1.854166666666667185 ) ) ;
#1149 = CARTESIAN_POINT ( 'NONE',  ( 0.000000000000000000, 1.250000000000000222, 6.000000000000000000 ) ) ;
#1150 = CARTESIAN_POINT ( 'NONE',  ( -1.836970198721029688E-16, -1.499999999999999778, -5.187499999999998224 ) ) ;
#1151 =( BOUNDED_CURVE ( )  B_SPLINE_CURVE ( 2, ( #1505, #3499, #1935, #3581, #1478, #3473, #5127 ),
 .UNSPECIFIED., .F., .F. ) 
 B_SPLINE_CURVE_WITH_KNOTS ( ( 3, 2, 2, 3 ),
 ( 0.3851988781696885633, 0.3913717176758613192, 0.3975445571820341861, 0.4037173966882070530 ),
 .UNSPECIFIED. ) 
 CURVE ( )  GEOMETRIC_REPRESENTATION_ITEM ( )  RATIONAL_B_SPLINE_CURVE ( ( 1.000000000000000000, 0.8660254037844387076, 1.000000000000000000, 0.8660254037844387076, 1.000000000000000000, 0.8660254037844387076, 1.000000000000000000 ) ) 
 REPRESENTATION_ITEM ( '' )  );
#1152 = EDGE_LOOP ( 'NONE', ( #797, #2690, #2761, #2980, #4367, #4212, #3231 ) ) ;
#1153 = CARTESIAN_POINT ( 'NONE',  ( 0.8660254037844393737, 1.499999999999999334, 5.020833333333333037 ) ) ;
#1154 = CARTESIAN_POINT ( 'NONE',  ( -1.836970198721029688E-16, -1.499999999999999778, -4.250000000000000888 ) ) ;
#1155 = CARTESIAN_POINT ( 'NONE',  ( 0.6785254037844384856, 1.175240473580833722, 2.208333333333333037 ) ) ;
#1156 = CARTESIAN_POINT ( 'NONE',  ( -0.6785254037844380415, -1.175240473580833722, 5.020833333333332149 ) ) ;
#1157 = CARTESIAN_POINT ( 'NONE',  ( -1.322475605676658672, -0.7635316469341317802, 3.682291666666666963 ) ) ;
#1158 = CARTESIAN_POINT ( 'NONE',  ( -1.017788105676656674, 0.5876202367904170831, 4.395833333333333037 ) ) ;
#1159 = CARTESIAN_POINT ( 'NONE',  ( 0.000000000000000000, 1.558265636316165435E-17, -5.549354535729332127 ) ) ;
#1160 = ORIENTED_EDGE ( 'NONE', *, *, #1401, .T. ) ;
#1161 = DIRECTION ( 'NONE',  ( 0.000000000000000000, -1.000000000000000000, 0.000000000000000000 ) ) ;
#1162 = CARTESIAN_POINT ( 'NONE',  ( 1.763300807568877859, -2.989101500854420495E-16, 3.421875000000000444 ) ) ;
#1163 = CARTESIAN_POINT ( 'NONE',  ( 1.732050807568876971, -2.931696182144386422E-16, -1.125000000000000666 ) ) ;
#1164 = CARTESIAN_POINT ( 'NONE',  ( 0.8816504037844398178, 1.527063293868264005, -5.026041666666666963 ) ) ;
#1165 = CARTESIAN_POINT ( 'NONE',  ( 1.017788105676656452, -0.5876202367904175272, -3.854166666666667407 ) ) ;
#1166 = ADVANCED_FACE ( 'NONE', ( #705 ), #1510, .T. ) ;
#1167 = CARTESIAN_POINT ( 'NONE',  ( -1.017788105676656896, -0.5876202367904167501, -3.083333333333333925 ) ) ;
#1168 = CARTESIAN_POINT ( 'NONE',  ( -1.017788105676656896, -0.5876202367904167501, 6.916666666666666075 ) ) ;
#1169 = VECTOR ( 'NONE', #3543, 1000.000000000000227 ) ;
#1170 = CARTESIAN_POINT ( 'NONE',  ( 0.7500000000000011102, -0.4330127018922189097, 6.000000000000000000 ) ) ;
#1171 = ORIENTED_EDGE ( 'NONE', *, *, #361, .T. ) ;
#1172 = CARTESIAN_POINT ( 'NONE',  ( -1.017788105676656896, -0.5876202367904167501, 0.9791666666666664076 ) ) ;
#1173 = CARTESIAN_POINT ( 'NONE',  ( -1.836970198721029688E-16, -1.499999999999999778, -4.750000000000000888 ) ) ;
#1174 = CARTESIAN_POINT ( 'NONE',  ( -1.299038105676657784, 0.7500000000000001110, 2.645833333333334814 ) ) ;
#1175 = ORIENTED_EDGE ( 'NONE', *, *, #2566, .T. ) ;
#1176 = CARTESIAN_POINT ( 'NONE',  ( 1.017788105676656452, -0.5876202367904175272, 1.583333333333332371 ) ) ;
#1177 = CARTESIAN_POINT ( 'NONE',  ( -0.8660254037844407060, 1.499999999999996447, -4.895833333333333925 ) ) ;
#1178 = CARTESIAN_POINT ( 'NONE',  ( -1.017788105676656674, 0.5876202367904170831, 4.333333333333333037 ) ) ;
#1179 = CARTESIAN_POINT ( 'NONE',  ( 0.6785254037844383745, 1.175240473580833500, 4.770833333333333925 ) ) ;
#1180 = CARTESIAN_POINT ( 'NONE',  ( -1.763300807568877859, 1.329739878991918111E-16, 3.140624999999999556 ) ) ;
#1181 = CARTESIAN_POINT ( 'NONE',  ( -1.017788105676656896, -0.5876202367904167501, 2.979166666666666519 ) ) ;
#1182 = CARTESIAN_POINT ( 'NONE',  ( -1.215879583050518020, -0.2900635094611122011, 6.000000000000000888 ) ) ;
#1183 =( BOUNDED_CURVE ( )  B_SPLINE_CURVE ( 2, ( #4473, #4071, #2467, #5272, #4422, #3674, #1124 ),
 .UNSPECIFIED., .F., .F. ) 
 B_SPLINE_CURVE_WITH_KNOTS ( ( 3, 2, 2, 3 ),
 ( 0.6111111111111110494, 0.6172839506172836943, 0.6234567901234565612, 0.6296296296296293171 ),
 .UNSPECIFIED. ) 
 CURVE ( )  GEOMETRIC_REPRESENTATION_ITEM ( )  RATIONAL_B_SPLINE_CURVE ( ( 1.000000000000002442, 0.8660254037844362651, 1.000000000000000000, 0.8660254037844387076, 1.000000000000000000, 0.8660254037844459241, 0.9999999999999927836 ) ) 
 REPRESENTATION_ITEM ( '' )  );
#1184 = ORIENTED_EDGE ( 'NONE', *, *, #4736, .T. ) ;
#1185 = CARTESIAN_POINT ( 'NONE',  ( 1.357050807568875417, -2.242832357623997763E-16, 6.187499999999999112 ) ) ;
#1186 = CARTESIAN_POINT ( 'NONE',  ( 1.836970198721029688E-16, 1.499999999999999778, -5.549354535729332127 ) ) ;
#1187 = CARTESIAN_POINT ( 'NONE',  ( -1.322475605676658450, 0.7635316469341323353, 2.630208333333334370 ) ) ;
#1188 = FACE_OUTER_BOUND ( 'NONE', #334, .T. ) ;
#1189 = CARTESIAN_POINT ( 'NONE',  ( 1.322475605676658228, -0.7635316469341327794, -4.151041666666666963 ) ) ;
#1190 = CARTESIAN_POINT ( 'NONE',  ( -1.357050807568875417, 1.080983497915110492E-16, -5.562500000000000000 ) ) ;
#1191 = CARTESIAN_POINT ( 'NONE',  ( -1.017788105676656674, 0.5876202367904170831, -2.666666666666666963 ) ) ;
#1192 = CARTESIAN_POINT ( 'NONE',  ( -1.017788105676656674, 0.5876202367904170831, 6.833333333333332149 ) ) ;
#1193 = CC_DESIGN_SECURITY_CLASSIFICATION ( #1328, ( #3213 ) ) ;
#1194 = CARTESIAN_POINT ( 'NONE',  ( 0.7500000000000001110, -1.336911000135114205E-15, 5.883974596215562514 ) ) ;
#1195 = ORIENTED_EDGE ( 'NONE', *, *, #2976, .F. ) ;
#1196 = EDGE_CURVE ( 'NONE', #3549, #4475, #2663, .T. ) ;
#1197 = CARTESIAN_POINT ( 'NONE',  ( -0.6785254037844380415, -1.175240473580833944, 1.520833333333332371 ) ) ;
#1198 = CARTESIAN_POINT ( 'NONE',  ( 0.000000000000000000, 1.558265636316165435E-17, -5.549354535729332127 ) ) ;
#1199 = CARTESIAN_POINT ( 'NONE',  ( -1.017788105676656896, -0.5876202367904167501, -5.083333333333333925 ) ) ;
#1200 = CONICAL_SURFACE ( 'NONE', #265, 0.7500000000000001110, 1.047197551196600074 ) ;
#1201 = EDGE_LOOP ( 'NONE', ( #3934, #2672, #1316, #2741, #1549 ) ) ;
#1202 = CARTESIAN_POINT ( 'NONE',  ( 1.357050807568875417, -2.242832357623997763E-16, 0.1249999999999992506 ) ) ;
#1203 = DIRECTION ( 'NONE',  ( -0.000000000000000000, 3.457852702097173358E-17, 1.000000000000000000 ) ) ;
#1204 = ORIENTED_EDGE ( 'NONE', *, *, #2428, .T. ) ;
#1205 = CARTESIAN_POINT ( 'NONE',  ( 1.732050807568876971, -2.931696182144386422E-16, -4.562500000000000000 ) ) ;
#1206 = CARTESIAN_POINT ( 'NONE',  ( -1.439254484199187653E-16, -1.175240473580833944, 5.500000000000000000 ) ) ;
#1207 = CARTESIAN_POINT ( 'NONE',  ( -1.160176608249386065, -1.044641756495658269, 7.197632119519879801 ) ) ;
#1208 = CARTESIAN_POINT ( 'NONE',  ( -1.017788105676656674, 0.5876202367904170831, 5.895833333333333037 ) ) ;
#1209 = CARTESIAN_POINT ( 'NONE',  ( -1.732050807568876971, 1.310604772755240251E-16, -1.875000000000000444 ) ) ;
#1210 = EDGE_LOOP ( 'NONE', ( #4331, #4932, #4611, #4824 ) ) ;
#1211 = CARTESIAN_POINT ( 'NONE',  ( 1.836970198721029688E-16, 1.499999999999999778, -5.549354535729332127 ) ) ;
#1212 = CARTESIAN_POINT ( 'NONE',  ( 1.961205664685855264E-11, -1.222636114156427922, -5.527363885843576519 ) ) ;
#1213 = ADVANCED_FACE ( 'NONE', ( #3150 ), #1547, .F. ) ;
#1214 = CARTESIAN_POINT ( 'NONE',  ( -0.6785254037844380415, -1.175240473580833944, -1.041666666666667407 ) ) ;
#1215 = CARTESIAN_POINT ( 'NONE',  ( -1.763300807568877859, 1.329739878991918111E-16, 2.171874999999999112 ) ) ;
#1216 = CARTESIAN_POINT ( 'NONE',  ( 0.8660254037844393737, 1.499999999999999334, -1.041666666666667629 ) ) ;
#1217 = CARTESIAN_POINT ( 'NONE',  ( 0.8816504037844398178, 1.527063293868264005, -1.526041666666666963 ) ) ;
#1218 = CARTESIAN_POINT ( 'NONE',  ( 0.6785254037844384856, 1.175240473580833722, -5.229166666666666963 ) ) ;
#1219 = CARTESIAN_POINT ( 'NONE',  ( -1.017788105676656896, -0.5876202367904167501, -2.083333333333333925 ) ) ;
#1220 = CARTESIAN_POINT ( 'NONE',  ( -0.6785254037844375974, 1.175240473580834166, 6.291666666666666075 ) ) ;
#1221 = CARTESIAN_POINT ( 'NONE',  ( 0.8660254037844379305, -1.500000000000000222, -4.208333333333333925 ) ) ;
#1222 = ORIENTED_EDGE ( 'NONE', *, *, #5293, .T. ) ;
#1223 = CARTESIAN_POINT ( 'NONE',  ( 1.017788105676656452, -0.5876202367904175272, 0.1458333333333328707 ) ) ;
#1224 = FACE_OUTER_BOUND ( 'NONE', #3658, .T. ) ;
#1225 = CARTESIAN_POINT ( 'NONE',  ( 0.6785254037844383745, 1.175240473580833500, -5.291666666666666963 ) ) ;
#1226 = EDGE_LOOP ( 'NONE', ( #692, #1809, #4, #620 ) ) ;
#1227 = ADVANCED_FACE ( 'NONE', ( #1003, #4783 ), #1108, .F. ) ;
#1228 = CARTESIAN_POINT ( 'NONE',  ( 1.017788105676657118, 0.5876202367904160839, 2.166666666666665630 ) ) ;
#1229 = DIRECTION ( 'NONE',  ( -0.000000000000000000, 3.457852702097173358E-17, 1.000000000000000000 ) ) ;
#1230 = ORIENTED_EDGE ( 'NONE', *, *, #1475, .F. ) ;
#1231 = CARTESIAN_POINT ( 'NONE',  ( 0.000000000000000000, 1.499999999999999778, -3.437499999999999556 ) ) ;
#1232 = CARTESIAN_POINT ( 'NONE',  ( 0.6785254037844372643, -1.175240473580834166, 5.041666666666666963 ) ) ;
#1233 = CARTESIAN_POINT ( 'NONE',  ( 0.000000000000000000, 1.175240473580833944, -6.187500000000000000 ) ) ;
#1234 = CARTESIAN_POINT ( 'NONE',  ( -0.6785254037844375974, 1.175240473580834166, 6.854166666666666963 ) ) ;
#1235 = CARTESIAN_POINT ( 'NONE',  ( 0.000000000000000000, 1.499999999999999778, 3.499999999999999556 ) ) ;
#1236 = CONICAL_SURFACE ( 'NONE', #2090, 1.499999999999999556, 0.9599310885968781459 ) ;
#1237 = ORIENTED_EDGE ( 'NONE', *, *, #4348, .F. ) ;
#1238 = CARTESIAN_POINT ( 'NONE',  ( 0.000000000000000000, 1.499999999999999778, -2.000000000000000444 ) ) ;
#1239 = CARTESIAN_POINT ( 'NONE',  ( -1.017788105676656896, -0.5876202367904167501, -5.020833333333333925 ) ) ;
#1240 = CARTESIAN_POINT ( 'NONE',  ( 0.6785254037844372643, -1.175240473580834166, -0.9583333333333337034 ) ) ;
#1241 = CARTESIAN_POINT ( 'NONE',  ( -1.322475605676658450, 0.7635316469341323353, 3.130208333333333037 ) ) ;
#1242 = CARTESIAN_POINT ( 'NONE',  ( 0.000000000000000000, 1.499999999999999778, 2.499999999999998224 ) ) ;
#1243 = CARTESIAN_POINT ( 'NONE',  ( -1.322475605676658672, -0.7635316469341317802, -2.317708333333333481 ) ) ;
#1244 = CARTESIAN_POINT ( 'NONE',  ( 0.6785254037844372643, -1.175240473580834166, -1.895833333333333481 ) ) ;
#1245 = CARTESIAN_POINT ( 'NONE',  ( 0.6785254037844372643, -1.175240473580834166, 1.541666666666666075 ) ) ;
#1246 = CARTESIAN_POINT ( 'NONE',  ( 0.6785254037844384856, 1.175240473580833722, 0.7083333333333324822 ) ) ;
#1247 = DIRECTION ( 'NONE',  ( -0.000000000000000000, 3.457852702097173358E-17, 1.000000000000000000 ) ) ;
#1248 = CARTESIAN_POINT ( 'NONE',  ( 0.000000000000000000, 1.499999999999999778, -4.437499999999999112 ) ) ;
#1249 = CARTESIAN_POINT ( 'NONE',  ( 0.6785254037844372643, -1.175240473580834166, 2.104166666666665630 ) ) ;
#1250 = CARTESIAN_POINT ( 'NONE',  ( -1.836970198721029688E-16, -1.499999999999999778, -4.250000000000000888 ) ) ;
#1251 = CARTESIAN_POINT ( 'NONE',  ( -0.6785254037844380415, -1.175240473580833722, -5.041666666666666963 ) ) ;
#1252 = CARTESIAN_POINT ( 'NONE',  ( -1.357050807568875417, 1.080983497915110492E-16, 2.374999999999998668 ) ) ;
#1253 = CARTESIAN_POINT ( 'NONE',  ( 0.000000000000000000, -0.7500000000000000000, -6.000000000000000000 ) ) ;
#1254 = VERTEX_POINT ( 'NONE', #307 ) ;
#1255 = CARTESIAN_POINT ( 'NONE',  ( -0.8660254037844569153, -1.499999999999968248, 0.7708333333333321491 ) ) ;
#1256 = AXIS2_PLACEMENT_3D ( 'NONE', #3580, #5204, #3170 ) ;
#1257 = CARTESIAN_POINT ( 'NONE',  ( 0.000000000000000000, 1.175240473580833944, 4.749999999999999112 ) ) ;
#1258 =( BOUNDED_CURVE ( )  B_SPLINE_CURVE ( 2, ( #3268, #389, #4898, #4952, #3723, #1221, #3294 ),
 .UNSPECIFIED., .F., .F. ) 
 B_SPLINE_CURVE_WITH_KNOTS ( ( 3, 2, 2, 3 ),
 ( 0.8296433226141329831, 0.8358161621203058500, 0.8419890016264786059, 0.8481618411326514728 ),
 .UNSPECIFIED. ) 
 CURVE ( )  GEOMETRIC_REPRESENTATION_ITEM ( )  RATIONAL_B_SPLINE_CURVE ( ( 1.000000000000000000, 0.8660254037844387076, 1.000000000000000000, 0.8660254037844387076, 1.000000000000000000, 0.8660254037844387076, 1.000000000000000000 ) ) 
 REPRESENTATION_ITEM ( '' )  );
#1259 = CARTESIAN_POINT ( 'NONE',  ( 1.322475605676659116, 0.7635316469341311141, 6.932291666666666075 ) ) ;
#1260 = CARTESIAN_POINT ( 'NONE',  ( 0.6785254037844372643, -1.175240473580834166, 5.104166666666666075 ) ) ;
#1261 = CARTESIAN_POINT ( 'NONE',  ( -1.836970198721029688E-16, -1.499999999999999778, -3.750000000000000888 ) ) ;
#1262 = EDGE_CURVE ( 'NONE', #4498, #365, #441, .T. ) ;
#1263 = ORIENTED_EDGE ( 'NONE', *, *, #4424, .F. ) ;
#1264 = CARTESIAN_POINT ( 'NONE',  ( 1.017788105676656452, -0.5876202367904175272, 6.645833333333333037 ) ) ;
#1265 = CARTESIAN_POINT ( 'NONE',  ( -1.357050807568875417, 1.080983497915110246E-16, -4.062500000000000000 ) ) ;
#1266 = CARTESIAN_POINT ( 'NONE',  ( -1.357050807568875417, 1.080983497915110492E-16, -1.625000000000000888 ) ) ;
#1267 = CARTESIAN_POINT ( 'NONE',  ( 0.8816504037844384856, -1.527063293868264893, 3.338541666666666075 ) ) ;
#1268 = CARTESIAN_POINT ( 'NONE',  ( -1.836970198721029688E-16, -1.499999999999999778, -2.250000000000000888 ) ) ;
#1269 = CARTESIAN_POINT ( 'NONE',  ( 1.322475605676659116, 0.7635316469341311141, -2.067708333333333925 ) ) ;
#1270 = CARTESIAN_POINT ( 'NONE',  ( 1.017788105676656452, -0.5876202367904175272, -2.854166666666666963 ) ) ;
#1271 = EDGE_CURVE ( 'NONE', #4698, #588, #4758, .T. ) ;
#1272 = CARTESIAN_POINT ( 'NONE',  ( -1.017788105676656674, 0.5876202367904170831, 1.833333333333332593 ) ) ;
#1273 = CARTESIAN_POINT ( 'NONE',  ( -1.439254484199187653E-16, -1.175240473580833944, -3.437500000000000444 ) ) ;
#1274 = CARTESIAN_POINT ( 'NONE',  ( 0.6785254037844384856, 1.175240473580833722, -0.7916666666666671848 ) ) ;
#1275 = DIRECTION ( 'NONE',  ( 1.000000000000000000, 0.000000000000000000, 0.000000000000000000 ) ) ;
#1276 = CARTESIAN_POINT ( 'NONE',  ( 0.8660254037844291597, -1.500000000000016209, -0.6458333333333340365 ) ) ;
#1277 = CARTESIAN_POINT ( 'NONE',  ( 0.6785254037844372643, -1.175240473580834166, 0.6041666666666660745 ) ) ;
#1278 = CARTESIAN_POINT ( 'NONE',  ( 0.000000000000000000, 1.499999999999999778, 1.062500000000000222 ) ) ;
#1279 = CARTESIAN_POINT ( 'NONE',  ( -0.6785254037844380415, -1.175240473580833722, -4.541666666666666963 ) ) ;
#1280 = CARTESIAN_POINT ( 'NONE',  ( -1.732050807568876971, 1.310604772755240004E-16, -3.812499999999999556 ) ) ;
#1281 = ORIENTED_EDGE ( 'NONE', *, *, #4512, .T. ) ;
#1282 = CARTESIAN_POINT ( 'NONE',  ( -1.836970198721029688E-16, -1.499999999999999778, 4.250000000000000000 ) ) ;
#1283 = CARTESIAN_POINT ( 'NONE',  ( -1.439254484199187653E-16, -1.175240473580833944, 4.499999999999999112 ) ) ;
#1284 = CARTESIAN_POINT ( 'NONE',  ( -1.322475605676658672, -0.7635316469341317802, 6.682291666666666075 ) ) ;
#1285 = CARTESIAN_POINT ( 'NONE',  ( 0.000000000000000000, 1.175240473580833944, 6.312499999999998224 ) ) ;
#1286 = CARTESIAN_POINT ( 'NONE',  ( 0.000000000000000000, 1.499999999999999778, 5.562500000000000888 ) ) ;
#1287 = DIRECTION ( 'NONE',  ( 1.251928832280966188E-16, -1.000000000000000000, 0.000000000000000000 ) ) ;
#1288 = ORIENTED_EDGE ( 'NONE', *, *, #3966, .F. ) ;
#1289 = CARTESIAN_POINT ( 'NONE',  ( 0.8660254037844291597, -1.500000000000016209, 0.3541666666666661856 ) ) ;
#1290 = CARTESIAN_POINT ( 'NONE',  ( -1.017788105676656674, 0.5876202367904170831, -5.104166666666666963 ) ) ;
#1291 =( BOUNDED_CURVE ( )  B_SPLINE_CURVE ( 2, ( #108, #1732, #3428, #3129, #4605, #2224, #4763 ),
 .UNSPECIFIED., .F., .F. ) 
 B_SPLINE_CURVE_WITH_KNOTS ( ( 3, 2, 2, 3 ),
 ( 0.3111248040956144933, 0.3172976436017872492, 0.3234704831079601162, 0.3296433226141329831 ),
 .UNSPECIFIED. ) 
 CURVE ( )  GEOMETRIC_REPRESENTATION_ITEM ( )  RATIONAL_B_SPLINE_CURVE ( ( 1.000000000000000000, 0.8660254037844387076, 1.000000000000000000, 0.8660254037844387076, 1.000000000000000000, 0.8660254037844387076, 1.000000000000000000 ) ) 
 REPRESENTATION_ITEM ( '' )  );
#1292 = CARTESIAN_POINT ( 'NONE',  ( -0.6785254037844380415, -1.175240473580833944, -2.541666666666667407 ) ) ;
#1293 = CARTESIAN_POINT ( 'NONE',  ( 1.763300807568877859, -2.989101500854420495E-16, 5.421875000000000888 ) ) ;
#1294 = CARTESIAN_POINT ( 'NONE',  ( 1.017788105676656452, -0.5876202367904175272, 1.145833333333332815 ) ) ;
#1295 = CARTESIAN_POINT ( 'NONE',  ( -0.8816504037844393737, -1.527063293868264005, -2.276041666666667407 ) ) ;
#1296 = CARTESIAN_POINT ( 'NONE',  ( 0.6785254037844384856, 1.175240473580833722, -2.229166666666667407 ) ) ;
#1297 = CARTESIAN_POINT ( 'NONE',  ( 1.836970198721029688E-16, 1.499999999999999778, -5.549354535729332127 ) ) ;
#1298 = CARTESIAN_POINT ( 'NONE',  ( -0.6785254037844380415, -1.175240473580833722, 1.458333333333332371 ) ) ;
#1299 = CARTESIAN_POINT ( 'NONE',  ( -0.6785254037844375974, 1.175240473580834166, -1.645833333333333259 ) ) ;
#1300 = EDGE_CURVE ( 'NONE', #2236, #2410, #5102, .T. ) ;
#1301 = CARTESIAN_POINT ( 'NONE',  ( -1.439254484199187653E-16, -1.175240473580833944, -8.673617379884035472E-16 ) ) ;
#1302 = CARTESIAN_POINT ( 'NONE',  ( 0.000000000000000000, 1.499999999999999778, 0.5625000000000006661 ) ) ;
#1303 = CARTESIAN_POINT ( 'NONE',  ( -0.6785254037844375974, 1.175240473580834166, -6.145833333333333925 ) ) ;
#1304 = CARTESIAN_POINT ( 'NONE',  ( 1.017788105676656452, -0.5876202367904175272, 3.145833333333332149 ) ) ;
#1305 = CARTESIAN_POINT ( 'NONE',  ( 1.017788105676656452, -0.5876202367904175272, -3.416666666666667407 ) ) ;
#1306 = EDGE_CURVE ( 'NONE', #1135, #2870, #2110, .T. ) ;
#1307 = DIRECTION ( 'NONE',  ( 0.7071067811865487940, 0.000000000000000000, 0.7071067811865463515 ) ) ;
#1308 = ORIENTED_EDGE ( 'NONE', *, *, #4184, .T. ) ;
#1309 = CARTESIAN_POINT ( 'NONE',  ( -1.836970198721029688E-16, -1.499999999999999778, -1.250000000000000666 ) ) ;
#1310 = CARTESIAN_POINT ( 'NONE',  ( -0.8816504037844393737, -1.527063293868264005, -4.744791666666666963 ) ) ;
#1311 = CARTESIAN_POINT ( 'NONE',  ( 0.8816504037844384856, -1.527063293868264893, 5.807291666666665186 ) ) ;
#1312 = CARTESIAN_POINT ( 'NONE',  ( 1.017788105676657118, 0.5876202367904160839, 4.729166666666666075 ) ) ;
#1313 = CARTESIAN_POINT ( 'NONE',  ( 0.000000000000000000, 1.499999999999999778, -4.000000000000000000 ) ) ;
#1314 = CYLINDRICAL_SURFACE ( 'NONE', #2500, 1.499999999999999778 ) ;
#1315 = CONICAL_SURFACE ( 'NONE', #130, 0.8660254037844385966, 0.7853981633974500554 ) ;
#1316 = ORIENTED_EDGE ( 'NONE', *, *, #1789, .F. ) ;
#1317 = CARTESIAN_POINT ( 'NONE',  ( -0.6133225966045900979, -1.500000000000000888, -5.217008497187477722 ) ) ;
#1318 = CARTESIAN_POINT ( 'NONE',  ( 1.357050807568875417, -2.242832357623997763E-16, -0.8750000000000007772 ) ) ;
#1319 = CARTESIAN_POINT ( 'NONE',  ( 0.8816504037844398178, 1.527063293868264005, 5.005208333333333037 ) ) ;
#1320 = CARTESIAN_POINT ( 'NONE',  ( 0.6785254037844372643, -1.175240473580834166, 0.1041666666666664770 ) ) ;
#1321 = CARTESIAN_POINT ( 'NONE',  ( -1.763300807568877859, 1.329739878991918111E-16, -2.859375000000000444 ) ) ;
#1322 = CARTESIAN_POINT ( 'NONE',  ( 1.017788105676657118, 0.5876202367904160839, -2.770833333333333925 ) ) ;
#1323 = DIRECTION ( 'NONE',  ( 1.000000000000000000, 0.000000000000000000, 0.000000000000000000 ) ) ;
#1324 = VECTOR ( 'NONE', #989, 1000.000000000000000 ) ;
#1325 = CARTESIAN_POINT ( 'NONE',  ( -1.357050807568875417, 1.080983497915110246E-16, 5.875000000000000000 ) ) ;
#1326 =( BOUNDED_CURVE ( )  B_SPLINE_CURVE ( 2, ( #5090, #3138, #3059, #3108, #641, #1070, #3515 ),
 .UNSPECIFIED., .F., .F. ) 
 B_SPLINE_CURVE_WITH_KNOTS ( ( 3, 2, 2, 3 ),
 ( 0.7185322115030219337, 0.7247050510091946895, 0.7308778905153675565, 0.7370507300215404234 ),
 .UNSPECIFIED. ) 
 CURVE ( )  GEOMETRIC_REPRESENTATION_ITEM ( )  RATIONAL_B_SPLINE_CURVE ( ( 1.000000000000000000, 0.8660254037844387076, 1.000000000000000000, 0.8660254037844387076, 1.000000000000000000, 0.8660254037844387076, 1.000000000000000000 ) ) 
 REPRESENTATION_ITEM ( '' )  );
#1327 = CARTESIAN_POINT ( 'NONE',  ( -0.6785254037844375974, 1.175240473580834166, -3.645833333333333925 ) ) ;
#1328 = SECURITY_CLASSIFICATION ( '', '', #4800 ) ;
#1329 = ADVANCED_FACE ( 'NONE', ( #1483 ), #2071, .T. ) ;
#1330 = CARTESIAN_POINT ( 'NONE',  ( 1.017788105676656452, -0.5876202367904175272, -0.4166666666666676289 ) ) ;
#1331 = CARTESIAN_POINT ( 'NONE',  ( 0.7500000000000001110, -1.336911000135114205E-15, 5.883974596215562514 ) ) ;
#1332 = ADVANCED_FACE ( 'NONE', ( #1134 ), #1612, .T. ) ;
#1333 = B_SPLINE_CURVE_WITH_KNOTS ( 'NONE', 3,
 ( #4576, #1357, #3801, #27, #1676, #474, #4093, #2999, #1649, #2488, #502, #4632, #417, #2970, #3372, #899, #2542, #2890, #4205, #5002, #2114, #2056 ),
 .UNSPECIFIED., .F., .F.,
 ( 4, 2, 2, 2, 2, 2, 2, 2, 2, 2, 4 ),
 ( 0.001114634058151982125, 0.001624309519345012737, 0.001879147249941528260, 0.002133984980538044217, 0.002643660441731075263, 0.003153335902924106308, 0.003408173633520621831, 0.003663011364117137788, 0.004172686825310169267, 0.004682362286503200313, 0.005192037747696232226 ),
 .UNSPECIFIED. ) ;
#1334 = DIRECTION ( 'NONE',  ( 1.000000000000000000, 0.000000000000000000, 0.000000000000000000 ) ) ;
#1335 = CARTESIAN_POINT ( 'NONE',  ( 0.6785254037844372643, -1.175240473580834166, 3.604166666666665186 ) ) ;
#1336 = CARTESIAN_POINT ( 'NONE',  ( -0.8660254037844383745, 1.499999999999999778, 1.541666666666665853 ) ) ;
#1337 = CARTESIAN_POINT ( 'NONE',  ( 1.017788105676657118, 0.5876202367904160839, -2.833333333333333925 ) ) ;
#1338 = CARTESIAN_POINT ( 'NONE',  ( 1.732050807568876971, -2.931696182144386422E-16, 4.437500000000000000 ) ) ;
#1339 = ORIENTED_EDGE ( 'NONE', *, *, #4265, .F. ) ;
#1340 = DIRECTION ( 'NONE',  ( -0.000000000000000000, 3.457852702097173358E-17, 1.000000000000000000 ) ) ;
#1341 = CARTESIAN_POINT ( 'NONE',  ( 0.000000000000000000, 1.175240473580833944, 6.749999999999999112 ) ) ;
#1342 = CARTESIAN_POINT ( 'NONE',  ( -0.6785254037844380415, -1.175240473580833944, -5.479166666666666963 ) ) ;
#1343 = CARTESIAN_POINT ( 'NONE',  ( -1.439254484199187653E-16, -1.175240473580833944, -6.000000000000000000 ) ) ;
#1344 = CARTESIAN_POINT ( 'NONE',  ( -0.8660254037844337116, 1.500000000000007550, -2.895833333333333037 ) ) ;
#1345 = CARTESIAN_POINT ( 'NONE',  ( 0.000000000000000000, 0.000000000000000000, -6.000000000000000000 ) ) ;
#1346 = EDGE_LOOP ( 'NONE', ( #3360, #4760, #1263, #4186 ) ) ;
#1347 = AXIS2_PLACEMENT_3D ( 'NONE', #2316, #1554, #675 ) ;
#1348 = CARTESIAN_POINT ( 'NONE',  ( -1.732050807568876971, 1.310604772755240004E-16, -0.8124999999999996669 ) ) ;
#1349 = CARTESIAN_POINT ( 'NONE',  ( -0.8816504037844393737, -1.527063293868264005, 3.755208333333333481 ) ) ;
#1350 = CARTESIAN_POINT ( 'NONE',  ( 1.017788105676656452, -0.5876202367904175272, -0.8541666666666671848 ) ) ;
#1351 = CARTESIAN_POINT ( 'NONE',  ( -1.870113174931183868E-16, -1.527063293868264227, 1.765624999999999778 ) ) ;
#1352 = CARTESIAN_POINT ( 'NONE',  ( -0.6785254037844375974, 1.175240473580834166, -1.145833333333333703 ) ) ;
#1353 = CARTESIAN_POINT ( 'NONE',  ( 0.8660254037844393737, 1.499999999999999334, -2.041666666666667851 ) ) ;
#1354 = CARTESIAN_POINT ( 'NONE',  ( 0.6785254037844383745, 1.175240473580833500, 5.708333333333333037 ) ) ;
#1355 = CARTESIAN_POINT ( 'NONE',  ( 1.357050807568875417, -2.242832357623997763E-16, -2.312500000000000444 ) ) ;
#1356 = CARTESIAN_POINT ( 'NONE',  ( 1.017788105676657118, 0.5876202367904160839, 0.1666666666666665186 ) ) ;
#1357 = CARTESIAN_POINT ( 'NONE',  ( 0.1703864844348824403, -1.229012273527273491, -5.520987726469995138 ) ) ;
#1358 =( BOUNDED_CURVE ( )  B_SPLINE_CURVE ( 2, ( #3788, #1372, #149, #5016, #2986, #489, #996 ),
 .UNSPECIFIED., .F., .F. ) 
 B_SPLINE_CURVE_WITH_KNOTS ( ( 3, 2, 2, 3 ),
 ( 0.2407407407407406996, 0.2469135802469135388, 0.2530864197530863779, 0.2592592592592591894 ),
 .UNSPECIFIED. ) 
 CURVE ( )  GEOMETRIC_REPRESENTATION_ITEM ( )  RATIONAL_B_SPLINE_CURVE ( ( 1.000000000000000444, 0.8660254037844381525, 1.000000000000000000, 0.8660254037844387076, 1.000000000000000000, 0.8660254037844399289, 0.9999999999999987788 ) ) 
 REPRESENTATION_ITEM ( '' )  );
#1359 = CARTESIAN_POINT ( 'NONE',  ( 0.6785254037844384856, 1.175240473580833722, 1.208333333333333037 ) ) ;
#1360 = CYLINDRICAL_SURFACE ( 'NONE', #4578, 1.499999999999999778 ) ;
#1361 = CARTESIAN_POINT ( 'NONE',  ( 1.017788105676656452, -0.5876202367904175272, 4.145833333333333037 ) ) ;
#1362 = CARTESIAN_POINT ( 'NONE',  ( 1.281084382469537264, -0.7814157468480249502, 5.828656592439580564 ) ) ;
#1363 = CARTESIAN_POINT ( 'NONE',  ( 0.6785254037844383745, 1.175240473580833500, -2.291666666666667407 ) ) ;
#1364 = EDGE_CURVE ( 'NONE', #4069, #3220, #2373, .T. ) ;
#1365 = DIRECTION ( 'NONE',  ( 0.000000000000000000, 1.000000000000000000, -1.334178587669837291E-16 ) ) ;
#1366 = ORIENTED_EDGE ( 'NONE', *, *, #4202, .T. ) ;
#1367 = CYLINDRICAL_SURFACE ( 'NONE', #5279, 1.499999999999999778 ) ;
#1368 = CARTESIAN_POINT ( 'NONE',  ( -1.322475605676658450, 0.7635316469341323353, -5.869791666666666075 ) ) ;
#1369 = CARTESIAN_POINT ( 'NONE',  ( -1.017788105676656896, -0.5876202367904167501, -3.520833333333333925 ) ) ;
#1370 = CARTESIAN_POINT ( 'NONE',  ( 0.000000000000000000, 1.175240473580833944, -4.250000000000000000 ) ) ;
#1371 = CARTESIAN_POINT ( 'NONE',  ( 0.000000000000000000, 1.499999999999999778, 3.562500000000000444 ) ) ;
#1372 = CARTESIAN_POINT ( 'NONE',  ( 0.8660254037844357100, -1.500000000000003775, -3.145833333333332149 ) ) ;
#1373 = ORIENTED_EDGE ( 'NONE', *, *, #44, .T. ) ;
#1374 = B_SPLINE_CURVE_WITH_KNOTS ( 'NONE', 3,
 ( #2238, #3900, #4248, #971, #202, #1829 ),
 .UNSPECIFIED., .F., .F.,
 ( 4, 2, 4 ),
 ( 0.0004701853814067146679, 0.0009187144778248241411, 0.001367243574242933560 ),
 .UNSPECIFIED. ) ;
#1375 = DIRECTION ( 'NONE',  ( 1.000000000000000000, 0.000000000000000000, 0.000000000000000000 ) ) ;
#1376 = CARTESIAN_POINT ( 'NONE',  ( 0.8816504037844384856, -1.527063293868264893, 4.338541666666666963 ) ) ;
#1377 = CARTESIAN_POINT ( 'NONE',  ( 1.017788105676656452, -0.5876202367904175272, -0.3541666666666675733 ) ) ;
#1378 = CARTESIAN_POINT ( 'NONE',  ( -1.763300807568877859, 1.329739878991918111E-16, 1.140624999999999334 ) ) ;
#1379 = CARTESIAN_POINT ( 'NONE',  ( -0.6785254037844380415, -1.175240473580833944, -0.4791666666666668517 ) ) ;
#1380 = CYLINDRICAL_SURFACE ( 'NONE', #633, 1.499999999999999778 ) ;
#1381 = CARTESIAN_POINT ( 'NONE',  ( -0.6785254037844375974, 1.175240473580834166, 3.791666666666665186 ) ) ;
#1382 = ORIENTED_EDGE ( 'NONE', *, *, #3668, .T. ) ;
#1383 = VECTOR ( 'NONE', #3657, 1000.000000000000000 ) ;
#1384 = ORIENTED_EDGE ( 'NONE', *, *, #1364, .F. ) ;
#1385 = EDGE_CURVE ( 'NONE', #2664, #5169, #263, .T. ) ;
#1386 = CARTESIAN_POINT ( 'NONE',  ( 1.299038105676658672, 0.7499999999999987788, 2.416666666666665630 ) ) ;
#1387 = CARTESIAN_POINT ( 'NONE',  ( -1.299038105676657784, 0.7500000000000001110, 2.583333333333333481 ) ) ;
#1388 = CARTESIAN_POINT ( 'NONE',  ( -0.6785254037844380415, -1.175240473580833944, 3.458333333333332149 ) ) ;
#1389 = DIRECTION ( 'NONE',  ( -0.000000000000000000, 3.457852702097173358E-17, 1.000000000000000000 ) ) ;
#1390 = CARTESIAN_POINT ( 'NONE',  ( -0.6785254037844375974, 1.175240473580834166, 3.354166666666666519 ) ) ;
#1391 = CARTESIAN_POINT ( 'NONE',  ( 1.017788105676656452, -0.5876202367904175272, -1.416666666666666741 ) ) ;
#1392 = CARTESIAN_POINT ( 'NONE',  ( -1.732050807568876971, 1.310604772755240004E-16, 4.187499999999999112 ) ) ;
#1393 = VERTEX_POINT ( 'NONE', #4912 ) ;
#1394 = CARTESIAN_POINT ( 'NONE',  ( -1.732050807568876971, 1.310604772755240004E-16, 5.687500000000001776 ) ) ;
#1395 = CARTESIAN_POINT ( 'NONE',  ( -1.870113174931183868E-16, -1.527063293868264227, -5.703125000000000000 ) ) ;
#1396 = CARTESIAN_POINT ( 'NONE',  ( 0.6785254037844384856, 1.175240473580833722, -3.729166666666666963 ) ) ;
#1397 = CARTESIAN_POINT ( 'NONE',  ( 0.6785254037844384856, 1.175240473580833722, -3.791666666666666963 ) ) ;
#1398 = CARTESIAN_POINT ( 'NONE',  ( 0.000000000000000000, 1.499999999999999778, -3.500000000000000444 ) ) ;
#1399 = DIRECTION ( 'NONE',  ( 0.000000000000000000, -1.000000000000000000, 0.000000000000000000 ) ) ;
#1400 = ORIENTED_EDGE ( 'NONE', *, *, #1014, .F. ) ;
#1401 = EDGE_CURVE ( 'NONE', #4409, #398, #2851, .T. ) ;
#1402 = CARTESIAN_POINT ( 'NONE',  ( 0.8660254037844393737, 1.499999999999999334, -0.5416666666666672958 ) ) ;
#1403 = CARTESIAN_POINT ( 'NONE',  ( -1.322475605676658450, 0.7635316469341323353, 4.630208333333332149 ) ) ;
#1404 = CARTESIAN_POINT ( 'NONE',  ( 0.6785254037844372643, -1.175240473580834166, -0.3958333333333339810 ) ) ;
#1405 = CARTESIAN_POINT ( 'NONE',  ( -0.8816504037844387076, 1.527063293868264449, 2.057291666666665630 ) ) ;
#1406 = CARTESIAN_POINT ( 'NONE',  ( -0.6785254037844375974, 1.175240473580834166, 0.8541666666666662966 ) ) ;
#1407 = FACE_OUTER_BOUND ( 'NONE', #2898, .T. ) ;
#1408 = CARTESIAN_POINT ( 'NONE',  ( 1.357050807568875417, -2.242832357623997763E-16, 5.124999999999999112 ) ) ;
#1409 = EDGE_LOOP ( 'NONE', ( #4691, #1476, #3194, #4706 ) ) ;
#1410 = VERTEX_POINT ( 'NONE', #39 ) ;
#1411 = CARTESIAN_POINT ( 'NONE',  ( 1.732050807568876971, -2.931696182144386422E-16, -3.125000000000000000 ) ) ;
#1412 = CARTESIAN_POINT ( 'NONE',  ( -0.6785254037844380415, -1.175240473580833944, -6.041666666666666963 ) ) ;
#1413 = CARTESIAN_POINT ( 'NONE',  ( -0.6785254037844380415, -1.175240473580833944, 4.458333333333333037 ) ) ;
#1414 = CARTESIAN_POINT ( 'NONE',  ( -0.6785254037844380415, -1.175240473580833944, 3.520833333333332593 ) ) ;
#1415 = CARTESIAN_POINT ( 'NONE',  ( -0.6785254037844380415, -1.175240473580833722, -0.04166666666666727498 ) ) ;
#1416 = CARTESIAN_POINT ( 'NONE',  ( -0.8660254037844479225, -1.499999999999983569, 4.270833333333333037 ) ) ;
#1417 = ORIENTED_EDGE ( 'NONE', *, *, #2548, .T. ) ;
#1418 = CARTESIAN_POINT ( 'NONE',  ( -0.8660254037844383745, 1.499999999999999778, -1.458333333333333703 ) ) ;
#1419 = CARTESIAN_POINT ( 'NONE',  ( -0.8928786493824066861, -0.8039697614378623625, 6.932007464962202548 ) ) ;
#1420 = CARTESIAN_POINT ( 'NONE',  ( -0.6785254037844380415, -1.175240473580833944, -4.979166666666666963 ) ) ;
#1421 = CARTESIAN_POINT ( 'NONE',  ( 0.6785254037844372643, -1.175240473580834166, -4.958333333333333925 ) ) ;
#1422 = CARTESIAN_POINT ( 'NONE',  ( 1.299038105676657562, -0.7500000000000005551, 1.333333333333332815 ) ) ;
#1423 = VECTOR ( 'NONE', #3633, 1000.000000000000000 ) ;
#1424 = CARTESIAN_POINT ( 'NONE',  ( 0.000000000000000000, 1.558265636316165435E-17, -5.549354535729332127 ) ) ;
#1425 = VERTEX_POINT ( 'NONE', #2394 ) ;
#1426 = PERSON_AND_ORGANIZATION ( #3890, #3642 ) ;
#1427 = CARTESIAN_POINT ( 'NONE',  ( 1.017788105676656452, -0.5876202367904175272, 3.145833333333332149 ) ) ;
#1428 = CARTESIAN_POINT ( 'NONE',  ( 1.763300807568877859, -2.989101500854420495E-16, 1.390624999999999556 ) ) ;
#1429 = CARTESIAN_POINT ( 'NONE',  ( -0.6785254037844375974, 1.175240473580834166, 1.854166666666665408 ) ) ;
#1430 = CARTESIAN_POINT ( 'NONE',  ( -1.836970198721029688E-16, -1.499999999999999778, 0.3125000000000005551 ) ) ;
#1431 = CARTESIAN_POINT ( 'NONE',  ( 0.6785254037844383745, 1.175240473580833500, 3.708333333333332593 ) ) ;
#1432 = ORIENTED_EDGE ( 'NONE', *, *, #1562, .F. ) ;
#1433 = CARTESIAN_POINT ( 'NONE',  ( -1.322475605676658672, -0.7635316469341317802, 0.2135416666666665741 ) ) ;
#1434 = EDGE_CURVE ( 'NONE', #4435, #1120, #4031, .T. ) ;
#1435 = PLANE ( 'NONE',  #4836 ) ;
#1436 =( BOUNDED_CURVE ( )  B_SPLINE_CURVE ( 2, ( #4818, #4740, #1899, #3136, #1548, #2281, #2760 ),
 .UNSPECIFIED., .F., .T. ) 
 B_SPLINE_CURVE_WITH_KNOTS ( ( 3, 2, 2, 3 ),
 ( 0.1074211003919107732, 0.1135939398980836401, 0.1197667794042563960, 0.1259396189104292629 ),
 .UNSPECIFIED. ) 
 CURVE ( )  GEOMETRIC_REPRESENTATION_ITEM ( )  RATIONAL_B_SPLINE_CURVE ( ( 1.000000000000000000, 0.8660254037844387076, 1.000000000000000000, 0.8660254037844387076, 1.000000000000000000, 0.8660254037844387076, 1.000000000000000000 ) ) 
 REPRESENTATION_ITEM ( '' )  );
#1437 = CARTESIAN_POINT ( 'NONE',  ( -1.017788105676656896, -0.5876202367904167501, -5.083333333333333925 ) ) ;
#1438 = CARTESIAN_POINT ( 'NONE',  ( -1.017788105676656896, -0.5876202367904167501, 4.416666666666666075 ) ) ;
#1439 = CARTESIAN_POINT ( 'NONE',  ( 1.357050807568875417, -2.242832357623997763E-16, 5.187499999999999112 ) ) ;
#1440 = CARTESIAN_POINT ( 'NONE',  ( 1.017788105676656452, -0.5876202367904175272, 0.5833333333333323711 ) ) ;
#1441 = ADVANCED_FACE ( 'NONE', ( #3255 ), #3685, .T. ) ;
#1442 = LINE ( 'NONE', #4019, #4237 ) ;
#1443 = ORIENTED_EDGE ( 'NONE', *, *, #1651, .F. ) ;
#1444 = CARTESIAN_POINT ( 'NONE',  ( 0.7567068547404928180, -1.500000000000000444, 5.786407075523504417 ) ) ;
#1445 = CARTESIAN_POINT ( 'NONE',  ( 1.322475605676659116, 0.7635316469341311141, -2.536458333333333481 ) ) ;
#1446 = CARTESIAN_POINT ( 'NONE',  ( -1.017788105676656674, 0.5876202367904170831, -4.604166666666666963 ) ) ;
#1447 = CARTESIAN_POINT ( 'NONE',  ( -1.017788105676656896, -0.5876202367904167501, -4.083333333333333925 ) ) ;
#1448 = CARTESIAN_POINT ( 'NONE',  ( 0.000000000000000000, 1.499999999999999778, -4.500000000000001776 ) ) ;
#1449 = CARTESIAN_POINT ( 'NONE',  ( -1.299038105676658006, -0.7499999999999995559, -0.8333333333333338144 ) ) ;
#1450 = ORIENTED_EDGE ( 'NONE', *, *, #2945, .F. ) ;
#1451 = CARTESIAN_POINT ( 'NONE',  ( -0.2454358550358737012, -0.7243229468106909819, 5.883654450522865176 ) ) ;
#1452 = CARTESIAN_POINT ( 'NONE',  ( -1.732050807568876971, 1.310604772755240004E-16, 4.687500000000000000 ) ) ;
#1453 = CARTESIAN_POINT ( 'NONE',  ( -0.6785254037844380415, -1.175240473580833944, 2.458333333333333037 ) ) ;
#1454 = CARTESIAN_POINT ( 'NONE',  ( 1.017788105676657118, 0.5876202367904160839, 3.229166666666666519 ) ) ;
#1455 = CARTESIAN_POINT ( 'NONE',  ( -1.322475605676658450, 0.7635316469341323353, 1.098958333333332815 ) ) ;
#1456 = CARTESIAN_POINT ( 'NONE',  ( -1.357050807568875417, 1.080983497915110492E-16, 0.4374999999999995004 ) ) ;
#1457 = CARTESIAN_POINT ( 'NONE',  ( -1.185310065629299192, 0.01921756294513920701, -5.574759526419172495 ) ) ;
#1458 = ORIENTED_EDGE ( 'NONE', *, *, #3298, .T. ) ;
#1459 = CARTESIAN_POINT ( 'NONE',  ( 1.763300807568877859, -2.989101500854420495E-16, -0.5781249999999996669 ) ) ;
#1460 = CARTESIAN_POINT ( 'NONE',  ( -1.836970198721029688E-16, -1.499999999999999778, -3.250000000000000888 ) ) ;
#1461 = CIRCLE ( 'NONE', #5053, 0.7500000000000001110 ) ;
#1462 = EDGE_CURVE ( 'NONE', #4164, #4292, #4469, .T. ) ;
#1463 =( BOUNDED_CURVE ( )  B_SPLINE_CURVE ( 2, ( #3643, #5269, #54, #4123, #4150, #3698, #2432 ),
 .UNSPECIFIED., .F., .F. ) 
 B_SPLINE_CURVE_WITH_KNOTS ( ( 3, 2, 2, 3 ),
 ( 0.7740877670585774029, 0.7802606065647502698, 0.7864334460709231367, 0.7926062855770958926 ),
 .UNSPECIFIED. ) 
 CURVE ( )  GEOMETRIC_REPRESENTATION_ITEM ( )  RATIONAL_B_SPLINE_CURVE ( ( 1.000000000000000000, 0.8660254037844387076, 1.000000000000000000, 0.8660254037844387076, 1.000000000000000000, 0.8660254037844387076, 1.000000000000000000 ) ) 
 REPRESENTATION_ITEM ( '' )  );
#1464 = CARTESIAN_POINT ( 'NONE',  ( 0.000000000000000000, 1.175240473580833944, -5.750000000000000000 ) ) ;
#1465 = CARTESIAN_POINT ( 'NONE',  ( 0.000000000000000000, 1.175240473580833944, 4.249999999999998224 ) ) ;
#1466 = CARTESIAN_POINT ( 'NONE',  ( -1.017788105676656674, 0.5876202367904170831, -1.166666666666667407 ) ) ;
#1467 = CARTESIAN_POINT ( 'NONE',  ( -1.732050807568876971, 1.310604772755240251E-16, -4.875000000000000888 ) ) ;
#1468 = EDGE_LOOP ( 'NONE', ( #1042, #5258, #3597, #834 ) ) ;
#1469 = CARTESIAN_POINT ( 'NONE',  ( -1.128036067939437892, 0.6719832553585707302, 5.966230785718559915 ) ) ;
#1470 = CARTESIAN_POINT ( 'NONE',  ( 0.8816504037844398178, 1.527063293868264005, -3.994791666666666519 ) ) ;
#1471 = CARTESIAN_POINT ( 'NONE',  ( -0.6785254037844375974, 1.175240473580834166, -1.645833333333333259 ) ) ;
#1472 = CARTESIAN_POINT ( 'NONE',  ( -1.439254484199187653E-16, -1.175240473580833944, -3.000000000000000444 ) ) ;
#1473 = CARTESIAN_POINT ( 'NONE',  ( 1.299038105676658672, 0.7499999999999987788, -4.583333333333333925 ) ) ;
#1474 = DIRECTION ( 'NONE',  ( -0.000000000000000000, 3.457852702097173358E-17, 1.000000000000000000 ) ) ;
#1475 = EDGE_CURVE ( 'NONE', #1925, #208, #2801, .T. ) ;
#1476 = ORIENTED_EDGE ( 'NONE', *, *, #109, .T. ) ;
#1477 = LINE ( 'NONE', #2717, #2725 ) ;
#1478 = CARTESIAN_POINT ( 'NONE',  ( 1.299038105676657562, -0.7500000000000005551, 1.833333333333332371 ) ) ;
#1479 = CARTESIAN_POINT ( 'NONE',  ( -1.439254484199187653E-16, -1.175240473580833944, 2.499999999999998668 ) ) ;
#1480 = CARTESIAN_POINT ( 'NONE',  ( -1.017788105676656674, 0.5876202367904170831, 3.395833333333332149 ) ) ;
#1481 = CARTESIAN_POINT ( 'NONE',  ( 0.8816504037844398178, 1.527063293868264005, 3.973958333333332593 ) ) ;
#1482 = CARTESIAN_POINT ( 'NONE',  ( 0.000000000000000000, 1.175240473580833944, 3.312499999999999556 ) ) ;
#1483 = FACE_OUTER_BOUND ( 'NONE', #3007, .T. ) ;
#1484 = ORIENTED_EDGE ( 'NONE', *, *, #2649, .T. ) ;
#1485 = CARTESIAN_POINT ( 'NONE',  ( 1.322475605676658228, -0.7635316469341327794, 0.3802083333333330928 ) ) ;
#1486 = CARTESIAN_POINT ( 'NONE',  ( 0.000000000000000000, 1.499999999999999778, -5.000000000000000888 ) ) ;
#1487 = CARTESIAN_POINT ( 'NONE',  ( 0.000000000000000000, 1.175240473580833944, -6.187500000000000000 ) ) ;
#1488 = AXIS2_PLACEMENT_3D ( 'NONE', #469, #2109, #77 ) ;
#1489 = CARTESIAN_POINT ( 'NONE',  ( -1.357050807568875417, 1.080983497915110492E-16, -6.125000000000000000 ) ) ;
#1490 = CARTESIAN_POINT ( 'NONE',  ( 1.017788105676657118, 0.5876202367904160839, 3.666666666666665186 ) ) ;
#1491 = ADVANCED_FACE ( 'NONE', ( #1966 ), #1200, .F. ) ;
#1492 = CARTESIAN_POINT ( 'NONE',  ( 0.000000000000000000, 1.175240473580833944, -0.7500000000000006661 ) ) ;
#1493 =( BOUNDED_CURVE ( )  B_SPLINE_CURVE ( 2, ( #3888, #2573, #4211, #4266, #217, #1764, #3487 ),
 .UNSPECIFIED., .F., .F. ) 
 B_SPLINE_CURVE_WITH_KNOTS ( ( 3, 2, 2, 3 ),
 ( 0.2777777777777777346, 0.2839506172839505460, 0.2901234567901234684, 0.2962962962962962798 ),
 .UNSPECIFIED. ) 
 CURVE ( )  GEOMETRIC_REPRESENTATION_ITEM ( )  RATIONAL_B_SPLINE_CURVE ( ( 1.000000000000001332, 0.8660254037844375974, 1.000000000000000000, 0.8660254037844387076, 1.000000000000000000, 0.8660254037844387076, 1.000000000000000000 ) ) 
 REPRESENTATION_ITEM ( '' )  );
#1494 = DIRECTION ( 'NONE',  ( -0.000000000000000000, 3.457852702097173358E-17, 1.000000000000000000 ) ) ;
#1495 = VERTEX_POINT ( 'NONE', #4082 ) ;
#1496 = LINE ( 'NONE', #1017, #3494 ) ;
#1497 = CARTESIAN_POINT ( 'NONE',  ( -0.8816504037844387076, 1.527063293868264449, -4.411458333333333037 ) ) ;
#1498 = EDGE_CURVE ( 'NONE', #4073, #1864, #16, .T. ) ;
#1499 = CARTESIAN_POINT ( 'NONE',  ( -0.6785254037844380415, -1.175240473580833944, -0.9791666666666672958 ) ) ;
#1500 = CARTESIAN_POINT ( 'NONE',  ( 1.732050807568876971, -2.931696182144386422E-16, -5.062499999999999112 ) ) ;
#1501 = CARTESIAN_POINT ( 'NONE',  ( 0.000000000000000000, 1.499999999999999778, 3.562500000000000444 ) ) ;
#1502 = ORIENTED_EDGE ( 'NONE', *, *, #2262, .F. ) ;
#1503 = SHAPE_DEFINITION_REPRESENTATION ( #2445, #2933 ) ;
#1504 = DIRECTION ( 'NONE',  ( -0.000000000000000000, 3.457852702097173358E-17, 1.000000000000000000 ) ) ;
#1505 = CARTESIAN_POINT ( 'NONE',  ( 0.000000000000000000, 1.499999999999999778, 1.999999999999999556 ) ) ;
#1506 = CARTESIAN_POINT ( 'NONE',  ( 0.6785254037844384856, 1.175240473580833722, 2.708333333333333481 ) ) ;
#1507 = CARTESIAN_POINT ( 'NONE',  ( 1.017788105676656452, -0.5876202367904175272, 2.145833333333333037 ) ) ;
#1508 = CARTESIAN_POINT ( 'NONE',  ( -1.870113174931183868E-16, -1.527063293868264227, 4.765624999999999112 ) ) ;
#1509 = CARTESIAN_POINT ( 'NONE',  ( 1.017788105676656452, -0.5876202367904175272, 4.145833333333333037 ) ) ;
#1510 = CYLINDRICAL_SURFACE ( 'NONE', #2063, 1.499999999999999778 ) ;
#1511 = ORIENTED_EDGE ( 'NONE', *, *, #2843, .F. ) ;
#1512 = CARTESIAN_POINT ( 'NONE',  ( -1.836970198721029688E-16, -1.499999999999999778, 5.249999999999999112 ) ) ;
#1513 = CARTESIAN_POINT ( 'NONE',  ( 0.8816504037844398178, 1.527063293868264005, 0.005208333333333627080 ) ) ;
#1514 = CARTESIAN_POINT ( 'NONE',  ( -1.322475605676658450, 0.7635316469341323353, -3.901041666666666963 ) ) ;
#1515 = CARTESIAN_POINT ( 'NONE',  ( 0.6785254037844384856, 1.175240473580833722, -4.229166666666667851 ) ) ;
#1516 = CIRCLE ( 'NONE', #4264, 1.500000000000000000 ) ;
#1517 = CARTESIAN_POINT ( 'NONE',  ( -0.6785254037844380415, -1.175240473580833944, -4.041666666666666963 ) ) ;
#1518 = CARTESIAN_POINT ( 'NONE',  ( 0.6785254037844372643, -1.175240473580834166, 6.541666666666665186 ) ) ;
#1519 = CARTESIAN_POINT ( 'NONE',  ( 0.000000000000000000, 1.175240473580833944, 3.249999999999999556 ) ) ;
#1520 = DIRECTION ( 'NONE',  ( 0.8660254037844385966, 0.5000000000000000000, 0.000000000000000000 ) ) ;
#1521 = ORIENTED_EDGE ( 'NONE', *, *, #258, .F. ) ;
#1522 = CARTESIAN_POINT ( 'NONE',  ( 0.000000000000000000, 1.499999999999999778, -0.9374999999999997780 ) ) ;
#1523 = CARTESIAN_POINT ( 'NONE',  ( 0.8816504037844398178, 1.527063293868264005, -3.494791666666666519 ) ) ;
#1524 = CARTESIAN_POINT ( 'NONE',  ( -1.439254484199187653E-16, -1.175240473580833944, -0.9375000000000008882 ) ) ;
#1525 = CARTESIAN_POINT ( 'NONE',  ( 0.7500000000000000000, 0.4330127018922177440, 6.000000000000000000 ) ) ;
#1526 = CARTESIAN_POINT ( 'NONE',  ( -0.7500000000000001110, 0.4330127018922192428, 5.062500000000000000 ) ) ;
#1527 =( BOUNDED_CURVE ( )  B_SPLINE_CURVE ( 2, ( #4375, #2317, #2770, #2239, #1856, #1025, #5098 ),
 .UNSPECIFIED., .F., .F. ) 
 B_SPLINE_CURVE_WITH_KNOTS ( ( 3, 2, 2, 3 ),
 ( 0.6296296296296293171, 0.6358024691358022951, 0.6419753086419750510, 0.6481481481481480289 ),
 .UNSPECIFIED. ) 
 CURVE ( )  GEOMETRIC_REPRESENTATION_ITEM ( )  RATIONAL_B_SPLINE_CURVE ( ( 1.000000000000007327, 0.8660254037844314912, 1.000000000000000000, 0.8660254037844387076, 1.000000000000000000, 0.8660254037844411501, 0.9999999999999975575 ) ) 
 REPRESENTATION_ITEM ( '' )  );
#1528 = ORIENTED_EDGE ( 'NONE', *, *, #4289, .F. ) ;
#1529 = PERSON_AND_ORGANIZATION ( #3890, #3642 ) ;
#1530 = CARTESIAN_POINT ( 'NONE',  ( 1.299038105676657562, -0.7500000000000005551, 4.895833333333333037 ) ) ;
#1531 = CARTESIAN_POINT ( 'NONE',  ( -1.299038105676657784, 0.7500000000000001110, 4.645833333333332149 ) ) ;
#1532 = CARTESIAN_POINT ( 'NONE',  ( 1.017788105676657118, 0.5876202367904160839, 3.166666666666666519 ) ) ;
#1533 = CARTESIAN_POINT ( 'NONE',  ( -1.017788105676656674, 0.5876202367904170831, 1.895833333333332593 ) ) ;
#1534 = CARTESIAN_POINT ( 'NONE',  ( 1.322475605676659116, 0.7635316469341311141, 3.932291666666665630 ) ) ;
#1535 = CARTESIAN_POINT ( 'NONE',  ( -0.6785254037844375974, 1.175240473580834166, 4.354166666666666075 ) ) ;
#1536 = CARTESIAN_POINT ( 'NONE',  ( 0.000000000000000000, -1.499999999999999778, -5.549354535729332127 ) ) ;
#1537 = ORIENTED_EDGE ( 'NONE', *, *, #4018, .F. ) ;
#1538 = ORIENTED_EDGE ( 'NONE', *, *, #5071, .F. ) ;
#1539 = B_SPLINE_CURVE_WITH_KNOTS ( 'NONE', 3,
 ( #787, #2422, #408, #2045 ),
 .UNSPECIFIED., .F., .F.,
 ( 4, 4 ),
 ( 3.787343371798887260E-18, 0.0006023547463661223754 ),
 .UNSPECIFIED. ) ;
#1540 = CARTESIAN_POINT ( 'NONE',  ( -1.763300807568877859, 1.329739878991918111E-16, -0.8281249999999998890 ) ) ;
#1541 = CARTESIAN_POINT ( 'NONE',  ( -1.870113174931183868E-16, -1.527063293868264227, -3.234375000000000444 ) ) ;
#1542 = CARTESIAN_POINT ( 'NONE',  ( -1.017788105676656896, -0.5876202367904167501, -4.520833333333333037 ) ) ;
#1543 = EDGE_CURVE ( 'NONE', #2156, #3549, #607, .T. ) ;
#1544 = CARTESIAN_POINT ( 'NONE',  ( -1.017788105676656674, 0.5876202367904170831, -3.166666666666666963 ) ) ;
#1545 = CARTESIAN_POINT ( 'NONE',  ( 1.017788105676657118, 0.5876202367904160839, 5.666666666666665186 ) ) ;
#1546 = CARTESIAN_POINT ( 'NONE',  ( 1.017788105676656452, -0.5876202367904175272, 2.583333333333333481 ) ) ;
#1547 = CONICAL_SURFACE ( 'NONE', #1118, 1664.279482350526223, 1.029744258676656532 ) ;
#1548 = CARTESIAN_POINT ( 'NONE',  ( -1.299038105676657784, 0.7500000000000001110, 5.583333333333332149 ) ) ;
#1549 = ORIENTED_EDGE ( 'NONE', *, *, #2750, .F. ) ;
#1550 = CARTESIAN_POINT ( 'NONE',  ( 0.8816504037844398178, 1.527063293868264005, -1.994791666666666519 ) ) ;
#1551 = CARTESIAN_POINT ( 'NONE',  ( -1.017788105676656674, 0.5876202367904170831, -2.104166666666667407 ) ) ;
#1552 = DIRECTION ( 'NONE',  ( -1.251928832280967174E-16, 1.000000000000000000, 0.000000000000000000 ) ) ;
#1553 = ORIENTED_EDGE ( 'NONE', *, *, #2811, .T. ) ;
#1554 = DIRECTION ( 'NONE',  ( 0.000000000000000000, 0.000000000000000000, 1.000000000000000000 ) ) ;
#1555 = DIRECTION ( 'NONE',  ( -0.000000000000000000, 3.457852702097173358E-17, 1.000000000000000000 ) ) ;
#1556 = CARTESIAN_POINT ( 'NONE',  ( -0.6785254037844380415, -1.175240473580833944, 3.458333333333332149 ) ) ;
#1557 = CARTESIAN_POINT ( 'NONE',  ( 1.357050807568875417, -2.242832357623997763E-16, 4.687499999999999112 ) ) ;
#1558 = CARTESIAN_POINT ( 'NONE',  ( -1.870113174931183868E-16, -1.527063293868264227, 3.765625000000000000 ) ) ;
#1559 = CARTESIAN_POINT ( 'NONE',  ( 0.6785254037844372643, -1.175240473580834166, 3.604166666666665186 ) ) ;
#1560 = CARTESIAN_POINT ( 'NONE',  ( -0.8660254037844391517, -1.499999999999999334, -1.791666666666667629 ) ) ;
#1561 =( BOUNDED_CURVE ( )  B_SPLINE_CURVE ( 2, ( #2367, #1177, #3222, #4826, #3195, #2769, #1128 ),
 .UNSPECIFIED., .F., .F. ) 
 B_SPLINE_CURVE_WITH_KNOTS ( ( 3, 2, 2, 3 ),
 ( 0.1111111111111111327, 0.1172839506172839580, 0.1234567901234567694, 0.1296296296296295947 ),
 .UNSPECIFIED. ) 
 CURVE ( )  GEOMETRIC_REPRESENTATION_ITEM ( )  RATIONAL_B_SPLINE_CURVE ( ( 0.9999999999999994449, 0.8660254037844392627, 1.000000000000000000, 0.8660254037844387076, 1.000000000000000000, 0.8660254037844392627, 0.9999999999999994449 ) ) 
 REPRESENTATION_ITEM ( '' )  );
#1562 = EDGE_CURVE ( 'NONE', #2557, #1563, #4816, .T. ) ;
#1563 = VERTEX_POINT ( 'NONE', #4539 ) ;
#1564 = CARTESIAN_POINT ( 'NONE',  ( 1.357050807568875417, -2.242832357623997763E-16, -5.312500000000000888 ) ) ;
#1565 = CARTESIAN_POINT ( 'NONE',  ( -1.763300807568877859, 1.329739878991918111E-16, 3.171875000000000000 ) ) ;
#1566 = CARTESIAN_POINT ( 'NONE',  ( -0.8816504037844387076, 1.527063293868264449, -5.442708333333332149 ) ) ;
#1567 = CARTESIAN_POINT ( 'NONE',  ( -0.6785254037844375974, 1.175240473580834166, -4.645833333333333037 ) ) ;
#1568 = CARTESIAN_POINT ( 'NONE',  ( -1.357050807568875417, 1.080983497915110492E-16, -2.625000000000000444 ) ) ;
#1569 = DIRECTION ( 'NONE',  ( -0.000000000000000000, 3.457852702097173358E-17, 1.000000000000000000 ) ) ;
#1570 = VECTOR ( 'NONE', #2437, 1000.000000000000000 ) ;
#1571 = CARTESIAN_POINT ( 'NONE',  ( 1.299038105676657562, -0.7500000000000005551, -1.104166666666666297 ) ) ;
#1572 = VERTEX_POINT ( 'NONE', #859 ) ;
#1573 = VECTOR ( 'NONE', #2625, 1000.000000000000000 ) ;
#1574 = CARTESIAN_POINT ( 'NONE',  ( 1.017788105676656452, -0.5876202367904175272, -2.354166666666666963 ) ) ;
#1575 = DIRECTION ( 'NONE',  ( 0.000000000000000000, -1.000000000000000000, 0.000000000000000000 ) ) ;
#1576 = DIRECTION ( 'NONE',  ( 1.000000000000000000, 1.251928832280967174E-16, 0.000000000000000000 ) ) ;
#1577 = VERTEX_POINT ( 'NONE', #3415 ) ;
#1578 = CARTESIAN_POINT ( 'NONE',  ( 1.017788105676657118, 0.5876202367904160839, 0.6666666666666660745 ) ) ;
#1579 = CARTESIAN_POINT ( 'NONE',  ( 0.8660254037844291597, -1.500000000000016209, 4.854166666666666075 ) ) ;
#1580 = CARTESIAN_POINT ( 'NONE',  ( 0.8660254037844440367, 1.499999999999991562, -3.479166666666667407 ) ) ;
#1581 = CARTESIAN_POINT ( 'NONE',  ( -0.6785254037844380415, -1.175240473580833944, 5.458333333333333037 ) ) ;
#1582 = CARTESIAN_POINT ( 'NONE',  ( -1.017788105676656896, -0.5876202367904167501, 4.479166666666666075 ) ) ;
#1583 = CARTESIAN_POINT ( 'NONE',  ( -1.322475605676658672, -0.7635316469341317802, 3.182291666666666519 ) ) ;
#1584 = CARTESIAN_POINT ( 'NONE',  ( -0.6785254037844380415, -1.175240473580833944, 2.020833333333332593 ) ) ;
#1585 = DIRECTION ( 'NONE',  ( 0.000000000000000000, -1.000000000000000000, 0.000000000000000000 ) ) ;
#1586 = ORIENTED_EDGE ( 'NONE', *, *, #3802, .F. ) ;
#1587 = CARTESIAN_POINT ( 'NONE',  ( -1.017788105676656674, 0.5876202367904170831, 6.895833333333332149 ) ) ;
#1588 = CYLINDRICAL_SURFACE ( 'NONE', #2366, 1.499999999999999778 ) ;
#1589 = CARTESIAN_POINT ( 'NONE',  ( -1.322475605676658672, -0.7635316469341317802, 1.713541666666666075 ) ) ;
#1590 = CARTESIAN_POINT ( 'NONE',  ( -1.291761190592397801, 0.6447136618955071619, -5.313314946529775540 ) ) ;
#1591 = CARTESIAN_POINT ( 'NONE',  ( 1.322475605676659116, 0.7635316469341311141, -4.567708333333333037 ) ) ;
#1592 = CARTESIAN_POINT ( 'NONE',  ( -1.017788105676656674, 0.5876202367904170831, -4.104166666666667851 ) ) ;
#1593 = AXIS2_PLACEMENT_3D ( 'NONE', #2348, #2375, #1161 ) ;
#1594 = ADVANCED_FACE ( 'NONE', ( #2097 ), #2503, .T. ) ;
#1595 = CARTESIAN_POINT ( 'NONE',  ( 0.000000000000000000, 1.175240473580833944, -2.250000000000000444 ) ) ;
#1596 = CARTESIAN_POINT ( 'NONE',  ( 0.6785254037844384856, 1.175240473580833722, 6.208333333333333037 ) ) ;
#1597 = CARTESIAN_POINT ( 'NONE',  ( 0.8660254037844244968, -1.500000000000023981, -1.145833333333333703 ) ) ;
#1598 = EDGE_LOOP ( 'NONE', ( #3514, #5285, #577, #4991 ) ) ;
#1599 = CARTESIAN_POINT ( 'NONE',  ( -1.017788105676656674, 0.5876202367904170831, 1.895833333333332593 ) ) ;
#1600 = CARTESIAN_POINT ( 'NONE',  ( -1.836970198721029688E-16, -1.499999999999999778, 2.749999999999998668 ) ) ;
#1601 = CARTESIAN_POINT ( 'NONE',  ( 0.4418558714824435962, 0.6109197974410328635, 5.884137217587759316 ) ) ;
#1602 = ORIENTED_EDGE ( 'NONE', *, *, #415, .F. ) ;
#1603 = EDGE_CURVE ( 'NONE', #4682, #4498, #3143, .T. ) ;
#1604 = CARTESIAN_POINT ( 'NONE',  ( -0.6785254037844380415, -1.175240473580833944, 0.4583333333333332038 ) ) ;
#1605 = LINE ( 'NONE', #4907, #5257 ) ;
#1606 = EDGE_LOOP ( 'NONE', ( #2777, #308, #1873 ) ) ;
#1607 = CARTESIAN_POINT ( 'NONE',  ( -1.299038105676657784, 0.7500000000000001110, 0.5833333333333328152 ) ) ;
#1608 = CARTESIAN_POINT ( 'NONE',  ( 1.017788105676657118, 0.5876202367904160839, 4.666666666666666075 ) ) ;
#1609 = CARTESIAN_POINT ( 'NONE',  ( 0.000000000000000000, 1.175240473580833944, 5.312499999999999112 ) ) ;
#1610 = CARTESIAN_POINT ( 'NONE',  ( -0.8816504037844387076, 1.527063293868264449, 6.057291666666666075 ) ) ;
#1611 = CARTESIAN_POINT ( 'NONE',  ( 1.017788105676657118, 0.5876202367904160839, 6.729166666666666075 ) ) ;
#1612 = CYLINDRICAL_SURFACE ( 'NONE', #1894, 1.499999999999999778 ) ;
#1613 = VERTEX_POINT ( 'NONE', #1286 ) ;
#1614 = CARTESIAN_POINT ( 'NONE',  ( 0.000000000000000000, 1.499999999999999778, -4.500000000000001776 ) ) ;
#1615 = CARTESIAN_POINT ( 'NONE',  ( -0.8905076285527200319, -0.7785698699180650939, -5.570878748836721073 ) ) ;
#1616 = CARTESIAN_POINT ( 'NONE',  ( 1.017788105676657118, 0.5876202367904160839, -0.3333333333333339255 ) ) ;
#1617 = CARTESIAN_POINT ( 'NONE',  ( 1.322475605676659116, 0.7635316469341311141, 1.463541666666665853 ) ) ;
#1618 = CARTESIAN_POINT ( 'NONE',  ( 0.000000000000000000, 1.100112572632367757E-14, 5.062500000000000000 ) ) ;
#1619 = CARTESIAN_POINT ( 'NONE',  ( -1.763300807568877859, 1.329739878991918111E-16, -5.359375000000000888 ) ) ;
#1620 = CARTESIAN_POINT ( 'NONE',  ( 1.357050807568875417, -2.242832357623997763E-16, -4.812500000000000888 ) ) ;
#1621 = CARTESIAN_POINT ( 'NONE',  ( -1.017788105676656674, 0.5876202367904170831, -4.166666666666667851 ) ) ;
#1622 = CYLINDRICAL_SURFACE ( 'NONE', #722, 1.499999999999999778 ) ;
#1623 = EDGE_CURVE ( 'NONE', #2867, #234, #4277, .T. ) ;
#1624 = DIRECTION ( 'NONE',  ( 0.000000000000000000, 0.000000000000000000, 1.000000000000000000 ) ) ;
#1625 = ORIENTED_EDGE ( 'NONE', *, *, #3214, .T. ) ;
#1626 = CARTESIAN_POINT ( 'NONE',  ( 1.017788105676657118, 0.5876202367904160839, 0.2291666666666665741 ) ) ;
#1627 = CARTESIAN_POINT ( 'NONE',  ( -0.8660254037844383745, 1.499999999999999778, 1.604166666666666297 ) ) ;
#1628 = CARTESIAN_POINT ( 'NONE',  ( 0.7500000000000001110, -0.4330127018922189652, 5.062500000000000000 ) ) ;
#1629 = AXIS2_PLACEMENT_3D ( 'NONE', #645, #2287, #3112 ) ;
#1630 = ORIENTED_EDGE ( 'NONE', *, *, #5268, .T. ) ;
#1631 = CARTESIAN_POINT ( 'NONE',  ( 0.6785254037844372643, -1.175240473580834166, 2.041666666666665630 ) ) ;
#1632 = CARTESIAN_POINT ( 'NONE',  ( -0.8660254037844434816, -1.499999999999991562, -3.729166666666666075 ) ) ;
#1633 = ORIENTED_EDGE ( 'NONE', *, *, #3431, .F. ) ;
#1634 = CARTESIAN_POINT ( 'NONE',  ( -1.836970198721029688E-16, -1.499999999999999778, -1.687499999999999556 ) ) ;
#1635 = CARTESIAN_POINT ( 'NONE',  ( 1.017788105676656452, -0.5876202367904175272, 4.583333333333333037 ) ) ;
#1636 = CARTESIAN_POINT ( 'NONE',  ( -1.322475605676658672, -0.7635316469341317802, 5.182291666666666963 ) ) ;
#1637 = CARTESIAN_POINT ( 'NONE',  ( 1.017788105676656452, -0.5876202367904175272, 6.145833333333333037 ) ) ;
#1638 = DIRECTION ( 'NONE',  ( -0.000000000000000000, 3.457852702097173358E-17, 1.000000000000000000 ) ) ;
#1639 = EDGE_LOOP ( 'NONE', ( #2852, #515, #2442, #3331 ) ) ;
#1640 = CARTESIAN_POINT ( 'NONE',  ( 1.017788105676657118, 0.5876202367904160839, 6.229166666666666075 ) ) ;
#1641 = CARTESIAN_POINT ( 'NONE',  ( 0.000000000000000000, 1.175240473580833944, -5.187500000000000000 ) ) ;
#1642 = CARTESIAN_POINT ( 'NONE',  ( -0.6785254037844375974, 1.175240473580834166, -1.208333333333333925 ) ) ;
#1643 = CARTESIAN_POINT ( 'NONE',  ( 0.8816504037844398178, 1.527063293868264005, 3.005208333333333037 ) ) ;
#1644 = CARTESIAN_POINT ( 'NONE',  ( 1.299038105676658672, 0.7499999999999987788, -1.083333333333333925 ) ) ;
#1645 = CARTESIAN_POINT ( 'NONE',  ( -1.322475605676658672, -0.7635316469341317802, -2.817708333333333481 ) ) ;
#1646 = CARTESIAN_POINT ( 'NONE',  ( -1.017788105676656674, 0.5876202367904170831, -1.104166666666667407 ) ) ;
#1647 = CARTESIAN_POINT ( 'NONE',  ( -1.439254484199187653E-16, -1.175240473580833944, 0.9999999999999991118 ) ) ;
#1648 = CARTESIAN_POINT ( 'NONE',  ( -1.017788105676656674, 0.5876202367904170831, -0.6666666666666669627 ) ) ;
#1649 = CARTESIAN_POINT ( 'NONE',  ( 1.143516019026405539, -0.5939739477295292724, -5.472650059725124194 ) ) ;
#1650 = EDGE_CURVE ( 'NONE', #4435, #460, #2833, .T. ) ;
#1651 = EDGE_CURVE ( 'NONE', #3461, #1023, #1461, .T. ) ;
#1652 = CARTESIAN_POINT ( 'NONE',  ( 1.732050807568876971, -2.931696182144386422E-16, -1.062499999999999778 ) ) ;
#1653 = CARTESIAN_POINT ( 'NONE',  ( -0.6785254037844380415, -1.175240473580833944, 2.020833333333332593 ) ) ;
#1654 = DIRECTION ( 'NONE',  ( 0.000000000000000000, 0.000000000000000000, 1.000000000000000000 ) ) ;
#1655 = CARTESIAN_POINT ( 'NONE',  ( 0.2454358550358753943, 0.7243229468106894275, 5.883654450522867840 ) ) ;
#1656 = EDGE_CURVE ( 'NONE', #4292, #3611, #394, .T. ) ;
#1657 = CARTESIAN_POINT ( 'NONE',  ( 0.000000000000000000, 1.175240473580833944, 2.249999999999998668 ) ) ;
#1658 = ORIENTED_EDGE ( 'NONE', *, *, #2170, .T. ) ;
#1659 = CARTESIAN_POINT ( 'NONE',  ( -1.299038105676657784, 0.7500000000000001110, 0.6458333333333335924 ) ) ;
#1660 = CARTESIAN_POINT ( 'NONE',  ( -1.357050807568875417, 1.080983497915110492E-16, 4.874999999999999112 ) ) ;
#1661 = CARTESIAN_POINT ( 'NONE',  ( -1.439254484199187653E-16, -1.175240473580833944, -5.937500000000000000 ) ) ;
#1662 = CARTESIAN_POINT ( 'NONE',  ( 0.6785254037844384856, 1.175240473580833722, 5.770833333333332149 ) ) ;
#1663 = CARTESIAN_POINT ( 'NONE',  ( -1.138554629934807938, -0.5045324369082750948, 6.000000000000000000 ) ) ;
#1664 = CIRCLE ( 'NONE', #3724, 1.499999999999999556 ) ;
#1665 = EDGE_LOOP ( 'NONE', ( #1906, #3167, #345 ) ) ;
#1666 = LINE ( 'NONE', #1211, #3478 ) ;
#1667 = CARTESIAN_POINT ( 'NONE',  ( -1.017788105676656896, -0.5876202367904167501, -4.520833333333333037 ) ) ;
#1668 = CARTESIAN_POINT ( 'NONE',  ( -1.017788105676656896, -0.5876202367904167501, -2.583333333333333925 ) ) ;
#1669 = CARTESIAN_POINT ( 'NONE',  ( 0.8816504037844384856, -1.527063293868264893, 1.338541666666666519 ) ) ;
#1670 = CARTESIAN_POINT ( 'NONE',  ( -1.410234548773732888, -0.4608387405067531084, -5.273121606511586457 ) ) ;
#1671 = CARTESIAN_POINT ( 'NONE',  ( 0.000000000000000000, 1.527063293868264227, -2.984375000000000000 ) ) ;
#1672 = CARTESIAN_POINT ( 'NONE',  ( 0.000000000000000000, 1.175240473580833944, -1.187500000000000222 ) ) ;
#1673 = CARTESIAN_POINT ( 'NONE',  ( -1.439254484199187653E-16, -1.175240473580833944, 2.499999999999998668 ) ) ;
#1674 = CARTESIAN_POINT ( 'NONE',  ( 0.000000000000000000, 1.175240473580833944, -3.687500000000000444 ) ) ;
#1675 = CARTESIAN_POINT ( 'NONE',  ( -1.017788105676656896, -0.5876202367904167501, -0.08333333333333370341 ) ) ;
#1676 = CARTESIAN_POINT ( 'NONE',  ( 0.6570074307008142434, -1.067436470757678446, -5.499448257771633486 ) ) ;
#1677 = DIRECTION ( 'NONE',  ( 0.000000000000000000, 0.000000000000000000, 1.000000000000000000 ) ) ;
#1678 = CARTESIAN_POINT ( 'NONE',  ( -0.6785254037844380415, -1.175240473580833944, -0.4791666666666668517 ) ) ;
#1679 = CARTESIAN_POINT ( 'NONE',  ( -1.732050807568876971, 1.310604772755240004E-16, 3.187500000000000444 ) ) ;
#1680 = CARTESIAN_POINT ( 'NONE',  ( 1.017788105676656452, -0.5876202367904175272, -3.916666666666667407 ) ) ;
#1681 = CARTESIAN_POINT ( 'NONE',  ( -1.836970198721029688E-16, -1.499999999999999778, 2.312500000000000000 ) ) ;
#1682 = ORIENTED_EDGE ( 'NONE', *, *, #5112, .T. ) ;
#1683 = CARTESIAN_POINT ( 'NONE',  ( 1.299038105676657562, -0.7500000000000005551, -1.604166666666665853 ) ) ;
#1684 = CARTESIAN_POINT ( 'NONE',  ( -1.017788105676656674, 0.5876202367904170831, 4.833333333333332149 ) ) ;
#1685 = CARTESIAN_POINT ( 'NONE',  ( -0.8816504037844393737, -1.527063293868264005, 5.723958333333333037 ) ) ;
#1686 = CARTESIAN_POINT ( 'NONE',  ( -1.357050807568875417, 1.080983497915110492E-16, 5.937500000000000000 ) ) ;
#1687 = CARTESIAN_POINT ( 'NONE',  ( -0.8660254037844434816, -1.499999999999991562, -2.729166666666666963 ) ) ;
#1688 = CARTESIAN_POINT ( 'NONE',  ( -0.8660254037844383745, 1.499999999999999778, 4.541666666666666963 ) ) ;
#1689 = ORIENTED_EDGE ( 'NONE', *, *, #4870, .T. ) ;
#1690 = EDGE_CURVE ( 'NONE', #683, #1864, #432, .T. ) ;
#1691 = DIRECTION ( 'NONE',  ( -0.000000000000000000, 3.457852702097173358E-17, 1.000000000000000000 ) ) ;
#1692 = CARTESIAN_POINT ( 'NONE',  ( -1.357050807568875417, 1.080983497915110246E-16, -4.562500000000000888 ) ) ;
#1693 = CARTESIAN_POINT ( 'NONE',  ( -0.6785254037844375974, 1.175240473580834166, -2.708333333333333925 ) ) ;
#1694 = CARTESIAN_POINT ( 'NONE',  ( -1.763300807568877859, 1.329739878991918111E-16, 3.671875000000000888 ) ) ;
#1695 = CARTESIAN_POINT ( 'NONE',  ( -1.017788105676656896, -0.5876202367904167501, 0.9791666666666664076 ) ) ;
#1696 = CARTESIAN_POINT ( 'NONE',  ( -1.322475605676658450, 0.7635316469341323353, -0.4010416666666667407 ) ) ;
#1697 = CARTESIAN_POINT ( 'NONE',  ( 1.017788105676656452, -0.5876202367904175272, -1.354166666666666741 ) ) ;
#1698 = CARTESIAN_POINT ( 'NONE',  ( -1.836970198721029688E-16, -1.499999999999999778, 0.7499999999999994449 ) ) ;
#1699 = CARTESIAN_POINT ( 'NONE',  ( -1.439254484199187653E-16, -1.175240473580833944, 2.000000000000000000 ) ) ;
#1700 =( BOUNDED_CURVE ( )  B_SPLINE_CURVE ( 2, ( #3067, #4700, #3901, #4402, #4026, #731, #1634 ),
 .UNSPECIFIED., .F., .F. ) 
 B_SPLINE_CURVE_WITH_KNOTS ( ( 3, 2, 2, 3 ),
 ( 0.3333333333333332593, 0.3395061728395061262, 0.3456790123456788821, 0.3518518518518517491 ),
 .UNSPECIFIED. ) 
 CURVE ( )  GEOMETRIC_REPRESENTATION_ITEM ( )  RATIONAL_B_SPLINE_CURVE ( ( 1.000000000000001110, 0.8660254037844373753, 1.000000000000000000, 0.8660254037844387076, 1.000000000000000000, 0.8660254037844411501, 0.9999999999999975575 ) ) 
 REPRESENTATION_ITEM ( '' )  );
#1701 = CARTESIAN_POINT ( 'NONE',  ( 1.017788105676657118, 0.5876202367904160839, -1.770833333333333481 ) ) ;
#1702 = CARTESIAN_POINT ( 'NONE',  ( 0.000000000000000000, 1.175240473580833944, -1.750000000000000666 ) ) ;
#1703 = CARTESIAN_POINT ( 'NONE',  ( 1.299038105676658450, 0.7499999999999987788, 0.9791666666666666297 ) ) ;
#1704 = EDGE_CURVE ( 'NONE', #2387, #2202, #1904, .T. ) ;
#1705 = CYLINDRICAL_SURFACE ( 'NONE', #982, 1.499999999999999778 ) ;
#1706 = CARTESIAN_POINT ( 'NONE',  ( -1.439254484199187653E-16, -1.175240473580833944, -0.4375000000000003886 ) ) ;
#1707 = CARTESIAN_POINT ( 'NONE',  ( 0.6785254037844383745, 1.175240473580833500, -3.791666666666666963 ) ) ;
#1708 = CARTESIAN_POINT ( 'NONE',  ( 0.000000000000000000, 1.499999999999999778, -0.4374999999999992228 ) ) ;
#1709 = VERTEX_POINT ( 'NONE', #3039 ) ;
#1710 = CARTESIAN_POINT ( 'NONE',  ( 1.299038105676658450, 0.7499999999999987788, 2.979166666666667851 ) ) ;
#1711 = CARTESIAN_POINT ( 'NONE',  ( -1.322475605676658450, 0.7635316469341323353, -4.869791666666666075 ) ) ;
#1712 = CARTESIAN_POINT ( 'NONE',  ( 0.8816504037844398178, 1.527063293868264005, 6.973958333333331261 ) ) ;
#1713 = CARTESIAN_POINT ( 'NONE',  ( -1.017788105676656896, -0.5876202367904167501, 5.979166666666665186 ) ) ;
#1714 = CARTESIAN_POINT ( 'NONE',  ( -1.162453265119452794, 0.1728946996169233585, -5.574759526419172495 ) ) ;
#1715 = VECTOR ( 'NONE', #3998, 1000.000000000000227 ) ;
#1716 = DIRECTION ( 'NONE',  ( -0.000000000000000000, 3.457852702097173358E-17, 1.000000000000000000 ) ) ;
#1717 = VERTEX_POINT ( 'NONE', #3868 ) ;
#1718 = CARTESIAN_POINT ( 'NONE',  ( 0.000000000000000000, 1.499999999999999778, 0.4999999999999992784 ) ) ;
#1719 = CARTESIAN_POINT ( 'NONE',  ( -1.017788105676656674, 0.5876202367904170831, -1.166666666666667407 ) ) ;
#1720 = CARTESIAN_POINT ( 'NONE',  ( -0.8816504037844387076, 1.527063293868264449, 4.088541666666666075 ) ) ;
#1721 = CARTESIAN_POINT ( 'NONE',  ( 0.6785254037844383745, 1.175240473580833500, 1.270833333333333037 ) ) ;
#1722 = CARTESIAN_POINT ( 'NONE',  ( 1.322475605676659116, 0.7635316469341311141, -1.067708333333333703 ) ) ;
#1723 = CARTESIAN_POINT ( 'NONE',  ( -1.357050807568875417, 1.080983497915110492E-16, -1.562500000000000444 ) ) ;
#1724 = CARTESIAN_POINT ( 'NONE',  ( 0.000000000000000000, 1.499999999999999778, 1.499999999999999112 ) ) ;
#1725 = ADVANCED_FACE ( 'NONE', ( #3895 ), #690, .F. ) ;
#1726 = CARTESIAN_POINT ( 'NONE',  ( -1.017788105676656674, 0.5876202367904170831, 5.833333333333333037 ) ) ;
#1727 = CARTESIAN_POINT ( 'NONE',  ( 1.017788105676656452, -0.5876202367904175272, -1.354166666666666741 ) ) ;
#1728 = CC_DESIGN_PERSON_AND_ORGANIZATION_ASSIGNMENT ( #3497, #1127, ( #1328 ) ) ;
#1729 = CARTESIAN_POINT ( 'NONE',  ( -0.6785254037844380415, -1.175240473580833944, -0.5416666666666668517 ) ) ;
#1730 = CARTESIAN_POINT ( 'NONE',  ( 1.836970198721029688E-16, 1.499999999999999778, -5.549354535729332127 ) ) ;
#1731 =( BOUNDED_CURVE ( )  B_SPLINE_CURVE ( 2, ( #2243, #4704, #2670, #4381, #282, #3878, #2697 ),
 .UNSPECIFIED., .F., .F. ) 
 B_SPLINE_CURVE_WITH_KNOTS ( ( 3, 2, 2, 3 ),
 ( 0.2222222222222221544, 0.2283950617283949935, 0.2345679012345678605, 0.2407407407407406996 ),
 .UNSPECIFIED. ) 
 CURVE ( )  GEOMETRIC_REPRESENTATION_ITEM ( )  RATIONAL_B_SPLINE_CURVE ( ( 1.000000000000001110, 0.8660254037844373753, 1.000000000000000000, 0.8660254037844387076, 1.000000000000000000, 0.8660254037844392627, 0.9999999999999994449 ) ) 
 REPRESENTATION_ITEM ( '' )  );
#1732 = CARTESIAN_POINT ( 'NONE',  ( 0.8660254037844393737, 1.499999999999999334, 2.958333333333333037 ) ) ;
#1733 = CARTESIAN_POINT ( 'NONE',  ( 0.6785254037844384856, 1.175240473580833722, 3.770833333333333037 ) ) ;
#1734 = CARTESIAN_POINT ( 'NONE',  ( -1.836970198721029688E-16, -1.499999999999999778, 1.312500000000000444 ) ) ;
#1735 = CARTESIAN_POINT ( 'NONE',  ( 1.017788105676657118, 0.5876202367904160839, -3.333333333333333925 ) ) ;
#1736 = CARTESIAN_POINT ( 'NONE',  ( -1.299038105676658006, -0.7499999999999995559, 4.229166666666667851 ) ) ;
#1737 = ORIENTED_EDGE ( 'NONE', *, *, #1092, .T. ) ;
#1738 = CARTESIAN_POINT ( 'NONE',  ( -0.8660254037844391517, -1.499999999999999334, 4.208333333333332149 ) ) ;
#1739 = CARTESIAN_POINT ( 'NONE',  ( 1.017788105676657118, 0.5876202367904160839, 6.166666666666666075 ) ) ;
#1740 = CARTESIAN_POINT ( 'NONE',  ( 0.000000000000000000, 1.175240473580833944, -4.687500000000000888 ) ) ;
#1741 = CARTESIAN_POINT ( 'NONE',  ( 0.6785254037844372643, -1.175240473580834166, -5.458333333333333925 ) ) ;
#1742 = CARTESIAN_POINT ( 'NONE',  ( -1.836970198721029688E-16, -1.499999999999999778, 1.312500000000000444 ) ) ;
#1743 = AXIS2_PLACEMENT_3D ( 'NONE', #1526, #3166, #4798 ) ;
#1744 = ORIENTED_EDGE ( 'NONE', *, *, #131, .F. ) ;
#1745 = CARTESIAN_POINT ( 'NONE',  ( 1.732050807568876971, -2.931696182144386422E-16, -0.6250000000000008882 ) ) ;
#1746 = CARTESIAN_POINT ( 'NONE',  ( -1.836970198721029688E-16, -1.499999999999999778, -3.187499999999999556 ) ) ;
#1747 = CARTESIAN_POINT ( 'NONE',  ( 1.763300807568877859, -2.989101500854420495E-16, 4.921875000000000888 ) ) ;
#1748 = CARTESIAN_POINT ( 'NONE',  ( -1.357050807568875417, 1.080983497915110246E-16, 1.437499999999999556 ) ) ;
#1749 = CARTESIAN_POINT ( 'NONE',  ( -0.8816504037844387076, 1.527063293868264449, 0.05729166666666642843 ) ) ;
#1750 = CARTESIAN_POINT ( 'NONE',  ( -0.6785254037844380415, -1.175240473580833944, -1.979166666666667185 ) ) ;
#1751 = CYLINDRICAL_SURFACE ( 'NONE', #4658, 1.499999999999999778 ) ;
#1752 = AXIS2_PLACEMENT_3D ( 'NONE', #136, #4635, #3939 ) ;
#1753 = CARTESIAN_POINT ( 'NONE',  ( -1.357050807568875417, 1.080983497915110246E-16, 5.375000000000000000 ) ) ;
#1754 = CARTESIAN_POINT ( 'NONE',  ( 0.6785254037844383745, 1.175240473580833500, -3.729166666666666963 ) ) ;
#1755 = AXIS2_PLACEMENT_3D ( 'NONE', #3442, #3470, #151 ) ;
#1756 = CARTESIAN_POINT ( 'NONE',  ( 0.000000000000000000, 1.175240473580833944, -0.2500000000000002220 ) ) ;
#1757 = DIRECTION ( 'NONE',  ( 1.000000000000000000, 0.000000000000000000, -0.000000000000000000 ) ) ;
#1758 = EDGE_CURVE ( 'NONE', #1049, #4435, #67, .T. ) ;
#1759 = CARTESIAN_POINT ( 'NONE',  ( -1.357050807568875417, 1.080983497915110492E-16, 0.8749999999999990008 ) ) ;
#1760 = CARTESIAN_POINT ( 'NONE',  ( -1.017788105676656674, 0.5876202367904170831, -6.104166666666666963 ) ) ;
#1761 = CARTESIAN_POINT ( 'NONE',  ( -1.017788105676656896, -0.5876202367904167501, 4.479166666666666075 ) ) ;
#1762 = CARTESIAN_POINT ( 'NONE',  ( 0.000000000000000000, 4.149423242516608277E-16, 6.000000000000000000 ) ) ;
#1763 = CARTESIAN_POINT ( 'NONE',  ( 1.357050807568875417, -2.242832357623997763E-16, -4.375000000000000000 ) ) ;
#1764 = CARTESIAN_POINT ( 'NONE',  ( 0.8660254037844393737, 1.499999999999999334, -2.479166666666666963 ) ) ;
#1765 = VERTEX_POINT ( 'NONE', #696 ) ;
#1766 = CARTESIAN_POINT ( 'NONE',  ( -1.836970198721029688E-16, -1.499999999999999778, 2.812500000000000000 ) ) ;
#1767 = CARTESIAN_POINT ( 'NONE',  ( -1.357050807568875417, 1.080983497915110492E-16, 6.875000000000000000 ) ) ;
#1768 = CARTESIAN_POINT ( 'NONE',  ( 0.6785254037844372643, -1.175240473580834166, -3.895833333333333481 ) ) ;
#1769 = CARTESIAN_POINT ( 'NONE',  ( -1.357050807568875417, 1.080983497915110492E-16, -4.125000000000000000 ) ) ;
#1770 = CARTESIAN_POINT ( 'NONE',  ( -1.299038105676657784, 0.7500000000000001110, 1.083333333333332593 ) ) ;
#1771 = CARTESIAN_POINT ( 'NONE',  ( 1.299038105676658672, 0.7499999999999987788, 5.416666666666666075 ) ) ;
#1772 = ADVANCED_FACE ( 'NONE', ( #1878 ), #5066, .T. ) ;
#1773 = VERTEX_POINT ( 'NONE', #1797 ) ;
#1774 = CARTESIAN_POINT ( 'NONE',  ( 1.299038105676658450, 0.7499999999999987788, 0.4791666666666670737 ) ) ;
#1775 = AXIS2_PLACEMENT_3D ( 'NONE', #4777, #4752, #1102 ) ;
#1776 = CARTESIAN_POINT ( 'NONE',  ( -1.299038105676657784, 0.7500000000000001110, -0.8541666666666659635 ) ) ;
#1777 = CARTESIAN_POINT ( 'NONE',  ( 1.322475605676659116, 0.7635316469341311141, 5.963541666666666075 ) ) ;
#1778 = CARTESIAN_POINT ( 'NONE',  ( -0.6785254037844380415, -1.175240473580833722, -0.4791666666666668517 ) ) ;
#1779 = CARTESIAN_POINT ( 'NONE',  ( -1.322475605676658672, -0.7635316469341317802, 2.182291666666665630 ) ) ;
#1780 = CARTESIAN_POINT ( 'NONE',  ( 0.6785254037844384856, 1.175240473580833722, 1.770833333333332593 ) ) ;
#1781 = FACE_OUTER_BOUND ( 'NONE', #4332, .T. ) ;
#1782 = CARTESIAN_POINT ( 'NONE',  ( -1.439254484199187653E-16, -1.175240473580833944, 4.000000000000000000 ) ) ;
#1783 = ORIENTED_EDGE ( 'NONE', *, *, #1092, .F. ) ;
#1784 = CARTESIAN_POINT ( 'NONE',  ( 1.357050807568875417, -2.242832357623997763E-16, -1.312500000000000222 ) ) ;
#1785 = CARTESIAN_POINT ( 'NONE',  ( -0.1533120777041187821, -1.175240473580833722, 5.999999999999997335 ) ) ;
#1786 = CARTESIAN_POINT ( 'NONE',  ( -1.357050807568875417, 1.080983497915110492E-16, 2.874999999999999112 ) ) ;
#1787 = CARTESIAN_POINT ( 'NONE',  ( 0.000000000000000000, 1.558265636316165435E-17, -5.549354535729332127 ) ) ;
#1788 = CARTESIAN_POINT ( 'NONE',  ( -1.017788105676656674, 0.5876202367904170831, 2.895833333333333481 ) ) ;
#1789 = EDGE_CURVE ( 'NONE', #2037, #3889, #2260, .T. ) ;
#1790 = CARTESIAN_POINT ( 'NONE',  ( -1.439254484199187653E-16, -1.175240473580833944, -3.000000000000000444 ) ) ;
#1791 = CARTESIAN_POINT ( 'NONE',  ( -1.299038105676657784, 0.7500000000000001110, 4.145833333333333925 ) ) ;
#1792 = ORIENTED_EDGE ( 'NONE', *, *, #3933, .T. ) ;
#1793 = CARTESIAN_POINT ( 'NONE',  ( 1.299038105676657562, -0.7500000000000005551, 0.3333333333333326487 ) ) ;
#1794 = CARTESIAN_POINT ( 'NONE',  ( 1.322475605676659116, 0.7635316469341311141, -5.536458333333333037 ) ) ;
#1795 = CARTESIAN_POINT ( 'NONE',  ( -1.017788105676656674, 0.5876202367904170831, -5.604166666666666963 ) ) ;
#1796 = CARTESIAN_POINT ( 'NONE',  ( 1.017788105676656452, -0.5876202367904175272, -4.916666666666666963 ) ) ;
#1797 = CARTESIAN_POINT ( 'NONE',  ( -1.836970198721029688E-16, -1.499999999999999778, -1.687499999999999556 ) ) ;
#1798 = CARTESIAN_POINT ( 'NONE',  ( 1.732050807568876971, -2.931696182144386422E-16, 1.437500000000000888 ) ) ;
#1799 = ORIENTED_EDGE ( 'NONE', *, *, #4462, .T. ) ;
#1800 = APPROVAL_STATUS ( 'not_yet_approved' ) ;
#1801 = EDGE_CURVE ( 'NONE', #3816, #2867, #5191, .T. ) ;
#1802 = DIRECTION ( 'NONE',  ( -0.000000000000000000, -0.000000000000000000, 1.000000000000000000 ) ) ;
#1803 = CARTESIAN_POINT ( 'NONE',  ( -0.8816504037844393737, -1.527063293868264005, 5.755208333333333925 ) ) ;
#1804 = CARTESIAN_POINT ( 'NONE',  ( -0.6785254037844380415, -1.175240473580833722, -0.9791666666666672958 ) ) ;
#1805 = CARTESIAN_POINT ( 'NONE',  ( -1.870113174931183868E-16, -1.527063293868264227, 2.265625000000000444 ) ) ;
#1806 = CARTESIAN_POINT ( 'NONE',  ( -0.6785254037844375974, 1.175240473580834166, 0.3541666666666657970 ) ) ;
#1807 = DIRECTION ( 'NONE',  ( -0.000000000000000000, 3.457852702097173358E-17, 1.000000000000000000 ) ) ;
#1808 = CARTESIAN_POINT ( 'NONE',  ( 1.017788105676656452, -0.5876202367904175272, 4.583333333333333037 ) ) ;
#1809 = ORIENTED_EDGE ( 'NONE', *, *, #931, .T. ) ;
#1810 = AXIS2_PLACEMENT_3D ( 'NONE', #4807, #353, #1585 ) ;
#1811 = ORIENTED_EDGE ( 'NONE', *, *, #4842, .T. ) ;
#1812 = CARTESIAN_POINT ( 'NONE',  ( 1.299038105676657562, -0.7500000000000005551, -5.166666666666666963 ) ) ;
#1813 =( BOUNDED_CURVE ( )  B_SPLINE_CURVE ( 2, ( #2517, #4926, #2862, #848, #3241, #5243, #2489 ),
 .UNSPECIFIED., .F., .F. ) 
 B_SPLINE_CURVE_WITH_KNOTS ( ( 3, 2, 2, 3 ),
 ( 0.2555692485400589131, 0.2617420880462317800, 0.2679149275524045359, 0.2740877670585774029 ),
 .UNSPECIFIED. ) 
 CURVE ( )  GEOMETRIC_REPRESENTATION_ITEM ( )  RATIONAL_B_SPLINE_CURVE ( ( 1.000000000000000000, 0.8660254037844387076, 1.000000000000000000, 0.8660254037844387076, 1.000000000000000000, 0.8660254037844387076, 1.000000000000000000 ) ) 
 REPRESENTATION_ITEM ( '' )  );
#1814 = CARTESIAN_POINT ( 'NONE',  ( -1.017788105676656896, -0.5876202367904167501, -6.083333333333333925 ) ) ;
#1815 = CARTESIAN_POINT ( 'NONE',  ( 1.017788105676656452, -0.5876202367904175272, 3.083333333333332149 ) ) ;
#1816 = CARTESIAN_POINT ( 'NONE',  ( 0.6785254037844384856, 1.175240473580833722, 2.770833333333333481 ) ) ;
#1817 = CARTESIAN_POINT ( 'NONE',  ( 1.017788105676656452, -0.5876202367904175272, -0.9166666666666671848 ) ) ;
#1818 = CARTESIAN_POINT ( 'NONE',  ( 0.8660254037844385966, -1.336911000032896764E-15, 6.000000000000000000 ) ) ;
#1819 = ORIENTED_EDGE ( 'NONE', *, *, #4018, .T. ) ;
#1820 = CARTESIAN_POINT ( 'NONE',  ( -0.8927520155971319094, 0.9874321009116996395, 5.953376717569098808 ) ) ;
#1821 = CARTESIAN_POINT ( 'NONE',  ( -1.322475605676658672, -0.7635316469341317802, -5.286458333333333037 ) ) ;
#1822 = CARTESIAN_POINT ( 'NONE',  ( 0.6785254037844384856, 1.175240473580833722, -4.729166666666666963 ) ) ;
#1823 = CARTESIAN_POINT ( 'NONE',  ( 1.017788105676656452, -0.5876202367904175272, -5.916666666666666963 ) ) ;
#1824 = CARTESIAN_POINT ( 'NONE',  ( 1.732050807568876971, -2.931696182144386422E-16, 1.374999999999999334 ) ) ;
#1825 = CARTESIAN_POINT ( 'NONE',  ( -1.836970198721029688E-16, -1.499999999999999778, -0.7500000000000009992 ) ) ;
#1826 = VERTEX_POINT ( 'NONE', #272 ) ;
#1827 = CYLINDRICAL_SURFACE ( 'NONE', #2530, 1.499999999999999778 ) ;
#1828 = EDGE_CURVE ( 'NONE', #5184, #2100, #1905, .T. ) ;
#1829 = CARTESIAN_POINT ( 'NONE',  ( -0.7500000000000000000, -0.4330127018922205751, 6.000000000000000000 ) ) ;
#1830 = CARTESIAN_POINT ( 'NONE',  ( -0.8660254037844479225, -1.499999999999983569, 4.770833333333331261 ) ) ;
#1831 = CARTESIAN_POINT ( 'NONE',  ( -1.017788105676656896, -0.5876202367904167501, 3.479166666666666963 ) ) ;
#1832 = CARTESIAN_POINT ( 'NONE',  ( 0.8816504037844384856, -1.527063293868264893, -0.1927083333333337867 ) ) ;
#1833 = CARTESIAN_POINT ( 'NONE',  ( -1.439254484199187653E-16, -1.175240473580833944, -0.4375000000000003886 ) ) ;
#1834 = DIRECTION ( 'NONE',  ( 0.000000000000000000, 1.000000000000000000, -1.334178587669837291E-16 ) ) ;
#1835 = AXIS2_PLACEMENT_3D ( 'NONE', #4646, #911, #2556 ) ;
#1836 = CARTESIAN_POINT ( 'NONE',  ( 0.6785254037844383745, 1.175240473580833500, 4.708333333333333037 ) ) ;
#1837 = ORIENTED_EDGE ( 'NONE', *, *, #1306, .T. ) ;
#1838 = ORIENTED_EDGE ( 'NONE', *, *, #1300, .F. ) ;
#1839 = AXIS2_PLACEMENT_3D ( 'NONE', #3, #2085, #475 ) ;
#1840 = CARTESIAN_POINT ( 'NONE',  ( -0.8816504037844393737, -1.527063293868264005, -5.776041666666666963 ) ) ;
#1841 = VECTOR ( 'NONE', #53, 1000.000000000000227 ) ;
#1842 = CARTESIAN_POINT ( 'NONE',  ( -0.6785254037844375974, 1.175240473580834166, -5.208333333333333037 ) ) ;
#1843 = CARTESIAN_POINT ( 'NONE',  ( -1.439254484199187653E-16, -1.175240473580833944, 3.499999999999999556 ) ) ;
#1844 = CARTESIAN_POINT ( 'NONE',  ( -1.357050807568875417, 1.080983497915110492E-16, 4.937499999999999112 ) ) ;
#1845 = CARTESIAN_POINT ( 'NONE',  ( 0.000000000000000000, 1.175240473580833944, -1.750000000000000666 ) ) ;
#1846 = CARTESIAN_POINT ( 'NONE',  ( 0.000000000000000000, -1.499999999999999778, -5.549354535729332127 ) ) ;
#1847 = EDGE_LOOP ( 'NONE', ( #3950, #3845, #274, #795 ) ) ;
#1848 = CARTESIAN_POINT ( 'NONE',  ( -0.8660254037844660191, -1.499999999999952927, 5.770833333333331261 ) ) ;
#1849 = CARTESIAN_POINT ( 'NONE',  ( -0.8816504037844393737, -1.527063293868264005, -2.744791666666666519 ) ) ;
#1850 = CARTESIAN_POINT ( 'NONE',  ( -1.357050807568875417, 1.080983497915110492E-16, -3.562500000000000444 ) ) ;
#1851 = CARTESIAN_POINT ( 'NONE',  ( -1.017788105676656896, -0.5876202367904167501, -4.583333333333333037 ) ) ;
#1852 = CARTESIAN_POINT ( 'NONE',  ( 0.000000000000000000, -1.499999999999999778, -5.549354535729332127 ) ) ;
#1853 = CARTESIAN_POINT ( 'NONE',  ( -1.836970198721029688E-16, -1.499999999999999778, 2.312500000000000000 ) ) ;
#1854 = ORIENTED_EDGE ( 'NONE', *, *, #1498, .T. ) ;
#1855 = CARTESIAN_POINT ( 'NONE',  ( -0.5073539086306199097, -0.5731044880621412041, 5.896302034393389846 ) ) ;
#1856 = CARTESIAN_POINT ( 'NONE',  ( -1.299038105676658006, -0.7499999999999995559, 2.229166666666666963 ) ) ;
#1857 = CARTESIAN_POINT ( 'NONE',  ( 1.357050807568875417, -2.242832357623997763E-16, 2.125000000000000000 ) ) ;
#1858 = CARTESIAN_POINT ( 'NONE',  ( -1.017788105676656674, 0.5876202367904170831, 2.895833333333333481 ) ) ;
#1859 = CARTESIAN_POINT ( 'NONE',  ( -1.322475605676658450, 0.7635316469341323353, 0.5989583333333332593 ) ) ;
#1860 = CARTESIAN_POINT ( 'NONE',  ( 0.6785254037844372643, -1.175240473580834166, 1.104166666666666519 ) ) ;
#1861 = CARTESIAN_POINT ( 'NONE',  ( -1.732050807568876971, 1.310604772755240251E-16, 3.124999999999999112 ) ) ;
#1862 = EDGE_CURVE ( 'NONE', #4748, #1931, #2493, .T. ) ;
#1863 = CARTESIAN_POINT ( 'NONE',  ( 0.000000000000000000, -1.336911000032896764E-15, 6.000000000000000000 ) ) ;
#1864 = VERTEX_POINT ( 'NONE', #3063 ) ;
#1865 = CARTESIAN_POINT ( 'NONE',  ( 0.8816504037844384856, -1.527063293868264893, 0.8385416666666670737 ) ) ;
#1866 = CARTESIAN_POINT ( 'NONE',  ( -0.5856978383141552280, -1.030186640313210722, 5.999999999999999112 ) ) ;
#1867 = CARTESIAN_POINT ( 'NONE',  ( -1.439254484199187653E-16, -1.175240473580833944, -6.000000000000000000 ) ) ;
#1868 = CARTESIAN_POINT ( 'NONE',  ( 1.017788105676656452, -0.5876202367904175272, 3.583333333333332593 ) ) ;
#1869 = ADVANCED_FACE ( 'NONE', ( #4696 ), #1035, .F. ) ;
#1870 = CARTESIAN_POINT ( 'NONE',  ( 0.6785254037844372643, -1.175240473580834166, 0.04166666666666641455 ) ) ;
#1871 =( BOUNDED_CURVE ( )  B_SPLINE_CURVE ( 2, ( #4316, #2684, #219, #1394, #2283, #1848, #5118 ),
 .UNSPECIFIED., .F., .F. ) 
 B_SPLINE_CURVE_WITH_KNOTS ( ( 3, 2, 2, 3 ),
 ( 0.8888888888888888395, 0.8950617283950615954, 0.9012345679012343513, 0.9074074074074071072 ),
 .UNSPECIFIED. ) 
 CURVE ( )  GEOMETRIC_REPRESENTATION_ITEM ( )  RATIONAL_B_SPLINE_CURVE ( ( 1.000000000000000000, 0.8660254037844387076, 1.000000000000000000, 0.8660254037844387076, 1.000000000000000000, 0.8660254037844459241, 0.9999999999999927836 ) ) 
 REPRESENTATION_ITEM ( '' )  );
#1872 = CARTESIAN_POINT ( 'NONE',  ( 1.096711238208495060E-16, -0.8660254037844383745, 5.062500000000000000 ) ) ;
#1873 = ORIENTED_EDGE ( 'NONE', *, *, #1862, .T. ) ;
#1874 = PLANE ( 'NONE',  #4522 ) ;
#1875 = CARTESIAN_POINT ( 'NONE',  ( 0.8816504037844384856, -1.527063293868264893, -2.161458333333333037 ) ) ;
#1876 = CARTESIAN_POINT ( 'NONE',  ( 1.357050807568875417, -2.242832357623997763E-16, -1.812500000000000888 ) ) ;
#1877 = CARTESIAN_POINT ( 'NONE',  ( 0.6785254037844384856, 1.175240473580833722, -3.291666666666666963 ) ) ;
#1878 = FACE_OUTER_BOUND ( 'NONE', #2246, .T. ) ;
#1879 = CYLINDRICAL_SURFACE ( 'NONE', #2698, 1.499999999999999778 ) ;
#1880 = EDGE_LOOP ( 'NONE', ( #1400, #1110, #4485, #318 ) ) ;
#1881 = PLANE ( 'NONE',  #1347 ) ;
#1882 = CARTESIAN_POINT ( 'NONE',  ( -1.836970198721029688E-16, -1.499999999999999778, -2.750000000000000888 ) ) ;
#1883 = CARTESIAN_POINT ( 'NONE',  ( 0.6785254037844372643, -1.175240473580834166, 3.041666666666666519 ) ) ;
#1884 = CARTESIAN_POINT ( 'NONE',  ( 1.017788105676657118, 0.5876202367904160839, 2.729166666666666075 ) ) ;
#1885 = CARTESIAN_POINT ( 'NONE',  ( 1.322475605676658228, -0.7635316469341327794, 3.348958333333332149 ) ) ;
#1886 = CARTESIAN_POINT ( 'NONE',  ( -1.439254484199187653E-16, -1.175240473580833944, 1.062499999999999112 ) ) ;
#1887 = CARTESIAN_POINT ( 'NONE',  ( 0.000000000000000000, 1.499999999999999778, 0.06250000000000034694 ) ) ;
#1888 = ORIENTED_EDGE ( 'NONE', *, *, #873, .T. ) ;
#1889 = ORIENTED_EDGE ( 'NONE', *, *, #682, .T. ) ;
#1890 = EDGE_CURVE ( 'NONE', #1393, #3763, #3439, .T. ) ;
#1891 = CARTESIAN_POINT ( 'NONE',  ( -1.322475605676658450, 0.7635316469341323353, -1.369791666666666741 ) ) ;
#1892 = CARTESIAN_POINT ( 'NONE',  ( -0.8660254037844383745, 1.499999999999999778, -4.395833333333333037 ) ) ;
#1893 = CARTESIAN_POINT ( 'NONE',  ( 0.000000000000000000, -1.336911000032896764E-15, 6.000000000000000000 ) ) ;
#1894 = AXIS2_PLACEMENT_3D ( 'NONE', #3609, #2825, #333 ) ;
#1895 = EDGE_CURVE ( 'NONE', #808, #3220, #4442, .T. ) ;
#1896 = CARTESIAN_POINT ( 'NONE',  ( -1.357050807568875417, 1.080983497915110492E-16, -5.625000000000000888 ) ) ;
#1897 = CARTESIAN_POINT ( 'NONE',  ( 1.357050807568875417, -2.242832357623997763E-16, 3.124999999999999112 ) ) ;
#1898 = CARTESIAN_POINT ( 'NONE',  ( -0.6785254037844375974, 1.175240473580834166, -1.708333333333333481 ) ) ;
#1899 = CARTESIAN_POINT ( 'NONE',  ( -1.299038105676658006, -0.7499999999999995559, 5.666666666666665186 ) ) ;
#1900 = ORIENTED_EDGE ( 'NONE', *, *, #3630, .F. ) ;
#1901 = CARTESIAN_POINT ( 'NONE',  ( -1.270190110578654163, 0.09796129054266464187, 5.985864830617388499 ) ) ;
#1902 = CARTESIAN_POINT ( 'NONE',  ( 0.000000000000000000, 1.527063293868264227, -3.453124999999999556 ) ) ;
#1903 = CARTESIAN_POINT ( 'NONE',  ( -1.017788105676656896, -0.5876202367904167501, -3.020833333333333925 ) ) ;
#1904 = LINE ( 'NONE', #1852, #4804 ) ;
#1905 =( BOUNDED_CURVE ( )  B_SPLINE_CURVE ( 2, ( #1448, #4746, #1473, #4720, #1047, #4272, #4320 ),
 .UNSPECIFIED., .F., .F. ) 
 B_SPLINE_CURVE_WITH_KNOTS ( ( 3, 2, 2, 3 ),
 ( 0.8666803596511700736, 0.8728531991573428295, 0.8790260386635156964, 0.8851988781696885633 ),
 .UNSPECIFIED. ) 
 CURVE ( )  GEOMETRIC_REPRESENTATION_ITEM ( )  RATIONAL_B_SPLINE_CURVE ( ( 1.000000000000000000, 0.8660254037844387076, 1.000000000000000000, 0.8660254037844387076, 1.000000000000000000, 0.8660254037844387076, 1.000000000000000000 ) ) 
 REPRESENTATION_ITEM ( '' )  );
#1906 = ORIENTED_EDGE ( 'NONE', *, *, #5135, .F. ) ;
#1907 = CARTESIAN_POINT ( 'NONE',  ( 0.000000000000000000, 1.558265636316165435E-17, -5.549354535729332127 ) ) ;
#1908 = CARTESIAN_POINT ( 'NONE',  ( -1.836970198721029688E-16, -1.499999999999999778, 5.812499999999999112 ) ) ;
#1909 = CARTESIAN_POINT ( 'NONE',  ( -1.357050807568875417, 1.080983497915110492E-16, 1.875000000000000000 ) ) ;
#1910 = CARTESIAN_POINT ( 'NONE',  ( 0.6785254037844372643, -1.175240473580834166, 3.104166666666666519 ) ) ;
#1911 = CARTESIAN_POINT ( 'NONE',  ( -1.763300807568877859, 1.329739878991918111E-16, 4.640624999999999112 ) ) ;
#1912 = CARTESIAN_POINT ( 'NONE',  ( -1.017788105676656896, -0.5876202367904167501, 3.979166666666665630 ) ) ;
#1913 = CARTESIAN_POINT ( 'NONE',  ( -0.8234078741658947820, -0.8385640366150367564, 5.999999999999922728 ) ) ;
#1914 = ORIENTED_EDGE ( 'NONE', *, *, #4289, .T. ) ;
#1915 = ORIENTED_EDGE ( 'NONE', *, *, #2103, .T. ) ;
#1916 = CARTESIAN_POINT ( 'NONE',  ( 1.322475605676658228, -0.7635316469341327794, -1.619791666666666075 ) ) ;
#1917 = CARTESIAN_POINT ( 'NONE',  ( 1.763300807568877859, -2.989101500854420495E-16, -5.109375000000000000 ) ) ;
#1918 = CARTESIAN_POINT ( 'NONE',  ( -1.439254484199187653E-16, -1.175240473580833944, -4.437500000000000888 ) ) ;
#1919 = CARTESIAN_POINT ( 'NONE',  ( 0.6785254037844384856, 1.175240473580833722, -5.291666666666666963 ) ) ;
#1920 = CARTESIAN_POINT ( 'NONE',  ( 1.017788105676657118, 0.5876202367904160839, 6.666666666666666075 ) ) ;
#1921 = VECTOR ( 'NONE', #1307, 1000.000000000000000 ) ;
#1922 = EDGE_CURVE ( 'NONE', #2838, #1709, #2460, .T. ) ;
#1923 = CARTESIAN_POINT ( 'NONE',  ( -0.6785254037844380415, -1.175240473580833722, 0.4583333333333332038 ) ) ;
#1924 = FACE_OUTER_BOUND ( 'NONE', #1665, .T. ) ;
#1925 = VERTEX_POINT ( 'NONE', #1600 ) ;
#1926 = CARTESIAN_POINT ( 'NONE',  ( -1.243799720088855754, -0.1947298428772299139, 5.996473919144485798 ) ) ;
#1927 = CARTESIAN_POINT ( 'NONE',  ( 1.322475605676658228, -0.7635316469341327794, -2.619791666666666519 ) ) ;
#1928 = CARTESIAN_POINT ( 'NONE',  ( 0.000000000000000000, 1.175240473580833944, -1.187500000000000222 ) ) ;
#1929 = FACE_OUTER_BOUND ( 'NONE', #4784, .T. ) ;
#1930 = CARTESIAN_POINT ( 'NONE',  ( -0.8660254037844391517, -1.499999999999999334, 2.208333333333332593 ) ) ;
#1931 = VERTEX_POINT ( 'NONE', #1525 ) ;
#1932 = PERSON_AND_ORGANIZATION_ROLE ( 'design_supplier' ) ;
#1933 = VECTOR ( 'NONE', #1287, 1000.000000000000000 ) ;
#1934 = LINE ( 'NONE', #1907, #662 ) ;
#1935 = CARTESIAN_POINT ( 'NONE',  ( 1.299038105676658672, 0.7499999999999987788, 1.916666666666664964 ) ) ;
#1936 = CARTESIAN_POINT ( 'NONE',  ( -0.6785254037844380415, -1.175240473580833944, 1.458333333333332371 ) ) ;
#1937 = CARTESIAN_POINT ( 'NONE',  ( -1.017788105676656896, -0.5876202367904167501, 2.479166666666666075 ) ) ;
#1938 = CARTESIAN_POINT ( 'NONE',  ( 0.000000000000000000, 1.527063293868264227, 3.015624999999999112 ) ) ;
#1939 = CARTESIAN_POINT ( 'NONE',  ( 1.017788105676657118, 0.5876202367904160839, 4.229166666666666075 ) ) ;
#1940 = CARTESIAN_POINT ( 'NONE',  ( -1.162453265119452794, 0.1728946996169233585, -5.574759526419172495 ) ) ;
#1941 = EDGE_CURVE ( 'NONE', #1975, #4073, #3005, .T. ) ;
#1942 = ORIENTED_EDGE ( 'NONE', *, *, #3214, .F. ) ;
#1943 = CARTESIAN_POINT ( 'NONE',  ( -0.9434779557956883833, -0.7007421192350951067, -5.574759526419170719 ) ) ;
#1944 = CARTESIAN_POINT ( 'NONE',  ( 0.000000000000000000, 1.527063293868264227, -0.9531250000000000000 ) ) ;
#1945 = CARTESIAN_POINT ( 'NONE',  ( -1.763300807568877859, 1.329739878991918111E-16, -3.359375000000000000 ) ) ;
#1946 = CARTESIAN_POINT ( 'NONE',  ( -0.6785254037844375974, 1.175240473580834166, -3.645833333333333925 ) ) ;
#1947 = VECTOR ( 'NONE', #907, 1000.000000000000000 ) ;
#1948 = CARTESIAN_POINT ( 'NONE',  ( 0.6785254037844384856, 1.175240473580833722, -2.291666666666667407 ) ) ;
#1949 = CARTESIAN_POINT ( 'NONE',  ( -1.357050807568875417, 1.080983497915110492E-16, 5.874999999999999112 ) ) ;
#1950 = CARTESIAN_POINT ( 'NONE',  ( -0.6785254037844380415, -1.175240473580833722, 2.458333333333333037 ) ) ;
#1951 = EDGE_CURVE ( 'NONE', #256, #2497, #636, .T. ) ;
#1952 = DIRECTION ( 'NONE',  ( 0.000000000000000000, -1.000000000000000000, 0.000000000000000000 ) ) ;
#1953 = EDGE_LOOP ( 'NONE', ( #906, #1625, #3282, #249, #268 ) ) ;
#1954 = CARTESIAN_POINT ( 'NONE',  ( -1.322475605676658450, 0.7635316469341323353, -3.869791666666666519 ) ) ;
#1955 = CARTESIAN_POINT ( 'NONE',  ( -1.357050807568875417, 1.080983497915110492E-16, -2.062500000000000000 ) ) ;
#1956 = CARTESIAN_POINT ( 'NONE',  ( -1.299038105676657784, 0.7500000000000001110, 1.645833333333333481 ) ) ;
#1957 = CARTESIAN_POINT ( 'NONE',  ( 1.017788105676657118, 0.5876202367904160839, -4.833333333333333925 ) ) ;
#1958 = ORIENTED_EDGE ( 'NONE', *, *, #819, .T. ) ;
#1959 = COORDINATED_UNIVERSAL_TIME_OFFSET ( 6, 0, .BEHIND. ) ;
#1960 = DIRECTION ( 'NONE',  ( 0.000000000000000000, -3.457852702097173358E-17, -1.000000000000000000 ) ) ;
#1961 = CARTESIAN_POINT ( 'NONE',  ( -1.836970198721029688E-16, -1.499999999999999778, 0.8125000000000002220 ) ) ;
#1962 = CARTESIAN_POINT ( 'NONE',  ( 1.017788105676657118, 0.5876202367904160839, 2.166666666666665630 ) ) ;
#1963 = CARTESIAN_POINT ( 'NONE',  ( -1.017788105676656896, -0.5876202367904167501, 5.479166666666665186 ) ) ;
#1964 = CARTESIAN_POINT ( 'NONE',  ( -0.8816504037844387076, 1.527063293868264449, 2.557291666666666075 ) ) ;
#1965 = CARTESIAN_POINT ( 'NONE',  ( 1.357050807568875417, -2.242832357623997763E-16, 2.687499999999998668 ) ) ;
#1966 = FACE_OUTER_BOUND ( 'NONE', #2751, .T. ) ;
#1967 = ORIENTED_EDGE ( 'NONE', *, *, #1988, .T. ) ;
#1968 = CARTESIAN_POINT ( 'NONE',  ( -0.6148950633551943934, -1.029370442185479684, -5.554553534789965497 ) ) ;
#1969 = CARTESIAN_POINT ( 'NONE',  ( -1.763300807568877859, 1.329739878991918111E-16, 0.1718750000000001388 ) ) ;
#1970 = CARTESIAN_POINT ( 'NONE',  ( 0.000000000000000000, 1.527063293868264227, -4.984375000000000000 ) ) ;
#1971 = CARTESIAN_POINT ( 'NONE',  ( 1.357050807568875417, -2.242832357623997763E-16, -5.812500000000000000 ) ) ;
#1972 = CARTESIAN_POINT ( 'NONE',  ( 0.6785254037844372643, -1.175240473580834166, -3.958333333333333481 ) ) ;
#1973 = CARTESIAN_POINT ( 'NONE',  ( 1.357050807568875417, -2.242832357623997763E-16, 6.124999999999998224 ) ) ;
#1974 = DIRECTION ( 'NONE',  ( -0.000000000000000000, 3.457852702097173358E-17, 1.000000000000000000 ) ) ;
#1975 = VERTEX_POINT ( 'NONE', #5224 ) ;
#1976 = CARTESIAN_POINT ( 'NONE',  ( -1.017788105676656674, 0.5876202367904170831, -2.604166666666666963 ) ) ;
#1977 = CARTESIAN_POINT ( 'NONE',  ( 0.8660254037844379305, -1.500000000000000222, 3.791666666666665186 ) ) ;
#1978 =( BOUNDED_CURVE ( )  B_SPLINE_CURVE ( 2, ( #447, #1597, #1571, #1652, #364, #874, #28 ),
 .UNSPECIFIED., .F., .F. ) 
 B_SPLINE_CURVE_WITH_KNOTS ( ( 3, 2, 2, 3 ),
 ( 0.3888888888888887285, 0.3950617283950615954, 0.4012345679012344624, 0.4074074074074073293 ),
 .UNSPECIFIED. ) 
 CURVE ( )  GEOMETRIC_REPRESENTATION_ITEM ( )  RATIONAL_B_SPLINE_CURVE ( ( 1.000000000000003775, 0.8660254037844351549, 1.000000000000000000, 0.8660254037844387076, 1.000000000000000000, 0.8660254037844399289, 0.9999999999999987788 ) ) 
 REPRESENTATION_ITEM ( '' )  );
#1979 = CARTESIAN_POINT ( 'NONE',  ( -1.836970198721029688E-16, -1.499999999999999778, 2.812500000000000000 ) ) ;
#1980 = EDGE_LOOP ( 'NONE', ( #8, #3058 ) ) ;
#1981 = FACE_OUTER_BOUND ( 'NONE', #2245, .T. ) ;
#1982 = CARTESIAN_POINT ( 'NONE',  ( -6.728126220799337396E-16, 0.8660254037844384856, 5.062500000000000000 ) ) ;
#1983 = CARTESIAN_POINT ( 'NONE',  ( -0.6785254037844375974, 1.175240473580834166, 3.791666666666665186 ) ) ;
#1984 = CARTESIAN_POINT ( 'NONE',  ( 0.000000000000000000, 1.175240473580833944, 4.312499999999998224 ) ) ;
#1985 = CARTESIAN_POINT ( 'NONE',  ( 0.000000000000000000, 1.527063293868264227, 2.515624999999998668 ) ) ;
#1986 = CARTESIAN_POINT ( 'NONE',  ( -1.357050807568875417, 1.080983497915110492E-16, 1.937499999999999778 ) ) ;
#1987 = DIRECTION ( 'NONE',  ( -0.000000000000000000, 3.457852702097173358E-17, 1.000000000000000000 ) ) ;
#1988 = EDGE_CURVE ( 'NONE', #4096, #4647, #1183, .T. ) ;
#1989 = ORIENTED_EDGE ( 'NONE', *, *, #4951, .F. ) ;
#1990 = DIRECTION ( 'NONE',  ( 1.000000000000000000, 0.000000000000000000, 0.000000000000000000 ) ) ;
#1991 = CARTESIAN_POINT ( 'NONE',  ( -1.299038105676657784, 0.7500000000000001110, 5.083333333333332149 ) ) ;
#1992 = CARTESIAN_POINT ( 'NONE',  ( -1.870113174931183868E-16, -1.527063293868264227, 2.796875000000000000 ) ) ;
#1993 = CARTESIAN_POINT ( 'NONE',  ( -1.457450464346054853, 0.2511284779551296031, -5.298699747640071678 ) ) ;
#1994 = CARTESIAN_POINT ( 'NONE',  ( 0.8816504037844398178, 1.527063293868264005, -4.026041666666667851 ) ) ;
#1995 = CARTESIAN_POINT ( 'NONE',  ( -1.017788105676656896, -0.5876202367904167501, -4.020833333333333925 ) ) ;
#1996 = CARTESIAN_POINT ( 'NONE',  ( 0.000000000000000000, 1.175240473580833944, -4.250000000000000000 ) ) ;
#1997 = CARTESIAN_POINT ( 'NONE',  ( -1.017788105676656896, -0.5876202367904167501, 5.916666666666665186 ) ) ;
#1998 = ADVANCED_FACE ( 'NONE', ( #1929 ), #6, .T. ) ;
#1999 = CONICAL_SURFACE ( 'NONE', #2350, 0.8660254037844385966, 0.7853981633974500554 ) ;
#2000 = FACE_OUTER_BOUND ( 'NONE', #1094, .T. ) ;
#2001 = ORIENTED_EDGE ( 'NONE', *, *, #1196, .F. ) ;
#2002 = AXIS2_PLACEMENT_3D ( 'NONE', #2707, #1974, #1952 ) ;
#2003 = CARTESIAN_POINT ( 'NONE',  ( 0.000000000000000000, 1.175240473580833944, 1.812499999999999778 ) ) ;
#2004 = CARTESIAN_POINT ( 'NONE',  ( 0.8660254037844481445, 1.499999999999983569, -3.979166666666667407 ) ) ;
#2005 = LINE ( 'NONE', #2793, #1570 ) ;
#2006 = EDGE_LOOP ( 'NONE', ( #2017, #656, #3246, #2523 ) ) ;
#2007 = APPROVAL_PERSON_ORGANIZATION ( #1426, #941, #4724 ) ;
#2008 = CARTESIAN_POINT ( 'NONE',  ( -1.017788105676656674, 0.5876202367904170831, 1.833333333333332593 ) ) ;
#2009 = CARTESIAN_POINT ( 'NONE',  ( 0.7500000000000011102, -0.4330127018922189097, 6.000000000000000000 ) ) ;
#2010 = VERTEX_POINT ( 'NONE', #1149 ) ;
#2011 = CARTESIAN_POINT ( 'NONE',  ( 1.732050807568876971, -2.931696182144386422E-16, -3.562499999999999556 ) ) ;
#2012 = CARTESIAN_POINT ( 'NONE',  ( -0.6785254037844380415, -1.175240473580833944, 3.958333333333332593 ) ) ;
#2013 = CARTESIAN_POINT ( 'NONE',  ( -1.017788105676656896, -0.5876202367904167501, 4.979166666666666075 ) ) ;
#2014 = CARTESIAN_POINT ( 'NONE',  ( -1.322475605676658672, -0.7635316469341317802, 6.182291666666666075 ) ) ;
#2015 = CARTESIAN_POINT ( 'NONE',  ( -1.439254484199187653E-16, -1.175240473580833944, 3.062499999999999112 ) ) ;
#2016 = CARTESIAN_POINT ( 'NONE',  ( 0.000000000000000000, -1.499999999999999778, -5.549354535729332127 ) ) ;
#2017 = ORIENTED_EDGE ( 'NONE', *, *, #5017, .F. ) ;
#2018 = CARTESIAN_POINT ( 'NONE',  ( -1.017788105676656896, -0.5876202367904167501, 6.479166666666666075 ) ) ;
#2019 = CARTESIAN_POINT ( 'NONE',  ( 0.000000000000000000, 1.499999999999999778, 4.062499999999999112 ) ) ;
#2020 = CARTESIAN_POINT ( 'NONE',  ( 0.6785254037844372643, -1.175240473580834166, -0.4583333333333340920 ) ) ;
#2021 = CARTESIAN_POINT ( 'NONE',  ( 1.763300807568877859, -2.989101500854420495E-16, 2.421874999999999112 ) ) ;
#2022 = CARTESIAN_POINT ( 'NONE',  ( -0.5686707432364206394, 1.312393809615157059, -5.348545227622956588 ) ) ;
#2023 = CARTESIAN_POINT ( 'NONE',  ( 1.763300807568877859, -2.989101500854420495E-16, -4.109375000000000000 ) ) ;
#2024 = CARTESIAN_POINT ( 'NONE',  ( 1.017788105676657118, 0.5876202367904160839, -5.770833333333333925 ) ) ;
#2025 = ADVANCED_FACE ( 'NONE', ( #1224 ), #749, .T. ) ;
#2026 = CARTESIAN_POINT ( 'NONE',  ( -0.6785254037844375974, 1.175240473580834166, -2.208333333333333925 ) ) ;
#2027 = CARTESIAN_POINT ( 'NONE',  ( -1.017788105676656674, 0.5876202367904170831, 5.333333333333332149 ) ) ;
#2028 = VECTOR ( 'NONE', #3144, 1000.000000000000000 ) ;
#2029 = CYLINDRICAL_SURFACE ( 'NONE', #1839, 1.499999999999999778 ) ;
#2030 = ORIENTED_EDGE ( 'NONE', *, *, #3746, .T. ) ;
#2031 = CARTESIAN_POINT ( 'NONE',  ( 1.017788105676657118, 0.5876202367904160839, -0.2708333333333338699 ) ) ;
#2032 = CARTESIAN_POINT ( 'NONE',  ( 0.000000000000000000, 1.499999999999999778, 1.562500000000000666 ) ) ;
#2033 = CARTESIAN_POINT ( 'NONE',  ( -1.357050807568875417, 1.080983497915110246E-16, -5.125000000000000888 ) ) ;
#2034 = ORIENTED_EDGE ( 'NONE', *, *, #3074, .T. ) ;
#2035 = CARTESIAN_POINT ( 'NONE',  ( -1.357050807568875417, 1.080983497915110492E-16, 1.875000000000000000 ) ) ;
#2036 = CARTESIAN_POINT ( 'NONE',  ( -1.299038105676657784, 0.7500000000000001110, -3.854166666666666075 ) ) ;
#2037 = VERTEX_POINT ( 'NONE', #4396 ) ;
#2038 = CARTESIAN_POINT ( 'NONE',  ( -0.7499999999999986677, 0.4330127018922202420, 6.000000000000000000 ) ) ;
#2039 = CARTESIAN_POINT ( 'NONE',  ( 1.017788105676656452, -0.5876202367904175272, 4.083333333333333037 ) ) ;
#2040 = CARTESIAN_POINT ( 'NONE',  ( -1.763300807568877859, 1.329739878991918111E-16, 6.140625000000000000 ) ) ;
#2041 = CARTESIAN_POINT ( 'NONE',  ( -0.6785254037844375974, 1.175240473580834166, -6.208333333333333925 ) ) ;
#2042 = CARTESIAN_POINT ( 'NONE',  ( 0.000000000000000000, -1.499999999999999778, -5.549354535729332127 ) ) ;
#2043 = EDGE_LOOP ( 'NONE', ( #3825, #747, #737, #3441 ) ) ;
#2044 = CARTESIAN_POINT ( 'NONE',  ( -0.6907763037618689372, -0.9507987531037226381, 7.012123736333156110 ) ) ;
#2045 = CARTESIAN_POINT ( 'NONE',  ( 0.6443298834483571769, -1.071139113885539507, 6.000000000000052403 ) ) ;
#2046 =( BOUNDED_CURVE ( )  B_SPLINE_CURVE ( 2, ( #4924, #847, #133, #445, #1703, #2944, #107 ),
 .UNSPECIFIED., .F., .F. ) 
 B_SPLINE_CURVE_WITH_KNOTS ( ( 3, 2, 2, 3 ),
 ( 0.5370370370370368684, 0.5432098765432096243, 0.5493827160493826023, 0.5555555555555554692 ),
 .UNSPECIFIED. ) 
 CURVE ( )  GEOMETRIC_REPRESENTATION_ITEM ( )  RATIONAL_B_SPLINE_CURVE ( ( 1.000000000000004885, 0.8660254037844339337, 1.000000000000000000, 0.8660254037844387076, 1.000000000000000000, 0.8660254037844411501, 0.9999999999999975575 ) ) 
 REPRESENTATION_ITEM ( '' )  );
#2047 = CARTESIAN_POINT ( 'NONE',  ( 0.6785254037844384856, 1.175240473580833722, -1.791666666666666963 ) ) ;
#2048 = CARTESIAN_POINT ( 'NONE',  ( -0.8816504037844387076, 1.527063293868264449, 1.088541666666666519 ) ) ;
#2049 = CARTESIAN_POINT ( 'NONE',  ( -1.836970198721029688E-16, -1.499999999999999778, -4.687499999999999112 ) ) ;
#2050 = CARTESIAN_POINT ( 'NONE',  ( 1.763300807568877859, -2.989101500854420495E-16, -2.109375000000000000 ) ) ;
#2051 = CARTESIAN_POINT ( 'NONE',  ( 0.6785254037844384856, 1.175240473580833722, -1.729166666666666963 ) ) ;
#2052 = CARTESIAN_POINT ( 'NONE',  ( 0.6785254037844383745, 1.175240473580833500, 1.208333333333333037 ) ) ;
#2053 =( BOUNDED_CURVE ( )  B_SPLINE_CURVE ( 2, ( #1512, #3258, #3202, #4863, #1991, #5287, #4888 ),
 .UNSPECIFIED., .F., .F. ) 
 B_SPLINE_CURVE_WITH_KNOTS ( ( 3, 2, 2, 3 ),
 ( 0.1444581374289477527, 0.1506309769351206196, 0.1568038164412934865, 0.1629766559474663534 ),
 .UNSPECIFIED. ) 
 CURVE ( )  GEOMETRIC_REPRESENTATION_ITEM ( )  RATIONAL_B_SPLINE_CURVE ( ( 1.000000000000000000, 0.8660254037844387076, 1.000000000000000000, 0.8660254037844387076, 1.000000000000000000, 0.8660254037844387076, 1.000000000000000000 ) ) 
 REPRESENTATION_ITEM ( '' )  );
#2054 = EDGE_CURVE ( 'NONE', #3353, #1572, #392, .T. ) ;
#2055 = CARTESIAN_POINT ( 'NONE',  ( 1.017788105676656452, -0.5876202367904175272, -3.416666666666667407 ) ) ;
#2056 = CARTESIAN_POINT ( 'NONE',  ( -5.278598902257493139E-14, 1.381129763209588468, -5.368870236790419526 ) ) ;
#2057 = EDGE_CURVE ( 'NONE', #5159, #4096, #805, .T. ) ;
#2058 = CARTESIAN_POINT ( 'NONE',  ( 0.000000000000000000, 1.499999999999999778, 2.562499999999999556 ) ) ;
#2059 = EDGE_LOOP ( 'NONE', ( #2582, #5236, #2092, #3587, #2726 ) ) ;
#2060 = CARTESIAN_POINT ( 'NONE',  ( 0.6785254037844372643, -1.175240473580834166, 1.104166666666666519 ) ) ;
#2061 = CARTESIAN_POINT ( 'NONE',  ( 1.425528106037753373, -0.4160385066068246762, 5.839520828321586698 ) ) ;
#2062 = CARTESIAN_POINT ( 'NONE',  ( 0.000000000000000000, 1.499999999999999778, 2.562499999999999556 ) ) ;
#2063 = AXIS2_PLACEMENT_3D ( 'NONE', #3122, #628, #4356 ) ;
#2064 = CARTESIAN_POINT ( 'NONE',  ( 0.6785254037844372643, -1.175240473580834166, 1.541666666666666075 ) ) ;
#2065 = CARTESIAN_POINT ( 'NONE',  ( -1.732050807568876971, 1.310604772755240004E-16, -0.3125000000000000000 ) ) ;
#2066 = ORIENTED_EDGE ( 'NONE', *, *, #4630, .F. ) ;
#2067 = CARTESIAN_POINT ( 'NONE',  ( 1.299038105676657562, -0.7500000000000005551, -4.604166666666666075 ) ) ;
#2068 = CARTESIAN_POINT ( 'NONE',  ( 0.6785254037844372643, -1.175240473580834166, 4.541666666666666963 ) ) ;
#2069 = CARTESIAN_POINT ( 'NONE',  ( -1.763300807568877859, 1.329739878991918111E-16, 5.640624999999999112 ) ) ;
#2070 = CARTESIAN_POINT ( 'NONE',  ( -1.017788105676656674, 0.5876202367904170831, 6.395833333333333037 ) ) ;
#2071 = CYLINDRICAL_SURFACE ( 'NONE', #1810, 1.499999999999999778 ) ;
#2072 = ORIENTED_EDGE ( 'NONE', *, *, #2781, .T. ) ;
#2073 = CARTESIAN_POINT ( 'NONE',  ( -0.6785254037844380415, -1.175240473580833944, 6.020833333333333037 ) ) ;
#2074 = CARTESIAN_POINT ( 'NONE',  ( 1.357050807568875417, -2.242832357623997763E-16, -4.812500000000000888 ) ) ;
#2075 = CARTESIAN_POINT ( 'NONE',  ( -1.357050807568875417, 1.080983497915110492E-16, -2.125000000000000000 ) ) ;
#2076 = CARTESIAN_POINT ( 'NONE',  ( 0.8816504037844398178, 1.527063293868264005, 1.005208333333333703 ) ) ;
#2077 = CARTESIAN_POINT ( 'NONE',  ( -0.8660254037844391517, -1.499999999999999334, 4.708333333333333037 ) ) ;
#2078 = CARTESIAN_POINT ( 'NONE',  ( 0.8816504037844398178, 1.527063293868264005, -0.5260416666666668517 ) ) ;
#2079 = CARTESIAN_POINT ( 'NONE',  ( -1.017788105676656674, 0.5876202367904170831, -2.604166666666666963 ) ) ;
#2080 = CARTESIAN_POINT ( 'NONE',  ( 0.000000000000000000, 1.175240473580833944, 0.7499999999999997780 ) ) ;
#2081 =( BOUNDED_CURVE ( )  B_SPLINE_CURVE ( 2, ( #4299, #3927, #1531, #1452, #5177, #1830, #2265 ),
 .UNSPECIFIED., .F., .F. ) 
 B_SPLINE_CURVE_WITH_KNOTS ( ( 3, 2, 2, 3 ),
 ( 0.8148148148148147696, 0.8209876543209876365, 0.8271604938271603924, 0.8333333333333332593 ),
 .UNSPECIFIED. ) 
 CURVE ( )  GEOMETRIC_REPRESENTATION_ITEM ( )  RATIONAL_B_SPLINE_CURVE ( ( 1.000000000000000000, 0.8660254037844387076, 1.000000000000000000, 0.8660254037844387076, 1.000000000000000000, 0.8660254037844411501, 0.9999999999999975575 ) ) 
 REPRESENTATION_ITEM ( '' )  );
#2082 = CARTESIAN_POINT ( 'NONE',  ( -0.6785254037844380415, -1.175240473580833722, -2.479166666666667407 ) ) ;
#2083 = CARTESIAN_POINT ( 'NONE',  ( 0.6785254037844372643, -1.175240473580834166, -0.9583333333333337034 ) ) ;
#2084 = CARTESIAN_POINT ( 'NONE',  ( -1.836970198721029688E-16, -1.499999999999999778, 4.250000000000000000 ) ) ;
#2085 = DIRECTION ( 'NONE',  ( -0.000000000000000000, 3.457852702097173358E-17, 1.000000000000000000 ) ) ;
#2086 = VECTOR ( 'NONE', #4902, 1000.000000000000000 ) ;
#2087 = CARTESIAN_POINT ( 'NONE',  ( -1.017788105676656896, -0.5876202367904167501, 0.4791666666666659635 ) ) ;
#2088 = CARTESIAN_POINT ( 'NONE',  ( 0.000000000000000000, 1.499999999999999778, -1.437499999999999112 ) ) ;
#2089 = CARTESIAN_POINT ( 'NONE',  ( 0.6785254037844383745, 1.175240473580833500, -2.791666666666666963 ) ) ;
#2090 = AXIS2_PLACEMENT_3D ( 'NONE', #60, #4982, #2897 ) ;
#2091 = DIRECTION ( 'NONE',  ( 0.000000000000000000, -0.7071067811865512365, 0.7071067811865439090 ) ) ;
#2092 = ORIENTED_EDGE ( 'NONE', *, *, #4065, .F. ) ;
#2093 = CARTESIAN_POINT ( 'NONE',  ( 0.7500000000000000000, 0.4330127018922191318, 5.062500000000000000 ) ) ;
#2094 = CARTESIAN_POINT ( 'NONE',  ( 1.017788105676657118, 0.5876202367904160839, 5.166666666666666963 ) ) ;
#2095 = CARTESIAN_POINT ( 'NONE',  ( 1.322475605676659116, 0.7635316469341311141, 5.432291666666666963 ) ) ;
#2096 = CARTESIAN_POINT ( 'NONE',  ( 1.017788105676656452, -0.5876202367904175272, 5.645833333333332149 ) ) ;
#2097 = FACE_OUTER_BOUND ( 'NONE', #3542, .T. ) ;
#2098 = CARTESIAN_POINT ( 'NONE',  ( 0.000000000000000000, -1.336911000032896764E-15, 6.000000000000000000 ) ) ;
#2099 = AXIS2_PLACEMENT_3D ( 'NONE', #3790, #4247, #2932 ) ;
#2100 = VERTEX_POINT ( 'NONE', #1173 ) ;
#2101 = CARTESIAN_POINT ( 'NONE',  ( 0.000000000000000000, 1.100112572632367757E-14, 5.062500000000000000 ) ) ;
#2102 = CARTESIAN_POINT ( 'NONE',  ( 0.6785254037844383745, 1.175240473580833500, -4.229166666666667851 ) ) ;
#2103 = EDGE_CURVE ( 'NONE', #771, #4957, #3210, .T. ) ;
#2104 = CARTESIAN_POINT ( 'NONE',  ( 0.6785254037844384856, 1.175240473580833722, -0.2916666666666675178 ) ) ;
#2105 = CARTESIAN_POINT ( 'NONE',  ( 1.322475605676659116, 0.7635316469341311141, 4.463541666666666963 ) ) ;
#2106 = CARTESIAN_POINT ( 'NONE',  ( -1.299038105676658006, -0.7499999999999995559, 4.666666666666666075 ) ) ;
#2107 = CARTESIAN_POINT ( 'NONE',  ( 0.000000000000000000, 1.527063293868264227, -0.4843750000000004441 ) ) ;
#2108 = CARTESIAN_POINT ( 'NONE',  ( 0.6785254037844384856, 1.175240473580833722, -1.229166666666667629 ) ) ;
#2109 = DIRECTION ( 'NONE',  ( -0.000000000000000000, 3.457852702097173358E-17, 1.000000000000000000 ) ) ;
#2110 = B_SPLINE_CURVE_WITH_KNOTS ( 'NONE', 3,
 ( #3200, #431, #1663, #1182 ),
 .UNSPECIFIED., .F., .F.,
 ( 4, 4 ),
 ( 0.000000000000000000, 0.0006803512132609436727 ),
 .UNSPECIFIED. ) ;
#2111 = CARTESIAN_POINT ( 'NONE',  ( -1.017788105676656896, -0.5876202367904167501, 2.416666666666666075 ) ) ;
#2112 = CARTESIAN_POINT ( 'NONE',  ( 0.6785254037844372643, -1.175240473580834166, -3.395833333333333481 ) ) ;
#2113 = CARTESIAN_POINT ( 'NONE',  ( 0.000000000000000000, 1.175240473580833944, 0.7499999999999997780 ) ) ;
#2114 = CARTESIAN_POINT ( 'NONE',  ( 0.1704114111396683173, 1.375484483957650994, -5.374515516042364105 ) ) ;
#2115 = VECTOR ( 'NONE', #4460, 1000.000000000000000 ) ;
#2116 =( BOUNDED_CURVE ( )  B_SPLINE_CURVE ( 2, ( #1522, #1121, #1776, #1348, #2640, #227, #3498 ),
 .UNSPECIFIED., .F., .F. ) 
 B_SPLINE_CURVE_WITH_KNOTS ( ( 3, 2, 2, 3 ),
 ( 0.4074074074074073293, 0.4135802469135801962, 0.4197530864197529521, 0.4259259259259258190 ),
 .UNSPECIFIED. ) 
 CURVE ( )  GEOMETRIC_REPRESENTATION_ITEM ( )  RATIONAL_B_SPLINE_CURVE ( ( 1.000000000000001110, 0.8660254037844373753, 1.000000000000000000, 0.8660254037844387076, 1.000000000000000000, 0.8660254037844411501, 0.9999999999999975575 ) ) 
 REPRESENTATION_ITEM ( '' )  );
#2117 = DIRECTION ( 'NONE',  ( 0.000000000000000000, -1.000000000000000000, 0.000000000000000000 ) ) ;
#2118 = CARTESIAN_POINT ( 'NONE',  ( -1.357050807568875417, 1.080983497915110492E-16, 0.4374999999999995004 ) ) ;
#2119 = CARTESIAN_POINT ( 'NONE',  ( -0.8660254037844391517, -1.499999999999999334, -4.291666666666667851 ) ) ;
#2120 = CARTESIAN_POINT ( 'NONE',  ( -0.6785254037844375974, 1.175240473580834166, -2.708333333333333925 ) ) ;
#2121 = EDGE_CURVE ( 'NONE', #2010, #2870, #4633, .T. ) ;
#2122 = CARTESIAN_POINT ( 'NONE',  ( 0.000000000000000000, 1.499999999999999778, 2.562499999999999556 ) ) ;
#2123 = ORIENTED_EDGE ( 'NONE', *, *, #4973, .F. ) ;
#2124 = CARTESIAN_POINT ( 'NONE',  ( 0.8660254037844440367, 1.499999999999991562, -1.479166666666666741 ) ) ;
#2125 = CARTESIAN_POINT ( 'NONE',  ( 1.322475605676659116, 0.7635316469341311141, -5.036458333333333037 ) ) ;
#2126 = CARTESIAN_POINT ( 'NONE',  ( 1.322475605676659116, 0.7635316469341311141, 5.932291666666665186 ) ) ;
#2127 = CARTESIAN_POINT ( 'NONE',  ( 1.017788105676657118, 0.5876202367904160839, 5.229166666666666963 ) ) ;
#2128 = CARTESIAN_POINT ( 'NONE',  ( -1.732050807568876971, 1.310604772755240251E-16, 1.124999999999999112 ) ) ;
#2129 = LINE ( 'NONE', #2957, #4825 ) ;
#2130 = ORIENTED_EDGE ( 'NONE', *, *, #4722, .T. ) ;
#2131 = APPROVAL ( #1800, 'UNSPECIFIED' ) ;
#2132 = COORDINATED_UNIVERSAL_TIME_OFFSET ( 6, 0, .BEHIND. ) ;
#2133 = CARTESIAN_POINT ( 'NONE',  ( 1.357050807568875417, -2.242832357623997763E-16, -1.875000000000000888 ) ) ;
#2134 = CARTESIAN_POINT ( 'NONE',  ( 0.8816504037844384856, -1.527063293868264893, 5.838541666666666963 ) ) ;
#2135 = CARTESIAN_POINT ( 'NONE',  ( 1.357050807568875417, -2.242832357623997763E-16, 1.187499999999999334 ) ) ;
#2136 = CARTESIAN_POINT ( 'NONE',  ( 1.763300807568877859, -2.989101500854420495E-16, -1.609375000000000666 ) ) ;
#2137 = CARTESIAN_POINT ( 'NONE',  ( 1.357050807568875417, -2.242832357623997763E-16, -3.312500000000000000 ) ) ;
#2138 = CARTESIAN_POINT ( 'NONE',  ( 1.299038105676658672, 0.7499999999999987788, 0.9166666666666659635 ) ) ;
#2139 = CARTESIAN_POINT ( 'NONE',  ( -1.357050807568875417, 1.080983497915110246E-16, 1.875000000000000000 ) ) ;
#2140 = CARTESIAN_POINT ( 'NONE',  ( -0.6785254037844375974, 1.175240473580834166, -3.145833333333333925 ) ) ;
#2141 = CARTESIAN_POINT ( 'NONE',  ( 1.017788105676656452, -0.5876202367904175272, 0.08333333333333282911 ) ) ;
#2142 = DIRECTION ( 'NONE',  ( 0.000000000000000000, 0.000000000000000000, 1.000000000000000000 ) ) ;
#2143 = DIRECTION ( 'NONE',  ( -0.000000000000000000, -0.000000000000000000, 1.000000000000000000 ) ) ;
#2144 = CARTESIAN_POINT ( 'NONE',  ( -1.439254484199187653E-16, -1.175240473580833944, 3.562499999999999556 ) ) ;
#2145 = CARTESIAN_POINT ( 'NONE',  ( -1.836970198721029688E-16, -1.499999999999999778, 1.749999999999999334 ) ) ;
#2146 = CARTESIAN_POINT ( 'NONE',  ( -1.017788105676656674, 0.5876202367904170831, -4.666666666666666963 ) ) ;
#2147 = DIRECTION ( 'NONE',  ( 0.000000000000000000, -1.000000000000000000, 0.000000000000000000 ) ) ;
#2148 = EDGE_LOOP ( 'NONE', ( #1528, #3024, #2030, #2450, #2340, #3229, #1900, #4775 ) ) ;
#2149 = FACE_OUTER_BOUND ( 'NONE', #4899, .T. ) ;
#2150 = CARTESIAN_POINT ( 'NONE',  ( -1.017788105676656896, -0.5876202367904167501, 6.916666666666666075 ) ) ;
#2151 = CARTESIAN_POINT ( 'NONE',  ( 0.6785254037844384856, 1.175240473580833722, -3.229166666666667407 ) ) ;
#2152 = CARTESIAN_POINT ( 'NONE',  ( 1.357050807568875417, -2.242832357623997763E-16, 5.187499999999999112 ) ) ;
#2153 = CARTESIAN_POINT ( 'NONE',  ( -0.3755698326270842102, -1.406726059354726610, -5.297167002627618970 ) ) ;
#2154 = AXIS2_PLACEMENT_3D ( 'NONE', #2765, #5246, #3244 ) ;
#2155 = CARTESIAN_POINT ( 'NONE',  ( -0.9434779557956883833, -0.7007421192350951067, -5.574759526419170719 ) ) ;
#2156 = VERTEX_POINT ( 'NONE', #4125 ) ;
#2157 = DESIGN_CONTEXT ( 'detailed design', #2913, 'design' ) ;
#2158 = CARTESIAN_POINT ( 'NONE',  ( 0.000000000000000000, 1.558265636316165435E-17, -5.549354535729332127 ) ) ;
#2159 = CARTESIAN_POINT ( 'NONE',  ( 1.763300807568877859, -2.989101500854420495E-16, 3.921874999999999112 ) ) ;
#2160 = CARTESIAN_POINT ( 'NONE',  ( 0.6785254037844372643, -1.175240473580834166, 1.104166666666666519 ) ) ;
#2161 = CARTESIAN_POINT ( 'NONE',  ( -1.322475605676658450, 0.7635316469341323353, -1.401041666666666741 ) ) ;
#2162 = CARTESIAN_POINT ( 'NONE',  ( 1.017788105676657118, 0.5876202367904160839, -1.770833333333333481 ) ) ;
#2163 = EDGE_CURVE ( 'NONE', #1023, #2037, #3404, .T. ) ;
#2164 = CARTESIAN_POINT ( 'NONE',  ( -1.017788105676656896, -0.5876202367904167501, 3.416666666666666963 ) ) ;
#2165 = CARTESIAN_POINT ( 'NONE',  ( -1.357050807568875417, 1.080983497915110246E-16, -2.062500000000000000 ) ) ;
#2166 = CARTESIAN_POINT ( 'NONE',  ( 0.6785254037844372643, -1.175240473580834166, 0.5416666666666659635 ) ) ;
#2167 = DIRECTION ( 'NONE',  ( -1.251928832280966928E-16, 1.000000000000000000, 0.000000000000000000 ) ) ;
#2168 = CARTESIAN_POINT ( 'NONE',  ( -0.6785254037844375974, 1.175240473580834166, 0.7916666666666662966 ) ) ;
#2169 = CARTESIAN_POINT ( 'NONE',  ( -1.299038105676657784, 0.7500000000000001110, 0.08333333333333248216 ) ) ;
#2170 = EDGE_CURVE ( 'NONE', #3881, #1120, #2289, .T. ) ;
#2171 = CARTESIAN_POINT ( 'NONE',  ( 1.357050807568875417, -2.242832357623997763E-16, 4.687499999999999112 ) ) ;
#2172 = CARTESIAN_POINT ( 'NONE',  ( -0.8660254037844383745, 1.499999999999999778, -4.458333333333333037 ) ) ;
#2173 = CARTESIAN_POINT ( 'NONE',  ( 0.6785254037844372643, -1.175240473580834166, -2.458333333333333481 ) ) ;
#2174 = CARTESIAN_POINT ( 'NONE',  ( -1.836970198721029688E-16, -1.499999999999999778, 4.312499999999999112 ) ) ;
#2175 = EDGE_LOOP ( 'NONE', ( #2309, #4267, #354, #1016 ) ) ;
#2176 = DIRECTION ( 'NONE',  ( 0.000000000000000000, -1.000000000000000000, 0.000000000000000000 ) ) ;
#2177 = CARTESIAN_POINT ( 'NONE',  ( -1.017788105676656674, 0.5876202367904170831, 6.833333333333332149 ) ) ;
#2178 = CARTESIAN_POINT ( 'NONE',  ( 0.000000000000000000, 1.175240473580833944, -4.187500000000000000 ) ) ;
#2179 = CARTESIAN_POINT ( 'NONE',  ( -0.6785254037844380415, -1.175240473580833944, -4.541666666666666963 ) ) ;
#2180 = CARTESIAN_POINT ( 'NONE',  ( -1.299038105676658006, -0.7499999999999995559, -3.833333333333333925 ) ) ;
#2181 = CARTESIAN_POINT ( 'NONE',  ( -1.836970198721029688E-16, -1.499999999999999778, 5.249999999999999112 ) ) ;
#2182 = ORIENTED_EDGE ( 'NONE', *, *, #714, .F. ) ;
#2183 = CARTESIAN_POINT ( 'NONE',  ( 1.299038105676657562, -0.7500000000000005551, -0.6666666666666674068 ) ) ;
#2184 = FACE_OUTER_BOUND ( 'NONE', #1606, .T. ) ;
#2185 = CARTESIAN_POINT ( 'NONE',  ( 1.322475605676658228, -0.7635316469341327794, 5.880208333333333925 ) ) ;
#2186 = CARTESIAN_POINT ( 'NONE',  ( 1.017788105676657118, 0.5876202367904160839, 0.2291666666666665741 ) ) ;
#2187 = CARTESIAN_POINT ( 'NONE',  ( 1.763300807568877859, -2.989101500854420495E-16, 1.890624999999999778 ) ) ;
#2188 = CARTESIAN_POINT ( 'NONE',  ( -1.439254484199187653E-16, -1.175240473580833944, 1.562499999999999556 ) ) ;
#2189 = CARTESIAN_POINT ( 'NONE',  ( 1.299038105676657562, -0.7500000000000005551, 0.8333333333333322601 ) ) ;
#2190 = CARTESIAN_POINT ( 'NONE',  ( -1.439254484199187653E-16, -1.175240473580833944, 4.499999999999999112 ) ) ;
#2191 = CARTESIAN_POINT ( 'NONE',  ( -1.357050807568875417, 1.080983497915110246E-16, -1.562500000000000000 ) ) ;
#2192 = EDGE_CURVE ( 'NONE', #2395, #1049, #2423, .T. ) ;
#2193 = CARTESIAN_POINT ( 'NONE',  ( -1.439254484199187653E-16, -1.175240473580833944, 1.499999999999999556 ) ) ;
#2194 = CARTESIAN_POINT ( 'NONE',  ( -0.8816504037844387076, 1.527063293868264449, -5.942708333333333925 ) ) ;
#2195 =( BOUNDED_SURFACE ( )  B_SPLINE_SURFACE ( 1, 2, ( 
 ( #1487, #1303, #1760, #791, #1114, #4387, #4840, #4015, #2780, #1971, #2024, #2427, #338, #2401, #3990, #1190, #2832, #4039, #386, #712, #2352, #4061, #3236, #1218, #766, #4813, #3614, #4466, #287, #3964, #2378, #5240, #2808, #1620, #3665, #3564, #5215, #1567, #2328, #2859, #1542, #3206, #1918, #686, #5188, #312, #360, #1515, #3264, #5292, #1592, #4439, #1995, #2755, #4894, #4867, #1165, #3156, #3638, #5264, #4788, #1946, #3591, #3183, #1139, #4413, #741, #49, #3795, #2137, #2511, #521, #4115, #3366, #76, #2911, #100, #4547, #2562, #2886, #1270, #867, #1322, #126, #4172, #841, #2079, #4598, #892, #4520, #920, #2484, #2537, #3744, #497, #1296, #3290, #4142, #24, #3770, #468, #1750, #4920, #1244, #4199, #413, #2162, #2051, #4997, #440, #2457, #1723, #3716, #3394, #2965, #3693, #1697, #5025, #3338, #2108, #1672, #1352, #1646, #4493, #815, #4971, #2939, #4089, #3314, #4570, #4945, #3447, #1028, #2268, #4654, #3097, #3422, #1379, #1833, #1002, #5076, #4280, #4328, #4730, #2644, #4703, #975, #3503, #5131, #2669, #2696, #3021, #2614, #1055, #231, #3530, #3070, #1806, #601, #1456, #2589, #948, #4678, #2242, #5101, #3931, #654, #546, #5048, #1406, #2298, #4626, #4252, #254, #1886, #1860, #3877, #4302, #5156, #574, #2994, #2215, #205, #4225, #3851, #3905, #2188, #185, #3047, #3822, #3476, #1780, #156, #1429, #627, #1986, #4859, #1584, #4782, #4030, #3149, #1107, #2800, #2418, #3983, #3227, #4052, #3628, #4406, #757, #680, #5255, #4431, #1965, #377, #2393, #735, #352, #2748, #3121, #1181, #4380, #2015, #2824, #3656, #2321, #3608, #2372, #1482, #4757, #4456, #3957, #783, #5232, #281, #1559, #3199, #4006, #704, #1082, #332, #4831, #2722, #4355, #1912, #3555, #2345, #5181, #1509, #306, #1939, #3585, #5209, #1535, #1158, #3175, #4806, #1133, #2775, #3305, #2902, #4133, #1312, #4936, #3328, #4538, #90, #3708, #430, #858, #2502, #1260, #2874, #2152, #2127, #38, #2955, #4987, #4190, #65, #3760, #5283, #456, #3281, #2096, #2475, #4589, #1662, #3734, #910, #1208, #1686, #1713, #15, #2928, #4961, #1637, #3357, #403, #3684, #1285, #4561, #2070, #882, #2554, #512, #2527, #4161, #4911, #487, #1611, #3254, #4884, #1234, #4510, #2850, #4483, #804, #2447 ),
 ( #4081, #2041, #832, #4106, #118, #4319, #1343, #3813, #1823, #644, #1046, #4295, #4695, #2233, #592, #4216, #222, #1020, #3437, #1741, #176, #3465, #3086, #994, #3492, #3867, #4719, #3384, #197, #4644, #2687, #1421, #1796, #5121, #3414, #2659, #4669, #2206, #618, #3841, #1851, #2179, #565, #5065, #2259, #3786, #5093, #146, #1370, #3894, #3062, #1769, #1447, #5040, #5014, #3038, #2984, #4615, #2578, #1397, #937, #538, #2634, #3011, #966, #2606, #4243, #4271, #2711, #2286, #4344, #1877, #3921, #1073, #3518, #246, #5147, #3111, #1472, #4745, #4543, #3310, #3286, #4168, #2855, #1693, #4967, #3712, #1668, #1292, #4488, #463, #3259, #2480, #72, #2935, #95, #409, #4111, #2075, #493, #2961, #3334, #3689, #4916, #2133, #3740, #2047, #3766, #20, #4566, #1266, #888, #4138, #811, #45, #2453, #2533, #4941, #4594, #4085, #1642, #1719, #4890, #3362, #1214, #4993, #1240, #5288, #1318, #2881, #916, #2558, #4516, #2907, #4195, #863, #2507, #837, #2020, #437, #3661, #1616, #2104, #2495, #4853, #4100, #2196, #4232, #4128, #3275, #2896, #3803, #1202, #3830, #5275, #4906, #2596, #2440, #852, #2818, #1604, #3247, #3401, #424, #370, #1578, #799, #2868, #2168, #5031, #1759, #4877, #528, #2844, #4477, #4532, #556, #4075, #1359, #3221, #135, #4504, #3000, #777, #4634, #956, #2064, #1176, #4450, #826, #2412, #396, #4046, #2008, #2035, #3649, #3678, #9, #1631, #3702, #2469, #1228, #33, #1657, #3299, #4930, #1252, #984, #2278, #3913, #1037, #5083, #2330, #4310, #4711, #164, #4337, #3539, #1786, #3455, #2306, #3427, #3028, #1815, #1897, #2705, #688, #239, #4287, #3078, #3941, #5054, #1388, #1843, #5111, #1868, #1090, #1490, #4661, #4687, #3484, #2624, #4260, #582, #191, #3509, #2223, #2732, #664, #1064, #5139, #1465, #3858, #5164, #262, #1438, #1413, #2677, #3103, #4765, #635, #3132, #4735, #4364, #3053, #1010, #2651, #609, #2249, #3884, #213, #3594, #2835, #4844, #2380, #4869, #4017, #2027, #2355, #743, #340, #793, #4896, #3641, #314, #1545, #4063, #363, #3992, #388, #1949, #1997, #3212, #5267, #768, #2758, #1973, #4791, #1596, #3617, #1220, #4389, #717, #3670, #5190, #5295, #1518, #4468, #5217, #1920, #3240, #3186, #2861, #1192, #3158, #1168, #4497, #2810 ) ),
 .UNSPECIFIED., .F., .F., .F. ) 
 B_SPLINE_SURFACE_WITH_KNOTS ( ( 2, 2 ),
 ( 3, 2, 2, 2, 2, 2, 2, 2, 2, 2, 2, 2, 2, 2, 2, 2, 2, 2, 2, 2, 2, 2, 2, 2, 2, 2, 2, 2, 2, 2, 2, 2, 2, 2, 2, 2, 2, 2, 2, 2, 2, 2, 2, 2, 2, 2, 2, 2, 2, 2, 2, 2, 2, 2, 2, 2, 2, 2, 2, 2, 2, 2, 2, 2, 2, 2, 2, 2, 2, 2, 2, 2, 2, 2, 2, 2, 2, 2, 2, 2, 2, 2, 2, 2, 2, 2, 2, 2, 2, 2, 2, 2, 2, 2, 2, 2, 2, 2, 2, 2, 2, 2, 2, 2, 2, 2, 2, 2, 2, 2, 2, 2, 2, 2, 2, 2, 2, 2, 2, 2, 2, 2, 2, 2, 2, 2, 2, 2, 2, 2, 2, 2, 2, 2, 2, 2, 2, 2, 2, 2, 2, 2, 2, 2, 2, 2, 2, 2, 2, 2, 2, 2, 2, 2, 2, 2, 2, 2, 2, 3 ),
 ( 0.000000000000000000, 1.000000000000000000 ),
 ( 0.000000000000000000, 0.006172839506172839164, 0.01234567901234567833, 0.01851851851851851749, 0.02469135802469135665, 0.03086419753086419582, 0.03703703703703703498, 0.04320987654320987414, 0.04938271604938271331, 0.05555555555555555247, 0.06172839506172839164, 0.06790123456790123080, 0.07407407407407406996, 0.08024691358024690913, 0.08641975308641974829, 0.09259259259259258745, 0.09876543209876542662, 0.1049382716049382658, 0.1111111111111111049, 0.1172839506172839441, 0.1234567901234567833, 0.1296296296296296224, 0.1358024691358024616, 0.1419753086419753008, 0.1481481481481481399, 0.1543209876543209791, 0.1604938271604938183, 0.1666666666666666574, 0.1728395061728394966, 0.1790123456790123357, 0.1851851851851851749, 0.1913580246913580141, 0.1975308641975308532, 0.2037037037037036924, 0.2098765432098765316, 0.2160493827160493707, 0.2222222222222222099, 0.2283950617283950490, 0.2345679012345678882, 0.2407407407407407274, 0.2469135802469135665, 0.2530864197530864335, 0.2592592592592592449, 0.2654320987654321118, 0.2716049382716049232, 0.2777777777777777901, 0.2839506172839506015, 0.2901234567901234684, 0.2962962962962962798, 0.3024691358024691468, 0.3086419753086419582, 0.3148148148148148251, 0.3209876543209876365, 0.3271604938271605034, 0.3333333333333333148, 0.3395061728395061817, 0.3456790123456789932, 0.3518518518518518601, 0.3580246913580246715, 0.3641975308641975384, 0.3703703703703703498, 0.3765432098765432167, 0.3827160493827160281, 0.3888888888888888951, 0.3950617283950617065, 0.4012345679012345734, 0.4074074074074073848, 0.4135802469135802517, 0.4197530864197530631, 0.4259259259259259300, 0.4320987654320987414, 0.4382716049382716084, 0.4444444444444444198, 0.4506172839506172867, 0.4567901234567900981, 0.4629629629629629650, 0.4691358024691357764, 0.4753086419753086433, 0.4814814814814814548, 0.4876543209876543217, 0.4938271604938271331, 0.5000000000000000000, 0.5061728395061728669, 0.5123456790123457338, 0.5185185185185184897, 0.5246913580246913567, 0.5308641975308642236, 0.5370370370370370905, 0.5432098765432098464, 0.5493827160493827133, 0.5555555555555555802, 0.5617283950617284471, 0.5679012345679012030, 0.5740740740740740700, 0.5802469135802469369, 0.5864197530864198038, 0.5925925925925925597, 0.5987654320987654266, 0.6049382716049382935, 0.6111111111111111605, 0.6172839506172839164, 0.6234567901234567833, 0.6296296296296296502, 0.6358024691358025171, 0.6419753086419752730, 0.6481481481481481399, 0.6543209876543210068, 0.6604938271604938738, 0.6666666666666666297, 0.6728395061728394966, 0.6790123456790123635, 0.6851851851851852304, 0.6913580246913579863, 0.6975308641975308532, 0.7037037037037037202, 0.7098765432098765871, 0.7160493827160493430, 0.7222222222222222099, 0.7283950617283950768, 0.7345679012345679437, 0.7407407407407406996, 0.7469135802469135665, 0.7530864197530864335, 0.7592592592592593004, 0.7654320987654320563, 0.7716049382716049232, 0.7777777777777777901, 0.7839506172839506570, 0.7901234567901234129, 0.7962962962962962798, 0.8024691358024691468, 0.8086419753086420137, 0.8148148148148147696, 0.8209876543209876365, 0.8271604938271605034, 0.8333333333333333703, 0.8395061728395061262, 0.8456790123456789932, 0.8518518518518518601, 0.8580246913580247270, 0.8641975308641974829, 0.8703703703703703498, 0.8765432098765432167, 0.8827160493827160836, 0.8888888888888888395, 0.8950617283950617065, 0.9012345679012345734, 0.9074074074074074403, 0.9135802469135801962, 0.9197530864197530631, 0.9259259259259259300, 0.9320987654320987970, 0.9382716049382715529, 0.9444444444444444198, 0.9506172839506172867, 0.9567901234567901536, 0.9629629629629629095, 0.9691358024691357764, 0.9753086419753086433, 0.9777915236587408909 ),
 .UNSPECIFIED. ) 
 GEOMETRIC_REPRESENTATION_ITEM ( )  RATIONAL_B_SPLINE_SURFACE ( (
 ( 1.000000000000000000, 0.8660254037844387076, 1.000000000000000000, 0.8660254037844387076, 1.000000000000000000, 0.8660254037844387076, 1.000000000000000000, 0.8660254037844387076, 1.000000000000000000, 0.8660254037844387076, 1.000000000000000000, 0.8660254037844387076, 1.000000000000000000, 0.8660254037844387076, 1.000000000000000000, 0.8660254037844387076, 1.000000000000000000, 0.8660254037844387076, 1.000000000000000000, 0.8660254037844387076, 1.000000000000000000, 0.8660254037844387076, 1.000000000000000000, 0.8660254037844387076, 1.000000000000000000, 0.8660254037844387076, 1.000000000000000000, 0.8660254037844387076, 1.000000000000000000, 0.8660254037844387076, 1.000000000000000000, 0.8660254037844387076, 1.000000000000000000, 0.8660254037844387076, 1.000000000000000000, 0.8660254037844387076, 1.000000000000000000, 0.8660254037844387076, 1.000000000000000000, 0.8660254037844387076, 1.000000000000000000, 0.8660254037844387076, 1.000000000000000000, 0.8660254037844387076, 1.000000000000000000, 0.8660254037844387076, 1.000000000000000000, 0.8660254037844387076, 1.000000000000000000, 0.8660254037844387076, 1.000000000000000000, 0.8660254037844387076, 1.000000000000000000, 0.8660254037844387076, 1.000000000000000000, 0.8660254037844387076, 1.000000000000000000, 0.8660254037844387076, 1.000000000000000000, 0.8660254037844387076, 1.000000000000000000, 0.8660254037844387076, 1.000000000000000000, 0.8660254037844387076, 1.000000000000000000, 0.8660254037844387076, 1.000000000000000000, 0.8660254037844387076, 1.000000000000000000, 0.8660254037844387076, 1.000000000000000000, 0.8660254037844387076, 1.000000000000000000, 0.8660254037844387076, 1.000000000000000000, 0.8660254037844387076, 1.000000000000000000, 0.8660254037844387076, 1.000000000000000000, 0.8660254037844387076, 1.000000000000000000, 0.8660254037844387076, 1.000000000000000000, 0.8660254037844387076, 1.000000000000000000, 0.8660254037844387076, 1.000000000000000000, 0.8660254037844387076, 1.000000000000000000, 0.8660254037844387076, 1.000000000000000000, 0.8660254037844387076, 1.000000000000000000, 0.8660254037844387076, 1.000000000000000000, 0.8660254037844387076, 1.000000000000000000, 0.8660254037844387076, 1.000000000000000000, 0.8660254037844387076, 1.000000000000000000, 0.8660254037844387076, 1.000000000000000000, 0.8660254037844387076, 1.000000000000000000, 0.8660254037844387076, 1.000000000000000000, 0.8660254037844387076, 1.000000000000000000, 0.8660254037844387076, 1.000000000000000000, 0.8660254037844387076, 1.000000000000000000, 0.8660254037844387076, 1.000000000000000000, 0.8660254037844387076, 1.000000000000000000, 0.8660254037844387076, 1.000000000000000000, 0.8660254037844387076, 1.000000000000000000, 0.8660254037844387076, 1.000000000000000000, 0.8660254037844387076, 1.000000000000000000, 0.8660254037844387076, 1.000000000000000000, 0.8660254037844387076, 1.000000000000000000, 0.8660254037844387076, 1.000000000000000000, 0.8660254037844387076, 1.000000000000000000, 0.8660254037844387076, 1.000000000000000000, 0.8660254037844387076, 1.000000000000000000, 0.8660254037844387076, 1.000000000000000000, 0.8660254037844387076, 1.000000000000000000, 0.8660254037844387076, 1.000000000000000000, 0.8660254037844387076, 1.000000000000000000, 0.8660254037844387076, 1.000000000000000000, 0.8660254037844387076, 1.000000000000000000, 0.8660254037844387076, 1.000000000000000000, 0.8660254037844387076, 1.000000000000000000, 0.8660254037844387076, 1.000000000000000000, 0.8660254037844387076, 1.000000000000000000, 0.8660254037844387076, 1.000000000000000000, 0.8660254037844387076, 1.000000000000000000, 0.8660254037844387076, 1.000000000000000000, 0.8660254037844387076, 1.000000000000000000, 0.8660254037844387076, 1.000000000000000000, 0.8660254037844387076, 1.000000000000000000, 0.8660254037844387076, 1.000000000000000000, 0.8660254037844387076, 1.000000000000000000, 0.8660254037844387076, 1.000000000000000000, 0.8660254037844387076, 1.000000000000000000, 0.8660254037844387076, 1.000000000000000000, 0.8660254037844387076, 1.000000000000000000, 0.8660254037844387076, 1.000000000000000000, 0.8660254037844387076, 1.000000000000000000, 0.8660254037844387076, 1.000000000000000000, 0.8660254037844387076, 1.000000000000000000, 0.8660254037844387076, 1.000000000000000000, 0.8660254037844387076, 1.000000000000000000, 0.8660254037844387076, 1.000000000000000000, 0.8660254037844387076, 1.000000000000000000, 0.8660254037844387076, 1.000000000000000000, 0.8660254037844387076, 1.000000000000000000, 0.8660254037844387076, 1.000000000000000000, 0.8660254037844387076, 1.000000000000000000, 0.8660254037844387076, 1.000000000000000000, 0.8660254037844387076, 1.000000000000000000, 0.8660254037844387076, 1.000000000000000000, 0.8660254037844387076, 1.000000000000000000, 0.8660254037844387076, 1.000000000000000000, 0.8660254037844387076, 1.000000000000000000, 0.8660254037844387076, 1.000000000000000000, 0.8660254037844387076, 1.000000000000000000, 0.8660254037844387076, 1.000000000000000000, 0.8660254037844387076, 1.000000000000000000, 0.8660254037844387076, 1.000000000000000000, 0.8660254037844387076, 1.000000000000000000, 0.8660254037844387076, 1.000000000000000000, 0.8660254037844387076, 1.000000000000000000, 0.8660254037844387076, 1.000000000000000000, 0.8660254037844387076, 1.000000000000000000, 0.8660254037844387076, 1.000000000000000000, 0.8660254037844387076, 1.000000000000000000, 0.8660254037844387076, 1.000000000000000000, 0.8660254037844387076, 1.000000000000000000, 0.8660254037844387076, 1.000000000000000000, 0.8660254037844387076, 1.000000000000000000, 0.8660254037844387076, 1.000000000000000000, 0.8660254037844387076, 1.000000000000000000, 0.8660254037844387076, 1.000000000000000000, 0.8660254037844387076, 1.000000000000000000, 0.8660254037844387076, 1.000000000000000000, 0.8660254037844387076, 1.000000000000000000, 0.8660254037844387076, 1.000000000000000000, 0.8660254037844387076, 1.000000000000000000, 0.8660254037844387076, 1.000000000000000000, 0.8660254037844387076, 1.000000000000000000, 0.8660254037844387076, 1.000000000000000000, 0.8660254037844387076, 1.000000000000000000, 0.8660254037844387076, 1.000000000000000000, 0.8660254037844387076, 1.000000000000000000, 0.8660254037844387076, 1.000000000000000000, 0.8660254037844387076, 1.000000000000000000, 0.8660254037844387076, 1.000000000000000000, 0.8660254037844387076, 1.000000000000000000, 0.8660254037844387076, 1.000000000000000000, 0.8660254037844387076, 1.000000000000000000, 0.8660254037844387076, 1.000000000000000000, 0.8660254037844387076, 1.000000000000000000, 0.8660254037844387076, 1.000000000000000000, 0.8660254037844387076, 1.000000000000000000, 0.8660254037844387076, 1.000000000000000000, 0.8660254037844387076, 1.000000000000000000, 0.8660254037844387076, 1.000000000000000000, 0.8660254037844387076, 1.000000000000000000, 0.8660254037844387076, 1.000000000000000000, 0.8660254037844387076, 1.000000000000000000, 0.8660254037844387076, 1.000000000000000000, 0.8660254037844387076, 1.000000000000000000, 0.8660254037844387076, 1.000000000000000000, 0.8660254037844387076, 1.000000000000000000, 0.9461118224998068538, 0.9355741869130966837),
 ( 1.000000000000000000, 0.8660254037844387076, 1.000000000000000000, 0.8660254037844387076, 1.000000000000000000, 0.8660254037844387076, 1.000000000000000000, 0.8660254037844387076, 1.000000000000000000, 0.8660254037844387076, 1.000000000000000000, 0.8660254037844387076, 1.000000000000000000, 0.8660254037844387076, 1.000000000000000000, 0.8660254037844387076, 1.000000000000000000, 0.8660254037844387076, 1.000000000000000000, 0.8660254037844387076, 1.000000000000000000, 0.8660254037844387076, 1.000000000000000000, 0.8660254037844387076, 1.000000000000000000, 0.8660254037844387076, 1.000000000000000000, 0.8660254037844387076, 1.000000000000000000, 0.8660254037844387076, 1.000000000000000000, 0.8660254037844387076, 1.000000000000000000, 0.8660254037844387076, 1.000000000000000000, 0.8660254037844387076, 1.000000000000000000, 0.8660254037844387076, 1.000000000000000000, 0.8660254037844387076, 1.000000000000000000, 0.8660254037844387076, 1.000000000000000000, 0.8660254037844387076, 1.000000000000000000, 0.8660254037844387076, 1.000000000000000000, 0.8660254037844387076, 1.000000000000000000, 0.8660254037844387076, 1.000000000000000000, 0.8660254037844387076, 1.000000000000000000, 0.8660254037844387076, 1.000000000000000000, 0.8660254037844387076, 1.000000000000000000, 0.8660254037844387076, 1.000000000000000000, 0.8660254037844387076, 1.000000000000000000, 0.8660254037844387076, 1.000000000000000000, 0.8660254037844387076, 1.000000000000000000, 0.8660254037844387076, 1.000000000000000000, 0.8660254037844387076, 1.000000000000000000, 0.8660254037844387076, 1.000000000000000000, 0.8660254037844387076, 1.000000000000000000, 0.8660254037844387076, 1.000000000000000000, 0.8660254037844387076, 1.000000000000000000, 0.8660254037844387076, 1.000000000000000000, 0.8660254037844387076, 1.000000000000000000, 0.8660254037844387076, 1.000000000000000000, 0.8660254037844387076, 1.000000000000000000, 0.8660254037844387076, 1.000000000000000000, 0.8660254037844387076, 1.000000000000000000, 0.8660254037844387076, 1.000000000000000000, 0.8660254037844387076, 1.000000000000000000, 0.8660254037844387076, 1.000000000000000000, 0.8660254037844387076, 1.000000000000000000, 0.8660254037844387076, 1.000000000000000000, 0.8660254037844387076, 1.000000000000000000, 0.8660254037844387076, 1.000000000000000000, 0.8660254037844387076, 1.000000000000000000, 0.8660254037844387076, 1.000000000000000000, 0.8660254037844387076, 1.000000000000000000, 0.8660254037844387076, 1.000000000000000000, 0.8660254037844387076, 1.000000000000000000, 0.8660254037844387076, 1.000000000000000000, 0.8660254037844387076, 1.000000000000000000, 0.8660254037844387076, 1.000000000000000000, 0.8660254037844387076, 1.000000000000000000, 0.8660254037844387076, 1.000000000000000000, 0.8660254037844387076, 1.000000000000000000, 0.8660254037844387076, 1.000000000000000000, 0.8660254037844387076, 1.000000000000000000, 0.8660254037844387076, 1.000000000000000000, 0.8660254037844387076, 1.000000000000000000, 0.8660254037844387076, 1.000000000000000000, 0.8660254037844387076, 1.000000000000000000, 0.8660254037844387076, 1.000000000000000000, 0.8660254037844387076, 1.000000000000000000, 0.8660254037844387076, 1.000000000000000000, 0.8660254037844387076, 1.000000000000000000, 0.8660254037844387076, 1.000000000000000000, 0.8660254037844387076, 1.000000000000000000, 0.8660254037844387076, 1.000000000000000000, 0.8660254037844387076, 1.000000000000000000, 0.8660254037844387076, 1.000000000000000000, 0.8660254037844387076, 1.000000000000000000, 0.8660254037844387076, 1.000000000000000000, 0.8660254037844387076, 1.000000000000000000, 0.8660254037844387076, 1.000000000000000000, 0.8660254037844387076, 1.000000000000000000, 0.8660254037844387076, 1.000000000000000000, 0.8660254037844387076, 1.000000000000000000, 0.8660254037844387076, 1.000000000000000000, 0.8660254037844387076, 1.000000000000000000, 0.8660254037844387076, 1.000000000000000000, 0.8660254037844387076, 1.000000000000000000, 0.8660254037844387076, 1.000000000000000000, 0.8660254037844387076, 1.000000000000000000, 0.8660254037844387076, 1.000000000000000000, 0.8660254037844387076, 1.000000000000000000, 0.8660254037844387076, 1.000000000000000000, 0.8660254037844387076, 1.000000000000000000, 0.8660254037844387076, 1.000000000000000000, 0.8660254037844387076, 1.000000000000000000, 0.8660254037844387076, 1.000000000000000000, 0.8660254037844387076, 1.000000000000000000, 0.8660254037844387076, 1.000000000000000000, 0.8660254037844387076, 1.000000000000000000, 0.8660254037844387076, 1.000000000000000000, 0.8660254037844387076, 1.000000000000000000, 0.8660254037844387076, 1.000000000000000000, 0.8660254037844387076, 1.000000000000000000, 0.8660254037844387076, 1.000000000000000000, 0.8660254037844387076, 1.000000000000000000, 0.8660254037844387076, 1.000000000000000000, 0.8660254037844387076, 1.000000000000000000, 0.8660254037844387076, 1.000000000000000000, 0.8660254037844387076, 1.000000000000000000, 0.8660254037844387076, 1.000000000000000000, 0.8660254037844387076, 1.000000000000000000, 0.8660254037844387076, 1.000000000000000000, 0.8660254037844387076, 1.000000000000000000, 0.8660254037844387076, 1.000000000000000000, 0.8660254037844387076, 1.000000000000000000, 0.8660254037844387076, 1.000000000000000000, 0.8660254037844387076, 1.000000000000000000, 0.8660254037844387076, 1.000000000000000000, 0.8660254037844387076, 1.000000000000000000, 0.8660254037844387076, 1.000000000000000000, 0.8660254037844387076, 1.000000000000000000, 0.8660254037844387076, 1.000000000000000000, 0.8660254037844387076, 1.000000000000000000, 0.8660254037844387076, 1.000000000000000000, 0.8660254037844387076, 1.000000000000000000, 0.8660254037844387076, 1.000000000000000000, 0.8660254037844387076, 1.000000000000000000, 0.8660254037844387076, 1.000000000000000000, 0.8660254037844387076, 1.000000000000000000, 0.8660254037844387076, 1.000000000000000000, 0.8660254037844387076, 1.000000000000000000, 0.8660254037844387076, 1.000000000000000000, 0.8660254037844387076, 1.000000000000000000, 0.8660254037844387076, 1.000000000000000000, 0.8660254037844387076, 1.000000000000000000, 0.8660254037844387076, 1.000000000000000000, 0.8660254037844387076, 1.000000000000000000, 0.8660254037844387076, 1.000000000000000000, 0.8660254037844387076, 1.000000000000000000, 0.8660254037844387076, 1.000000000000000000, 0.8660254037844387076, 1.000000000000000000, 0.8660254037844387076, 1.000000000000000000, 0.8660254037844387076, 1.000000000000000000, 0.8660254037844387076, 1.000000000000000000, 0.8660254037844387076, 1.000000000000000000, 0.8660254037844387076, 1.000000000000000000, 0.8660254037844387076, 1.000000000000000000, 0.8660254037844387076, 1.000000000000000000, 0.8660254037844387076, 1.000000000000000000, 0.8660254037844387076, 1.000000000000000000, 0.8660254037844387076, 1.000000000000000000, 0.8660254037844387076, 1.000000000000000000, 0.8660254037844387076, 1.000000000000000000, 0.8660254037844387076, 1.000000000000000000, 0.8660254037844387076, 1.000000000000000000, 0.8660254037844387076, 1.000000000000000000, 0.8660254037844387076, 1.000000000000000000, 0.9461118224998068538, 0.9355741869130966837) ) ) 
 REPRESENTATION_ITEM ( '' )  SURFACE ( )  );
#2196 = CARTESIAN_POINT ( 'NONE',  ( -1.357050807568875417, 1.080983497915110492E-16, -0.1250000000000009714 ) ) ;
#2197 = CARTESIAN_POINT ( 'NONE',  ( 0.000000000000000000, 1.499999999999999778, -3.557538378468061424E-16 ) ) ;
#2198 = CARTESIAN_POINT ( 'NONE',  ( 1.357050807568875417, -2.242832357623997763E-16, 3.187499999999999556 ) ) ;
#2199 = CARTESIAN_POINT ( 'NONE',  ( 1.299038105676658672, 0.7499999999999987788, 4.416666666666666075 ) ) ;
#2200 = CARTESIAN_POINT ( 'NONE',  ( -1.439254484199187653E-16, -1.175240473580833944, -2.500000000000000444 ) ) ;
#2201 = CARTESIAN_POINT ( 'NONE',  ( 0.000000000000000000, -1.499999999999999778, -5.549354535729332127 ) ) ;
#2202 = VERTEX_POINT ( 'NONE', #111 ) ;
#2203 = DIRECTION ( 'NONE',  ( -0.000000000000000000, 3.457852702097173358E-17, 1.000000000000000000 ) ) ;
#2204 = CARTESIAN_POINT ( 'NONE',  ( -1.322475605676658672, -0.7635316469341317802, -6.286458333333333037 ) ) ;
#2205 = CARTESIAN_POINT ( 'NONE',  ( 1.017788105676657118, 0.5876202367904160839, -4.270833333333333925 ) ) ;
#2206 = CARTESIAN_POINT ( 'NONE',  ( -0.6785254037844375974, 1.175240473580834166, -4.708333333333333037 ) ) ;
#2207 = CARTESIAN_POINT ( 'NONE',  ( 0.000000000000000000, 1.100112572632367757E-14, 5.062500000000000000 ) ) ;
#2208 = DIRECTION ( 'NONE',  ( 0.000000000000000000, -1.000000000000000000, 0.000000000000000000 ) ) ;
#2209 = VERTEX_POINT ( 'NONE', #56 ) ;
#2210 = AXIS2_PLACEMENT_3D ( 'NONE', #3810, #855, #2176 ) ;
#2211 = CARTESIAN_POINT ( 'NONE',  ( -0.7500000000000000000, -0.4330127018922194648, 5.062500000000000000 ) ) ;
#2212 = CARTESIAN_POINT ( 'NONE',  ( -0.8816504037844387076, 1.527063293868264449, 5.588541666666666963 ) ) ;
#2213 = CARTESIAN_POINT ( 'NONE',  ( -0.6785254037844380415, -1.175240473580833722, 0.02083333333333277360 ) ) ;
#2214 = CARTESIAN_POINT ( 'NONE',  ( -0.8816504037844393737, -1.527063293868264005, 1.723958333333332593 ) ) ;
#2215 = CARTESIAN_POINT ( 'NONE',  ( -0.6785254037844375974, 1.175240473580834166, 1.354166666666665853 ) ) ;
#2216 = FACE_OUTER_BOUND ( 'NONE', #658, .T. ) ;
#2217 = CARTESIAN_POINT ( 'NONE',  ( -1.017788105676656674, 0.5876202367904170831, 5.333333333333332149 ) ) ;
#2218 = ORIENTED_EDGE ( 'NONE', *, *, #2253, .T. ) ;
#2219 = ORIENTED_EDGE ( 'NONE', *, *, #1690, .F. ) ;
#2220 = CARTESIAN_POINT ( 'NONE',  ( 1.732050807568876971, -2.931696182144386422E-16, 2.375000000000000444 ) ) ;
#2221 = EDGE_CURVE ( 'NONE', #785, #2202, #951, .T. ) ;
#2222 = CARTESIAN_POINT ( 'NONE',  ( -1.357050807568875417, 1.080983497915110492E-16, -4.625000000000000888 ) ) ;
#2223 = CARTESIAN_POINT ( 'NONE',  ( 0.6785254037844372643, -1.175240473580834166, 4.041666666666665186 ) ) ;
#2224 = CARTESIAN_POINT ( 'NONE',  ( 0.8660254037844379305, -1.500000000000000222, 2.791666666666666075 ) ) ;
#2225 = CARTESIAN_POINT ( 'NONE',  ( -0.6785254037844375974, 1.175240473580834166, 2.354166666666665630 ) ) ;
#2226 = EDGE_CURVE ( 'NONE', #3889, #2673, #4714, .T. ) ;
#2227 = CARTESIAN_POINT ( 'NONE',  ( 0.6785254037844372643, -1.175240473580834166, -0.4583333333333340365 ) ) ;
#2228 = LINE ( 'NONE', #341, #5085 ) ;
#2229 = VERTEX_POINT ( 'NONE', #2921 ) ;
#2230 = CARTESIAN_POINT ( 'NONE',  ( 1.206396406096494234, -0.8914077133149914678, 5.824948115447572405 ) ) ;
#2231 = CARTESIAN_POINT ( 'NONE',  ( -1.763300807568877859, 1.329739878991918111E-16, -5.328124999999999112 ) ) ;
#2232 = CARTESIAN_POINT ( 'NONE',  ( -1.357050807568875417, 1.080983497915110492E-16, -5.562500000000000000 ) ) ;
#2233 = CARTESIAN_POINT ( 'NONE',  ( -0.6785254037844375974, 1.175240473580834166, -5.708333333333333037 ) ) ;
#2234 = CARTESIAN_POINT ( 'NONE',  ( -1.836970198721029688E-16, -1.499999999999999778, 3.812500000000000888 ) ) ;
#2235 = CARTESIAN_POINT ( 'NONE',  ( 0.7500000000000000000, 0.4330127018922191318, 5.062500000000000000 ) ) ;
#2236 = VERTEX_POINT ( 'NONE', #3752 ) ;
#2237 = DIRECTION ( 'NONE',  ( 0.000000000000000000, -1.000000000000000000, 0.000000000000000000 ) ) ;
#2238 = CARTESIAN_POINT ( 'NONE',  ( -0.7499999999999986677, 0.4330127018922202420, 6.000000000000000000 ) ) ;
#2239 = CARTESIAN_POINT ( 'NONE',  ( -1.732050807568876971, 1.310604772755240004E-16, 2.187499999999999556 ) ) ;
#2240 = CARTESIAN_POINT ( 'NONE',  ( -0.6785254037844375974, 1.175240473580834166, 0.8541666666666662966 ) ) ;
#2241 = CARTESIAN_POINT ( 'NONE',  ( 1.322475605676659116, 0.7635316469341311141, 0.9322916666666662966 ) ) ;
#2242 = CARTESIAN_POINT ( 'NONE',  ( 0.6785254037844372643, -1.175240473580834166, 0.6041666666666660745 ) ) ;
#2243 = CARTESIAN_POINT ( 'NONE',  ( 0.000000000000000000, 1.499999999999999778, -3.437499999999999556 ) ) ;
#2244 = CARTESIAN_POINT ( 'NONE',  ( -1.017788105676656674, 0.5876202367904170831, 3.833333333333332593 ) ) ;
#2245 = EDGE_LOOP ( 'NONE', ( #540, #3301, #3201, #283 ) ) ;
#2246 = EDGE_LOOP ( 'NONE', ( #3917, #614, #1184, #3521 ) ) ;
#2247 = CARTESIAN_POINT ( 'NONE',  ( -0.7140157985588121425, -0.9459789655805665998, 5.999999999999998224 ) ) ;
#2248 = CARTESIAN_POINT ( 'NONE',  ( 1.357050807568875417, -2.242832357623997763E-16, -4.875000000000000888 ) ) ;
#2249 = CARTESIAN_POINT ( 'NONE',  ( -0.6785254037844380415, -1.175240473580833944, 4.958333333333331261 ) ) ;
#2250 = CARTESIAN_POINT ( 'NONE',  ( -1.439254484199187653E-16, -1.175240473580833944, 4.562499999999999112 ) ) ;
#2251 = CARTESIAN_POINT ( 'NONE',  ( 0.000000000000000000, 1.175240473580833944, 0.2499999999999993616 ) ) ;
#2252 =( BOUNDED_CURVE ( )  B_SPLINE_CURVE ( 2, ( #4827, #4103, #2067, #1205, #4002, #2847, #4480 ),
 .UNSPECIFIED., .F., .F. ) 
 B_SPLINE_CURVE_WITH_KNOTS ( ( 3, 2, 2, 3 ),
 ( 0.1296296296296295947, 0.1358024691358024338, 0.1419753086419753008, 0.1481481481481481399 ),
 .UNSPECIFIED. ) 
 CURVE ( )  GEOMETRIC_REPRESENTATION_ITEM ( )  RATIONAL_B_SPLINE_CURVE ( ( 1.000000000000000444, 0.8660254037844381525, 1.000000000000000000, 0.8660254037844387076, 1.000000000000000000, 0.8660254037844387076, 1.000000000000000000 ) ) 
 REPRESENTATION_ITEM ( '' )  );
#2253 = EDGE_CURVE ( 'NONE', #2735, #5184, #981, .T. ) ;
#2254 = CARTESIAN_POINT ( 'NONE',  ( -0.8660254037844203889, 1.500000000000031308, 4.104166666666665186 ) ) ;
#2255 = VERTEX_POINT ( 'NONE', #84 ) ;
#2256 = CARTESIAN_POINT ( 'NONE',  ( -0.09788249365131344859, 1.358922475426008081, 5.923731661626248979 ) ) ;
#2257 = CARTESIAN_POINT ( 'NONE',  ( 1.322475605676658228, -0.7635316469341327794, -3.619791666666666519 ) ) ;
#2258 = CARTESIAN_POINT ( 'NONE',  ( 1.017788105676656452, -0.5876202367904175272, -3.854166666666667407 ) ) ;
#2259 = CARTESIAN_POINT ( 'NONE',  ( 1.017788105676656452, -0.5876202367904175272, -4.416666666666666963 ) ) ;
#2260 = LINE ( 'NONE', #3493, #952 ) ;
#2261 = DIRECTION ( 'NONE',  ( 0.000000000000000000, -1.000000000000000000, 0.000000000000000000 ) ) ;
#2262 = EDGE_CURVE ( 'NONE', #3179, #3704, #4683, .T. ) ;
#2263 = ORIENTED_EDGE ( 'NONE', *, *, #3961, .F. ) ;
#2264 = CARTESIAN_POINT ( 'NONE',  ( 0.000000000000000000, 1.499999999999999778, -1.500000000000000888 ) ) ;
#2265 = CARTESIAN_POINT ( 'NONE',  ( -1.836970198721029688E-16, -1.499999999999999778, 4.812500000000000000 ) ) ;
#2266 = CARTESIAN_POINT ( 'NONE',  ( -1.017788105676656896, -0.5876202367904167501, 2.979166666666666519 ) ) ;
#2267 = CARTESIAN_POINT ( 'NONE',  ( 1.322475605676659116, 0.7635316469341311141, 0.4322916666666667407 ) ) ;
#2268 = CARTESIAN_POINT ( 'NONE',  ( -0.6785254037844375974, 1.175240473580834166, -0.6458333333333341475 ) ) ;
#2269 = AXIS2_PLACEMENT_3D ( 'NONE', #1863, #1136, #1323 ) ;
#2270 = CARTESIAN_POINT ( 'NONE',  ( 1.836970198721029688E-16, 1.499999999999999778, -5.549354535729332127 ) ) ;
#2271 = ORIENTED_EDGE ( 'NONE', *, *, #682, .F. ) ;
#2272 = EDGE_CURVE ( 'NONE', #4409, #4879, #4989, .T. ) ;
#2273 = AXIS2_PLACEMENT_3D ( 'NONE', #1893, #2143, #1334 ) ;
#2274 = CARTESIAN_POINT ( 'NONE',  ( -1.870113174931183868E-16, -1.527063293868264227, 0.7968749999999998890 ) ) ;
#2275 = CARTESIAN_POINT ( 'NONE',  ( -0.3041273171125133401, -1.145352804454435214, 6.000000000000000888 ) ) ;
#2276 = AXIS2_PLACEMENT_3D ( 'NONE', #761, #2396, #1990 ) ;
#2277 = CARTESIAN_POINT ( 'NONE',  ( -1.836970198721029688E-16, -1.499999999999999778, 2.749999999999998668 ) ) ;
#2278 = CARTESIAN_POINT ( 'NONE',  ( -0.6785254037844380415, -1.175240473580833944, 2.458333333333333037 ) ) ;
#2279 = CARTESIAN_POINT ( 'NONE',  ( -0.6785254037844375974, 1.175240473580834166, 4.854166666666665186 ) ) ;
#2280 = CARTESIAN_POINT ( 'NONE',  ( 1.357050807568875417, -2.242832357623997763E-16, -0.8750000000000007772 ) ) ;
#2281 = CARTESIAN_POINT ( 'NONE',  ( -0.8660254037844383745, 1.499999999999999778, 5.541666666666666075 ) ) ;
#2282 = ORIENTED_EDGE ( 'NONE', *, *, #5071, .T. ) ;
#2283 = CARTESIAN_POINT ( 'NONE',  ( -1.299038105676658006, -0.7499999999999995559, 5.729166666666666963 ) ) ;
#2284 = CARTESIAN_POINT ( 'NONE',  ( -0.8816504037844393737, -1.527063293868264005, -2.244791666666666519 ) ) ;
#2285 = CARTESIAN_POINT ( 'NONE',  ( -1.439254484199187653E-16, -1.175240473580833944, -1.937500000000000888 ) ) ;
#2286 = CARTESIAN_POINT ( 'NONE',  ( 1.357050807568875417, -2.242832357623997763E-16, -3.375000000000000444 ) ) ;
#2287 = DIRECTION ( 'NONE',  ( 0.000000000000000000, 0.000000000000000000, 1.000000000000000000 ) ) ;
#2288 = CARTESIAN_POINT ( 'NONE',  ( -0.8660254037844383745, 1.499999999999999778, 2.041666666666665186 ) ) ;
#2289 =( BOUNDED_CURVE ( )  B_SPLINE_CURVE ( 2, ( #1278, #929, #505, #31, #4554, #5008, #1734 ),
 .UNSPECIFIED., .F., .F. ) 
 B_SPLINE_CURVE_WITH_KNOTS ( ( 3, 2, 2, 3 ),
 ( 0.5555555555555554692, 0.5617283950617283361, 0.5679012345679010920, 0.5740740740740739589 ),
 .UNSPECIFIED. ) 
 CURVE ( )  GEOMETRIC_REPRESENTATION_ITEM ( )  RATIONAL_B_SPLINE_CURVE ( ( 1.000000000000002442, 0.8660254037844362651, 1.000000000000000000, 0.8660254037844387076, 1.000000000000000000, 0.8660254037844411501, 0.9999999999999975575 ) ) 
 REPRESENTATION_ITEM ( '' )  );
#2290 = VERTEX_POINT ( 'NONE', #190 ) ;
#2291 = EDGE_CURVE ( 'NONE', #2037, #490, #3565, .T. ) ;
#2292 = CALENDAR_DATE ( 2026, 8, 1 ) ;
#2293 = CARTESIAN_POINT ( 'NONE',  ( -1.836970198721029688E-16, -1.499999999999999778, 3.249999999999999112 ) ) ;
#2294 = CARTESIAN_POINT ( 'NONE',  ( -0.7500000000000001110, 1.109297423625972893E-14, 5.062500000000000000 ) ) ;
#2295 = CARTESIAN_POINT ( 'NONE',  ( -1.017788105676656674, 0.5876202367904170831, 0.8333333333333325932 ) ) ;
#2296 = CARTESIAN_POINT ( 'NONE',  ( 1.017788105676656452, -0.5876202367904175272, 1.645833333333332593 ) ) ;
#2297 = CARTESIAN_POINT ( 'NONE',  ( -1.763300807568877859, 1.329739878991918111E-16, 0.6406249999999996669 ) ) ;
#2298 = CARTESIAN_POINT ( 'NONE',  ( -1.017788105676656674, 0.5876202367904170831, 0.8958333333333327042 ) ) ;
#2299 = CARTESIAN_POINT ( 'NONE',  ( -1.836970198721029688E-16, -1.499999999999999778, 1.312500000000000444 ) ) ;
#2300 = VERTEX_POINT ( 'NONE', #2329 ) ;
#2301 = VECTOR ( 'NONE', #562, 1000.000000000000000 ) ;
#2302 = ORIENTED_EDGE ( 'NONE', *, *, #4776, .F. ) ;
#2303 = CARTESIAN_POINT ( 'NONE',  ( -1.322475605676658672, -0.7635316469341317802, -1.286458333333333037 ) ) ;
#2304 = CARTESIAN_POINT ( 'NONE',  ( -1.439254484199187653E-16, -1.175240473580833944, 5.999999999999998224 ) ) ;
#2305 = CARTESIAN_POINT ( 'NONE',  ( 1.017788105676656452, -0.5876202367904175272, -5.416666666666666963 ) ) ;
#2306 = CARTESIAN_POINT ( 'NONE',  ( -0.6785254037844380415, -1.175240473580833944, 2.958333333333331705 ) ) ;
#2307 = CARTESIAN_POINT ( 'NONE',  ( -1.439254484199187653E-16, -1.175240473580833944, -1.500000000000000444 ) ) ;
#2308 = CARTESIAN_POINT ( 'NONE',  ( 0.000000000000000000, -1.499999999999999778, -5.549354535729332127 ) ) ;
#2309 = ORIENTED_EDGE ( 'NONE', *, *, #5059, .T. ) ;
#2310 = CARTESIAN_POINT ( 'NONE',  ( -1.263613520159683423, 0.1980116336257478626, 5.982296793356605136 ) ) ;
#2311 = CARTESIAN_POINT ( 'NONE',  ( -0.8816504037844393737, -1.527063293868264005, -3.244791666666666519 ) ) ;
#2312 = CARTESIAN_POINT ( 'NONE',  ( 1.017788105676657118, 0.5876202367904160839, -0.7708333333333334814 ) ) ;
#2313 = CARTESIAN_POINT ( 'NONE',  ( 1.299038105676658672, 0.7499999999999987788, 1.416666666666665408 ) ) ;
#2314 = FACE_OUTER_BOUND ( 'NONE', #1598, .T. ) ;
#2315 = VERTEX_POINT ( 'NONE', #4734 ) ;
#2316 = CARTESIAN_POINT ( 'NONE',  ( -0.7500000000000002220, 1.299038105676657118, 5.062500000000000000 ) ) ;
#2317 = CARTESIAN_POINT ( 'NONE',  ( -0.8660254037844113961, 1.500000000000046185, 2.104166666666663854 ) ) ;
#2318 = CARTESIAN_POINT ( 'NONE',  ( -1.357050807568875417, 1.080983497915110492E-16, 0.8749999999999990008 ) ) ;
#2319 = CARTESIAN_POINT ( 'NONE',  ( -0.6785254037844375974, 1.175240473580834166, 3.854166666666665630 ) ) ;
#2320 = CARTESIAN_POINT ( 'NONE',  ( 0.8816504037844398178, 1.527063293868264005, 4.473958333333333037 ) ) ;
#2321 = CARTESIAN_POINT ( 'NONE',  ( 1.357050807568875417, -2.242832357623997763E-16, 3.187499999999999556 ) ) ;
#2322 = DIRECTION ( 'NONE',  ( 0.000000000000000000, 1.000000000000000000, -3.457852702097173358E-17 ) ) ;
#2323 = ORIENTED_EDGE ( 'NONE', *, *, #2192, .T. ) ;
#2324 = VERTEX_POINT ( 'NONE', #3940 ) ;
#2325 = CARTESIAN_POINT ( 'NONE',  ( 0.8816504037844384856, -1.527063293868264893, -1.161458333333333037 ) ) ;
#2326 = EDGE_CURVE ( 'NONE', #1925, #218, #3346, .T. ) ;
#2327 = CARTESIAN_POINT ( 'NONE',  ( 0.000000000000000000, 1.527063293868264227, -4.484375000000000888 ) ) ;
#2328 = CARTESIAN_POINT ( 'NONE',  ( -1.017788105676656674, 0.5876202367904170831, -4.604166666666666963 ) ) ;
#2329 = CARTESIAN_POINT ( 'NONE',  ( 0.000000000000000000, 1.499999999999999778, -1.500000000000000888 ) ) ;
#2330 = CARTESIAN_POINT ( 'NONE',  ( 1.357050807568875417, -2.242832357623997763E-16, 2.624999999999998668 ) ) ;
#2331 = CARTESIAN_POINT ( 'NONE',  ( -1.017788105676656896, -0.5876202367904167501, 0.4166666666666658525 ) ) ;
#2332 = EDGE_CURVE ( 'NONE', #762, #3672, #5082, .T. ) ;
#2333 = CARTESIAN_POINT ( 'NONE',  ( 0.000000000000000000, 1.558265636316165435E-17, -5.549354535729332127 ) ) ;
#2334 = ORIENTED_EDGE ( 'NONE', *, *, #1006, .F. ) ;
#2335 = CARTESIAN_POINT ( 'NONE',  ( 0.000000000000000000, 1.499999999999999778, -1.500000000000000888 ) ) ;
#2336 = CARTESIAN_POINT ( 'NONE',  ( 0.000000000000000000, 1.527063293868264227, -2.953124999999999556 ) ) ;
#2337 = CARTESIAN_POINT ( 'NONE',  ( 1.017788105676656452, -0.5876202367904175272, -1.354166666666666741 ) ) ;
#2338 = DIRECTION ( 'NONE',  ( -0.000000000000000000, 3.457852702097173358E-17, 1.000000000000000000 ) ) ;
#2339 = DIRECTION ( 'NONE',  ( -0.000000000000000000, -0.000000000000000000, 1.000000000000000000 ) ) ;
#2340 = ORIENTED_EDGE ( 'NONE', *, *, #1262, .F. ) ;
#2341 = CARTESIAN_POINT ( 'NONE',  ( 0.000000000000000000, 2.593389526572852439E-17, -5.250000000000007994 ) ) ;
#2342 = CARTESIAN_POINT ( 'NONE',  ( 0.000000000000000000, 1.175240473580833944, 2.249999999999998668 ) ) ;
#2343 = CARTESIAN_POINT ( 'NONE',  ( -1.017788105676656674, 0.5876202367904170831, 3.895833333333332593 ) ) ;
#2344 = CARTESIAN_POINT ( 'NONE',  ( 1.322475605676659116, 0.7635316469341311141, 4.932291666666666075 ) ) ;
#2345 = CARTESIAN_POINT ( 'NONE',  ( -1.439254484199187653E-16, -1.175240473580833944, 4.062500000000000000 ) ) ;
#2346 = CARTESIAN_POINT ( 'NONE',  ( -0.8660254037844391517, -1.499999999999999334, 3.208333333333331705 ) ) ;
#2347 = ORIENTED_EDGE ( 'NONE', *, *, #1656, .T. ) ;
#2348 = CARTESIAN_POINT ( 'NONE',  ( 0.000000000000000000, 0.000000000000000000, -6.000000000000000000 ) ) ;
#2349 = CARTESIAN_POINT ( 'NONE',  ( -0.8816504037844387076, 1.527063293868264449, -0.4114583333333330928 ) ) ;
#2350 = AXIS2_PLACEMENT_3D ( 'NONE', #4501, #2386, #4823 ) ;
#2351 = CARTESIAN_POINT ( 'NONE',  ( 0.8816504037844398178, 1.527063293868264005, -3.526041666666666519 ) ) ;
#2352 = CARTESIAN_POINT ( 'NONE',  ( 1.017788105676656452, -0.5876202367904175272, -5.354166666666666963 ) ) ;
#2353 = ADVANCED_FACE ( 'NONE', ( #4710 ), #4094, .T. ) ;
#2354 = CARTESIAN_POINT ( 'NONE',  ( 1.357050807568875417, -2.242832357623997763E-16, -2.875000000000000444 ) ) ;
#2355 = CARTESIAN_POINT ( 'NONE',  ( -1.357050807568875417, 1.080983497915110492E-16, 5.374999999999999112 ) ) ;
#2356 = VECTOR ( 'NONE', #4339, 1000.000000000000000 ) ;
#2357 = CARTESIAN_POINT ( 'NONE',  ( -1.357050807568875417, 1.080983497915110246E-16, 2.374999999999998668 ) ) ;
#2358 = DIRECTION ( 'NONE',  ( 0.000000000000000000, 0.000000000000000000, 1.000000000000000000 ) ) ;
#2359 = VERTEX_POINT ( 'NONE', #277 ) ;
#2360 = CARTESIAN_POINT ( 'NONE',  ( 1.322475605676659116, 0.7635316469341311141, -2.036458333333333037 ) ) ;
#2361 = APPLICATION_CONTEXT ( 'configuration controlled 3d designs of mechanical parts and assemblies' ) ;
#2362 = CARTESIAN_POINT ( 'NONE',  ( 1.017788105676656452, -0.5876202367904175272, -0.8541666666666671848 ) ) ;
#2363 = DIRECTION ( 'NONE',  ( 1.000000000000000000, 0.000000000000000000, -0.000000000000000000 ) ) ;
#2364 = ORIENTED_EDGE ( 'NONE', *, *, #3844, .F. ) ;
#2365 = CALENDAR_DATE ( 2026, 8, 1 ) ;
#2366 = AXIS2_PLACEMENT_3D ( 'NONE', #5212, #382, #2397 ) ;
#2367 = CARTESIAN_POINT ( 'NONE',  ( 0.000000000000000000, 1.499999999999999778, -4.937499999999998224 ) ) ;
#2368 = CARTESIAN_POINT ( 'NONE',  ( 1.836970198721029688E-16, 1.499999999999999778, -5.549354535729332127 ) ) ;
#2369 = CARTESIAN_POINT ( 'NONE',  ( -1.017788105676656896, -0.5876202367904167501, 3.416666666666666963 ) ) ;
#2370 = CARTESIAN_POINT ( 'NONE',  ( 1.357050807568875417, -2.242832357623997763E-16, 2.187500000000000000 ) ) ;
#2371 = CARTESIAN_POINT ( 'NONE',  ( -1.870113174931183868E-16, -1.527063293868264227, 2.765624999999999112 ) ) ;
#2372 = CARTESIAN_POINT ( 'NONE',  ( 0.6785254037844384856, 1.175240473580833722, 3.270833333333332149 ) ) ;
#2373 = LINE ( 'NONE', #4457, #4889 ) ;
#2374 = ORIENTED_EDGE ( 'NONE', *, *, #2989, .F. ) ;
#2375 = DIRECTION ( 'NONE',  ( -0.000000000000000000, 3.457852702097173358E-17, 1.000000000000000000 ) ) ;
#2376 = CARTESIAN_POINT ( 'NONE',  ( -0.8816504037844393737, -1.527063293868264005, -1.744791666666666297 ) ) ;
#2377 = CARTESIAN_POINT ( 'NONE',  ( 0.8816504037844398178, 1.527063293868264005, -3.026041666666666519 ) ) ;
#2378 = CARTESIAN_POINT ( 'NONE',  ( -1.439254484199187653E-16, -1.175240473580833944, -4.937500000000000000 ) ) ;
#2379 = CARTESIAN_POINT ( 'NONE',  ( 1.017788105676656452, -0.5876202367904175272, -1.916666666666667185 ) ) ;
#2380 = CARTESIAN_POINT ( 'NONE',  ( 0.6785254037844384856, 1.175240473580833722, 5.208333333333332149 ) ) ;
#2381 = DIRECTION ( 'NONE',  ( 0.5000000000000001110, -0.8660254037844387076, 0.000000000000000000 ) ) ;
#2382 = ORIENTED_EDGE ( 'NONE', *, *, #2730, .F. ) ;
#2383 = EDGE_CURVE ( 'NONE', #4647, #588, #1527, .T. ) ;
#2384 = CARTESIAN_POINT ( 'NONE',  ( -1.357050807568875417, 1.080983497915110492E-16, -2.562500000000000888 ) ) ;
#2385 = CARTESIAN_POINT ( 'NONE',  ( -0.7500000000000000000, -0.4330127018922194648, 5.062500000000000000 ) ) ;
#2386 = DIRECTION ( 'NONE',  ( -0.000000000000000000, -0.000000000000000000, 1.000000000000000000 ) ) ;
#2387 = VERTEX_POINT ( 'NONE', #3092 ) ;
#2388 = CARTESIAN_POINT ( 'NONE',  ( 0.8660254037844481445, 1.499999999999983569, 3.520833333333332593 ) ) ;
#2389 = CARTESIAN_POINT ( 'NONE',  ( 1.299038105676657562, -0.7500000000000005551, -0.1041666666666661856 ) ) ;
#2390 = CARTESIAN_POINT ( 'NONE',  ( 0.6785254037844384856, 1.175240473580833722, 4.708333333333333037 ) ) ;
#2391 = CARTESIAN_POINT ( 'NONE',  ( -0.6785254037844375974, 1.175240473580834166, 4.354166666666666075 ) ) ;
#2392 = CARTESIAN_POINT ( 'NONE',  ( 1.322475605676659116, 0.7635316469341311141, 2.432291666666666075 ) ) ;
#2393 = CARTESIAN_POINT ( 'NONE',  ( 0.6785254037844384856, 1.175240473580833722, 2.770833333333333481 ) ) ;
#2394 = CARTESIAN_POINT ( 'NONE',  ( -1.836970198721029688E-16, -1.499999999999999778, 4.312499999999999112 ) ) ;
#2395 = VERTEX_POINT ( 'NONE', #2666 ) ;
#2396 = DIRECTION ( 'NONE',  ( 0.000000000000000000, 0.000000000000000000, 1.000000000000000000 ) ) ;
#2397 = DIRECTION ( 'NONE',  ( 0.000000000000000000, -1.000000000000000000, 0.000000000000000000 ) ) ;
#2398 = CARTESIAN_POINT ( 'NONE',  ( -1.322475605676658450, 0.7635316469341323353, 1.630208333333333259 ) ) ;
#2399 = DIRECTION ( 'NONE',  ( -0.000000000000000000, 3.457852702097173358E-17, 1.000000000000000000 ) ) ;
#2400 = CARTESIAN_POINT ( 'NONE',  ( 1.322475605676658228, -0.7635316469341327794, -3.651041666666666963 ) ) ;
#2401 = CARTESIAN_POINT ( 'NONE',  ( -0.6785254037844375974, 1.175240473580834166, -5.645833333333333925 ) ) ;
#2402 = CARTESIAN_POINT ( 'NONE',  ( -1.357050807568875417, 1.080983497915110492E-16, -2.125000000000000000 ) ) ;
#2403 = DIRECTION ( 'NONE',  ( 0.000000000000000000, -1.000000000000000000, 0.000000000000000000 ) ) ;
#2404 = AXIS2_PLACEMENT_3D ( 'NONE', #1762, #4153, #3700 ) ;
#2405 = CARTESIAN_POINT ( 'NONE',  ( 0.000000000000000000, 1.100112572632367757E-14, 5.062500000000000000 ) ) ;
#2406 = ORIENTED_EDGE ( 'NONE', *, *, #2649, .F. ) ;
#2407 = CARTESIAN_POINT ( 'NONE',  ( 0.000000000000000000, 1.175240473580833944, 1.312499999999999334 ) ) ;
#2408 = CARTESIAN_POINT ( 'NONE',  ( -1.299038105676657784, 0.7500000000000001110, -2.416666666666667407 ) ) ;
#2409 = DIRECTION ( 'NONE',  ( 0.000000000000000000, 0.000000000000000000, 1.000000000000000000 ) ) ;
#2410 = VERTEX_POINT ( 'NONE', #1908 ) ;
#2411 = EDGE_CURVE ( 'NONE', #3976, #3672, #700, .T. ) ;
#2412 = CARTESIAN_POINT ( 'NONE',  ( 0.6785254037844384856, 1.175240473580833722, 1.708333333333332593 ) ) ;
#2413 = CARTESIAN_POINT ( 'NONE',  ( 1.299038105676657562, -0.7500000000000005551, 2.395833333333334370 ) ) ;
#2414 = FACE_OUTER_BOUND ( 'NONE', #2006, .T. ) ;
#2415 = CARTESIAN_POINT ( 'NONE',  ( -1.017788105676656896, -0.5876202367904167501, 3.916666666666665630 ) ) ;
#2416 = CARTESIAN_POINT ( 'NONE',  ( -0.6785254037844375974, 1.175240473580834166, 5.354166666666666075 ) ) ;
#2417 = CARTESIAN_POINT ( 'NONE',  ( -0.8816504037844387076, 1.527063293868264449, 3.557291666666666963 ) ) ;
#2418 = CARTESIAN_POINT ( 'NONE',  ( 0.6785254037844384856, 1.175240473580833722, 2.270833333333333481 ) ) ;
#2419 = CARTESIAN_POINT ( 'NONE',  ( 0.8660254037844393737, 1.499999999999999334, -0.04166666666666763580 ) ) ;
#2420 = ORIENTED_EDGE ( 'NONE', *, *, #5034, .T. ) ;
#2421 = CARTESIAN_POINT ( 'NONE',  ( -1.439254484199187653E-16, -1.175240473580833944, 6.562499999999999112 ) ) ;
#2422 = CARTESIAN_POINT ( 'NONE',  ( 0.4109719513299572857, -1.375317242834191100, 5.878019419006712099 ) ) ;
#2423 =( BOUNDED_CURVE ( )  B_SPLINE_CURVE ( 2, ( #2145, #903, #3779, #2948, #2975, #1336, #4637 ),
 .UNSPECIFIED., .F., .F. ) 
 B_SPLINE_CURVE_WITH_KNOTS ( ( 3, 2, 2, 3 ),
 ( 0.4037173966882070530, 0.4098902361943799200, 0.4160630757005526759, 0.4222359152067255428 ),
 .UNSPECIFIED. ) 
 CURVE ( )  GEOMETRIC_REPRESENTATION_ITEM ( )  RATIONAL_B_SPLINE_CURVE ( ( 1.000000000000000000, 0.8660254037844387076, 1.000000000000000000, 0.8660254037844387076, 1.000000000000000000, 0.8660254037844387076, 1.000000000000000000 ) ) 
 REPRESENTATION_ITEM ( '' )  );
#2424 = CARTESIAN_POINT ( 'NONE',  ( 0.000000000000000000, 1.527063293868264227, 2.046874999999999112 ) ) ;
#2425 = CARTESIAN_POINT ( 'NONE',  ( -0.6785254037844375974, 1.175240473580834166, 5.854166666666665186 ) ) ;
#2426 = CARTESIAN_POINT ( 'NONE',  ( 0.8816504037844384856, -1.527063293868264893, -5.192708333333333925 ) ) ;
#2427 = CARTESIAN_POINT ( 'NONE',  ( 0.6785254037844384856, 1.175240473580833722, -5.729166666666666963 ) ) ;
#2428 = EDGE_CURVE ( 'NONE', #398, #1254, #2081, .T. ) ;
#2429 = CARTESIAN_POINT ( 'NONE',  ( -1.357050807568875417, 1.080983497915110492E-16, -4.125000000000000000 ) ) ;
#2430 = FACE_OUTER_BOUND ( 'NONE', #2619, .T. ) ;
#2431 = AXIS2_PLACEMENT_3D ( 'NONE', #224, #1125, #4296 ) ;
#2432 = CARTESIAN_POINT ( 'NONE',  ( 0.000000000000000000, 1.499999999999999778, -3.500000000000000444 ) ) ;
#2433 = ORIENTED_EDGE ( 'NONE', *, *, #3511, .T. ) ;
#2434 = AXIS2_PLACEMENT_3D ( 'NONE', #2333, #267, #3970 ) ;
#2435 = CARTESIAN_POINT ( 'NONE',  ( -1.017788105676656896, -0.5876202367904167501, 1.979166666666665630 ) ) ;
#2436 = CARTESIAN_POINT ( 'NONE',  ( 1.299038105676658450, 0.7499999999999987788, -4.020833333333332149 ) ) ;
#2437 = DIRECTION ( 'NONE',  ( -0.000000000000000000, 3.457852702097173358E-17, 1.000000000000000000 ) ) ;
#2438 = ORIENTED_EDGE ( 'NONE', *, *, #1656, .F. ) ;
#2439 = CIRCLE ( 'NONE', #2703, 0.7500000000000001110 ) ;
#2440 = CARTESIAN_POINT ( 'NONE',  ( -1.017788105676656674, 0.5876202367904170831, 0.3333333333333330373 ) ) ;
#2441 = CARTESIAN_POINT ( 'NONE',  ( 0.8660254037844291597, -1.500000000000016209, 2.354166666666666963 ) ) ;
#2442 = ORIENTED_EDGE ( 'NONE', *, *, #3666, .T. ) ;
#2443 = CARTESIAN_POINT ( 'NONE',  ( 0.000000000000000000, 1.499999999999999778, 0.5625000000000006661 ) ) ;
#2444 = CARTESIAN_POINT ( 'NONE',  ( 1.017788105676657118, 0.5876202367904160839, 5.666666666666665186 ) ) ;
#2445 = PRODUCT_DEFINITION_SHAPE ( 'NONE', 'NONE',  #713 ) ;
#2446 = CARTESIAN_POINT ( 'NONE',  ( 0.8816504037844384856, -1.527063293868264893, 5.307291666666666963 ) ) ;
#2447 = CARTESIAN_POINT ( 'NONE',  ( -0.6907675950617762073, -0.9508050801058403056, 7.012124495430039239 ) ) ;
#2448 = DIRECTION ( 'NONE',  ( -0.000000000000000000, -0.000000000000000000, 1.000000000000000000 ) ) ;
#2449 = EDGE_CURVE ( 'NONE', #3242, #2209, #5022, .T. ) ;
#2450 = ORIENTED_EDGE ( 'NONE', *, *, #44, .F. ) ;
#2451 = DIRECTION ( 'NONE',  ( -0.000000000000000000, 3.457852702097173358E-17, 1.000000000000000000 ) ) ;
#2452 = LINE ( 'NONE', #5185, #4166 ) ;
#2453 = CARTESIAN_POINT ( 'NONE',  ( 1.017788105676656452, -0.5876202367904175272, -1.416666666666666741 ) ) ;
#2454 = CARTESIAN_POINT ( 'NONE',  ( 0.000000000000000000, 1.527063293868264227, 2.546874999999999556 ) ) ;
#2455 = CARTESIAN_POINT ( 'NONE',  ( 0.000000000000000000, 1.499999999999999778, -4.000000000000000000 ) ) ;
#2456 = CARTESIAN_POINT ( 'NONE',  ( -1.322475605676658672, -0.7635316469341317802, -1.317708333333333925 ) ) ;
#2457 = CARTESIAN_POINT ( 'NONE',  ( -1.017788105676656674, 0.5876202367904170831, -1.604166666666666963 ) ) ;
#2458 = EDGE_CURVE ( 'NONE', #2574, #2395, #1151, .T. ) ;
#2459 = CARTESIAN_POINT ( 'NONE',  ( 1.017788105676657118, 0.5876202367904160839, 2.166666666666665630 ) ) ;
#2460 =( BOUNDED_CURVE ( )  B_SPLINE_CURVE ( 2, ( #773, #3192, #3646, #2792, #2436, #2004, #3576 ),
 .UNSPECIFIED., .F., .F. ) 
 B_SPLINE_CURVE_WITH_KNOTS ( ( 3, 2, 2, 3 ),
 ( 0.1666666666666665464, 0.1728395061728393856, 0.1790123456790122247, 0.1851851851851850639 ),
 .UNSPECIFIED. ) 
 CURVE ( )  GEOMETRIC_REPRESENTATION_ITEM ( )  RATIONAL_B_SPLINE_CURVE ( ( 1.000000000000002442, 0.8660254037844362651, 1.000000000000000000, 0.8660254037844387076, 1.000000000000000000, 0.8660254037844411501, 0.9999999999999975575 ) ) 
 REPRESENTATION_ITEM ( '' )  );
#2461 = CARTESIAN_POINT ( 'NONE',  ( 1.017788105676656452, -0.5876202367904175272, -4.416666666666666963 ) ) ;
#2462 = DIRECTION ( 'NONE',  ( 0.000000000000000000, -1.000000000000000000, 0.000000000000000000 ) ) ;
#2463 = AXIS2_PLACEMENT_3D ( 'NONE', #4401, #1504, #3623 ) ;
#2464 = CARTESIAN_POINT ( 'NONE',  ( 0.000000000000000000, 1.499999999999999778, -0.4374999999999992228 ) ) ;
#2465 = ORIENTED_EDGE ( 'NONE', *, *, #2716, .T. ) ;
#2466 = CARTESIAN_POINT ( 'NONE',  ( 1.357050807568875417, -2.242832357623997763E-16, 1.687499999999999778 ) ) ;
#2467 = CARTESIAN_POINT ( 'NONE',  ( 1.299038105676657562, -0.7500000000000005551, 1.895833333333333703 ) ) ;
#2468 = CARTESIAN_POINT ( 'NONE',  ( -0.9434779557956883833, -0.7007421192350951067, -5.574759526419170719 ) ) ;
#2469 = CARTESIAN_POINT ( 'NONE',  ( 1.357050807568875417, -2.242832357623997763E-16, 2.125000000000000000 ) ) ;
#2470 = LINE ( 'NONE', #4639, #4495 ) ;
#2471 = ORIENTED_EDGE ( 'NONE', *, *, #2583, .T. ) ;
#2472 = CARTESIAN_POINT ( 'NONE',  ( -1.836970198721029688E-16, -1.499999999999999778, 0.7499999999999994449 ) ) ;
#2473 = CARTESIAN_POINT ( 'NONE',  ( 0.000000000000000000, 1.175240473580833944, 5.249999999999999112 ) ) ;
#2474 = CARTESIAN_POINT ( 'NONE',  ( -0.6785254037844380415, -1.175240473580833944, -5.979166666666667851 ) ) ;
#2475 = CARTESIAN_POINT ( 'NONE',  ( 1.357050807568875417, -2.242832357623997763E-16, 5.687500000000000000 ) ) ;
#2476 = CARTESIAN_POINT ( 'NONE',  ( 1.299038105676657562, -0.7500000000000005551, 3.333333333333332149 ) ) ;
#2477 = ORIENTED_EDGE ( 'NONE', *, *, #2272, .F. ) ;
#2478 = CARTESIAN_POINT ( 'NONE',  ( 0.6785254037844372643, -1.175240473580834166, 5.604166666666665186 ) ) ;
#2479 = CARTESIAN_POINT ( 'NONE',  ( -0.6785254037844380415, -1.175240473580833722, -4.979166666666666075 ) ) ;
#2480 = CARTESIAN_POINT ( 'NONE',  ( 1.357050807568875417, -2.242832357623997763E-16, -2.375000000000000444 ) ) ;
#2481 = CARTESIAN_POINT ( 'NONE',  ( -1.322475605676658672, -0.7635316469341317802, 2.213541666666666519 ) ) ;
#2482 = CARTESIAN_POINT ( 'NONE',  ( 0.000000000000000000, 0.000000000000000000, -6.000000000000000000 ) ) ;
#2483 = CARTESIAN_POINT ( 'NONE',  ( 1.763300807568877859, -2.989101500854420495E-16, -1.109375000000000222 ) ) ;
#2484 = CARTESIAN_POINT ( 'NONE',  ( 0.6785254037844372643, -1.175240473580834166, -2.395833333333333481 ) ) ;
#2485 = CARTESIAN_POINT ( 'NONE',  ( 1.017788105676656452, -0.5876202367904175272, 1.083333333333332815 ) ) ;
#2486 = CARTESIAN_POINT ( 'NONE',  ( -1.017788105676656674, 0.5876202367904170831, -3.604166666666666963 ) ) ;
#2487 = CARTESIAN_POINT ( 'NONE',  ( 0.6785254037844384856, 1.175240473580833722, -1.791666666666666963 ) ) ;
#2488 = CARTESIAN_POINT ( 'NONE',  ( 1.271305378267012065, -0.2791935262545328089, -5.459513532236041300 ) ) ;
#2489 = CARTESIAN_POINT ( 'NONE',  ( 0.000000000000000000, 1.499999999999999778, 3.499999999999999556 ) ) ;
#2490 = CARTESIAN_POINT ( 'NONE',  ( 0.6785254037844372643, -1.175240473580834166, 0.1041666666666664770 ) ) ;
#2491 = CARTESIAN_POINT ( 'NONE',  ( -1.299038105676657784, 0.7500000000000001110, 3.145833333333333481 ) ) ;
#2492 = CARTESIAN_POINT ( 'NONE',  ( -0.6785254037844380415, -1.175240473580833722, -3.041666666666666963 ) ) ;
#2493 = CIRCLE ( 'NONE', #436, 0.8660254037844385966 ) ;
#2494 = EDGE_CURVE ( 'NONE', #2290, #940, #5205, .T. ) ;
#2495 = CARTESIAN_POINT ( 'NONE',  ( 0.000000000000000000, 1.175240473580833944, -0.2500000000000002220 ) ) ;
#2496 = DIRECTION ( 'NONE',  ( -0.000000000000000000, 3.457852702097173358E-17, 1.000000000000000000 ) ) ;
#2497 = VERTEX_POINT ( 'NONE', #4324 ) ;
#2498 = CYLINDRICAL_SURFACE ( 'NONE', #2210, 1.499999999999999778 ) ;
#2499 = CARTESIAN_POINT ( 'NONE',  ( -1.017788105676656674, 0.5876202367904170831, 5.333333333333332149 ) ) ;
#2500 = AXIS2_PLACEMENT_3D ( 'NONE', #3416, #1716, #2208 ) ;
#2501 = CARTESIAN_POINT ( 'NONE',  ( 0.000000000000000000, 1.527063293868264227, 6.515624999999999112 ) ) ;
#2502 = CARTESIAN_POINT ( 'NONE',  ( -1.439254484199187653E-16, -1.175240473580833944, 5.062499999999999112 ) ) ;
#2503 = CYLINDRICAL_SURFACE ( 'NONE', #4378, 1.499999999999999778 ) ;
#2504 = ORIENTED_EDGE ( 'NONE', *, *, #323, .F. ) ;
#2505 = CARTESIAN_POINT ( 'NONE',  ( -0.6785254037844375974, 1.175240473580834166, 6.854166666666666963 ) ) ;
#2506 = CARTESIAN_POINT ( 'NONE',  ( 0.6785254037844383745, 1.175240473580833500, -4.729166666666666963 ) ) ;
#2507 = CARTESIAN_POINT ( 'NONE',  ( -0.6785254037844380415, -1.175240473580833944, -0.5416666666666668517 ) ) ;
#2508 = CARTESIAN_POINT ( 'NONE',  ( 0.8816504037844398178, 1.527063293868264005, 2.005208333333333925 ) ) ;
#2509 = CARTESIAN_POINT ( 'NONE',  ( -1.836970198721029688E-16, -1.499999999999999778, 4.749999999999999112 ) ) ;
#2510 = CARTESIAN_POINT ( 'NONE',  ( -1.870113174931183868E-16, -1.527063293868264227, -2.234375000000000444 ) ) ;
#2511 = CARTESIAN_POINT ( 'NONE',  ( 1.017788105676657118, 0.5876202367904160839, -3.270833333333333925 ) ) ;
#2512 = CARTESIAN_POINT ( 'NONE',  ( 0.000000000000000000, 1.499999999999999778, -2.000000000000000444 ) ) ;
#2513 = CARTESIAN_POINT ( 'NONE',  ( 1.357050807568875417, -2.242832357623997763E-16, 2.125000000000000000 ) ) ;
#2514 = CARTESIAN_POINT ( 'NONE',  ( -1.017788105676656674, 0.5876202367904170831, -2.604166666666666963 ) ) ;
#2515 = CARTESIAN_POINT ( 'NONE',  ( 1.357050807568875417, -2.242832357623997763E-16, -1.375000000000000444 ) ) ;
#2516 = EDGE_CURVE ( 'NONE', #4475, #3179, #1078, .T. ) ;
#2517 = CARTESIAN_POINT ( 'NONE',  ( -1.836970198721029688E-16, -1.499999999999999778, 3.750000000000000000 ) ) ;
#2518 = CIRCLE ( 'NONE', #2269, 0.8660254037844385966 ) ;
#2519 = CARTESIAN_POINT ( 'NONE',  ( 0.6785254037844384856, 1.175240473580833722, -0.2291666666666674623 ) ) ;
#2520 = CARTESIAN_POINT ( 'NONE',  ( 1.451663433903093381, -0.2843212272219263204, 5.843551344773254996 ) ) ;
#2521 = CARTESIAN_POINT ( 'NONE',  ( 1.017788105676656452, -0.5876202367904175272, -2.916666666666667407 ) ) ;
#2522 = AXIS2_PLACEMENT_3D ( 'NONE', #2893, #1677, #4847 ) ;
#2523 = ORIENTED_EDGE ( 'NONE', *, *, #1271, .F. ) ;
#2524 = CARTESIAN_POINT ( 'NONE',  ( 0.8660254037844379305, -1.500000000000000222, 0.2916666666666661856 ) ) ;
#2525 = CARTESIAN_POINT ( 'NONE',  ( -0.8816504037844387076, 1.527063293868264449, -6.411458333333333925 ) ) ;
#2526 = CARTESIAN_POINT ( 'NONE',  ( 0.000000000000000000, 1.527063293868264227, 7.015624999999999112 ) ) ;
#2527 = CARTESIAN_POINT ( 'NONE',  ( -1.439254484199187653E-16, -1.175240473580833944, 6.562499999999999112 ) ) ;
#2528 = CARTESIAN_POINT ( 'NONE',  ( -1.210432643123258822, -0.01438633632998625317, -5.543209885778197510 ) ) ;
#2529 = CARTESIAN_POINT ( 'NONE',  ( 0.7500000000000001110, 1.100112572632367757E-14, 5.062500000000000000 ) ) ;
#2530 = AXIS2_PLACEMENT_3D ( 'NONE', #4992, #2988, #2237 ) ;
#2531 = ORIENTED_EDGE ( 'NONE', *, *, #163, .F. ) ;
#2532 = PERSON_AND_ORGANIZATION_ROLE ( 'design_owner' ) ;
#2533 = CARTESIAN_POINT ( 'NONE',  ( 1.357050807568875417, -2.242832357623997763E-16, -1.375000000000000444 ) ) ;
#2534 = CARTESIAN_POINT ( 'NONE',  ( -1.870113174931183868E-16, -1.527063293868264227, 4.796875000000000000 ) ) ;
#2535 = CARTESIAN_POINT ( 'NONE',  ( -1.017788105676656896, -0.5876202367904167501, -0.5208333333333340365 ) ) ;
#2536 = CARTESIAN_POINT ( 'NONE',  ( 0.000000000000000000, 1.527063293868264227, -1.484375000000000444 ) ) ;
#2537 = CARTESIAN_POINT ( 'NONE',  ( 1.017788105676656452, -0.5876202367904175272, -2.354166666666666963 ) ) ;
#2538 = DIRECTION ( 'NONE',  ( -0.000000000000000000, 3.457852702097173358E-17, 1.000000000000000000 ) ) ;
#2539 = CARTESIAN_POINT ( 'NONE',  ( 0.000000000000000000, 1.175240473580833944, 2.249999999999998668 ) ) ;
#2540 = CARTESIAN_POINT ( 'NONE',  ( 1.017788105676656452, -0.5876202367904175272, -2.354166666666666963 ) ) ;
#2541 = CARTESIAN_POINT ( 'NONE',  ( 1.357050807568875417, -2.242832357623997763E-16, -0.3750000000000003886 ) ) ;
#2542 = CARTESIAN_POINT ( 'NONE',  ( 1.036999745025178887, 0.8600358750020526966, -5.413758801548262056 ) ) ;
#2543 = FACE_OUTER_BOUND ( 'NONE', #721, .T. ) ;
#2544 = CARTESIAN_POINT ( 'NONE',  ( -1.439254484199187653E-16, -1.175240473580833944, 2.562499999999998668 ) ) ;
#2545 = CARTESIAN_POINT ( 'NONE',  ( 1.206396406096494234, -0.8914077133149914678, 5.824948115447572405 ) ) ;
#2546 = CARTESIAN_POINT ( 'NONE',  ( -1.017788105676656674, 0.5876202367904170831, -3.666666666666666963 ) ) ;
#2547 = AXIS2_PLACEMENT_3D ( 'NONE', #3043, #1802, #1375 ) ;
#2548 = EDGE_CURVE ( 'NONE', #3249, #1773, #1700, .T. ) ;
#2549 = CARTESIAN_POINT ( 'NONE',  ( 1.299038105676657562, -0.7500000000000005551, 4.395833333333333925 ) ) ;
#2550 = ORIENTED_EDGE ( 'NONE', *, *, #2253, .F. ) ;
#2551 = CARTESIAN_POINT ( 'NONE',  ( -1.299038105676658006, -0.7499999999999995559, 4.166666666666666075 ) ) ;
#2552 = CARTESIAN_POINT ( 'NONE',  ( 1.017788105676656452, -0.5876202367904175272, 6.583333333333333037 ) ) ;
#2553 = CARTESIAN_POINT ( 'NONE',  ( 1.357050807568875417, -2.242832357623997763E-16, -3.312500000000000000 ) ) ;
#2554 = CARTESIAN_POINT ( 'NONE',  ( -1.017788105676656896, -0.5876202367904167501, 6.479166666666666075 ) ) ;
#2555 = CARTESIAN_POINT ( 'NONE',  ( -1.086694492588396566, -0.7714496131499060105, -5.431062670969435402 ) ) ;
#2556 = DIRECTION ( 'NONE',  ( 0.000000000000000000, -1.000000000000000000, 0.000000000000000000 ) ) ;
#2557 = VERTEX_POINT ( 'NONE', #4078 ) ;
#2558 = CARTESIAN_POINT ( 'NONE',  ( 0.000000000000000000, 1.175240473580833944, -0.7500000000000006661 ) ) ;
#2559 = CARTESIAN_POINT ( 'NONE',  ( 1.322475605676658228, -0.7635316469341327794, 4.880208333333333037 ) ) ;
#2560 = CARTESIAN_POINT ( 'NONE',  ( 1.017788105676657118, 0.5876202367904160839, 0.7291666666666661856 ) ) ;
#2561 = CARTESIAN_POINT ( 'NONE',  ( -1.763300807568877859, 1.329739878991918111E-16, -0.8593750000000000000 ) ) ;
#2562 = CARTESIAN_POINT ( 'NONE',  ( -1.439254484199187653E-16, -1.175240473580833944, -2.937500000000000444 ) ) ;
#2563 = DIRECTION ( 'NONE',  ( 0.000000000000000000, -1.000000000000000000, 0.000000000000000000 ) ) ;
#2564 = CARTESIAN_POINT ( 'NONE',  ( -1.357050807568875417, 1.080983497915110246E-16, 4.874999999999999112 ) ) ;
#2565 = CARTESIAN_POINT ( 'NONE',  ( 0.000000000000000000, 1.175240473580833944, -2.687500000000000000 ) ) ;
#2566 = EDGE_CURVE ( 'NONE', #3178, #4819, #4064, .T. ) ;
#2567 = CARTESIAN_POINT ( 'NONE',  ( -1.439254484199187653E-16, -1.175240473580833944, 0.4999999999999995559 ) ) ;
#2568 = FACE_OUTER_BOUND ( 'NONE', #3451, .T. ) ;
#2569 = CYLINDRICAL_SURFACE ( 'NONE', #3561, 1.499999999999999778 ) ;
#2570 = CARTESIAN_POINT ( 'NONE',  ( -0.6785254037844380415, -1.175240473580833944, 4.020833333333333037 ) ) ;
#2571 = CARTESIAN_POINT ( 'NONE',  ( -1.299038105676657784, 0.7500000000000001110, -1.354166666666666519 ) ) ;
#2572 = CARTESIAN_POINT ( 'NONE',  ( -1.357050807568875417, 1.080983497915110246E-16, -3.625000000000000444 ) ) ;
#2573 = CARTESIAN_POINT ( 'NONE',  ( 0.8660254037844334896, -1.500000000000008438, -2.645833333333333037 ) ) ;
#2574 = VERTEX_POINT ( 'NONE', #348 ) ;
#2575 = FACE_OUTER_BOUND ( 'NONE', #1847, .T. ) ;
#2576 = CARTESIAN_POINT ( 'NONE',  ( 1.763300807568877859, -2.989101500854420495E-16, -6.078125000000000000 ) ) ;
#2577 = CARTESIAN_POINT ( 'NONE',  ( 0.000000000000000000, 1.175240473580833944, -5.687500000000000000 ) ) ;
#2578 = CARTESIAN_POINT ( 'NONE',  ( 1.017788105676657118, 0.5876202367904160839, -3.833333333333333481 ) ) ;
#2579 = CARTESIAN_POINT ( 'NONE',  ( -0.7156694908962869528, -1.218952147701659605, -5.349543310750204839 ) ) ;
#2580 = AXIS2_PLACEMENT_3D ( 'NONE', #1021, #2660, #5173 ) ;
#2581 = CARTESIAN_POINT ( 'NONE',  ( -1.732050807568876971, 1.310604772755240251E-16, 4.624999999999999112 ) ) ;
#2582 = ORIENTED_EDGE ( 'NONE', *, *, #583, .T. ) ;
#2583 = EDGE_CURVE ( 'NONE', #490, #762, #829, .T. ) ;
#2584 = CARTESIAN_POINT ( 'NONE',  ( -1.836970198721029688E-16, -1.499999999999999778, -0.7500000000000009992 ) ) ;
#2585 = CARTESIAN_POINT ( 'NONE',  ( -1.836970198721029688E-16, -1.499999999999999778, 4.812500000000000000 ) ) ;
#2586 = CARTESIAN_POINT ( 'NONE',  ( -1.870113174931183868E-16, -1.527063293868264227, 5.296875000000000000 ) ) ;
#2587 = CARTESIAN_POINT ( 'NONE',  ( -1.357050807568875417, 1.080983497915110246E-16, -0.06250000000000091593 ) ) ;
#2588 = CARTESIAN_POINT ( 'NONE',  ( 1.322475605676658228, -0.7635316469341327794, 1.348958333333333037 ) ) ;
#2589 = CARTESIAN_POINT ( 'NONE',  ( -1.017788105676656896, -0.5876202367904167501, 0.4791666666666659635 ) ) ;
#2590 = DIRECTION ( 'NONE',  ( -0.000000000000000000, 3.457852702097173358E-17, 1.000000000000000000 ) ) ;
#2591 = CARTESIAN_POINT ( 'NONE',  ( 1.357050807568875417, -2.242832357623997763E-16, 4.124999999999998224 ) ) ;
#2592 = CARTESIAN_POINT ( 'NONE',  ( 0.000000000000000000, 1.175240473580833944, -1.687500000000000666 ) ) ;
#2593 = CARTESIAN_POINT ( 'NONE',  ( 1.357050807568875417, -2.242832357623997763E-16, 0.6249999999999997780 ) ) ;
#2594 = CARTESIAN_POINT ( 'NONE',  ( 1.299038105676658450, 0.7499999999999987788, 5.479166666666666963 ) ) ;
#2595 =( BOUNDED_CURVE ( )  B_SPLINE_CURVE ( 2, ( #4165, #1317, #3042 ),
 .UNSPECIFIED., .F., .F. ) 
 B_SPLINE_CURVE_WITH_KNOTS ( ( 3, 3 ),
 ( 0.08804310924271135930, 0.09259259259259260133 ),
 .UNSPECIFIED. ) 
 CURVE ( )  GEOMETRIC_REPRESENTATION_ITEM ( )  RATIONAL_B_SPLINE_CURVE ( ( 0.9480652107226261727, 0.9012585384440592318, 1.000000000000000222 ) ) 
 REPRESENTATION_ITEM ( '' )  );
#2596 = CARTESIAN_POINT ( 'NONE',  ( -0.6785254037844375974, 1.175240473580834166, 0.2916666666666657415 ) ) ;
#2597 = CARTESIAN_POINT ( 'NONE',  ( 0.000000000000000000, -1.499999999999999778, -5.549354535729332127 ) ) ;
#2598 = CARTESIAN_POINT ( 'NONE',  ( 1.357050807568875417, -2.242832357623997763E-16, 2.187500000000000000 ) ) ;
#2599 = CARTESIAN_POINT ( 'NONE',  ( 1.732050807568876971, -2.931696182144386422E-16, 4.374999999999999112 ) ) ;
#2600 = CARTESIAN_POINT ( 'NONE',  ( 0.000000000000000000, 1.175240473580833944, -4.250000000000000000 ) ) ;
#2601 = CARTESIAN_POINT ( 'NONE',  ( 0.1243055908724817332, -1.500000000000006217, 5.818480655529331358 ) ) ;
#2602 = ORIENTED_EDGE ( 'NONE', *, *, #3537, .T. ) ;
#2603 = CARTESIAN_POINT ( 'NONE',  ( 1.836970198721029688E-16, 1.499999999999999778, -5.549354535729332127 ) ) ;
#2604 = CARTESIAN_POINT ( 'NONE',  ( -1.763300807568877859, 1.329739878991918111E-16, -5.828124999999999112 ) ) ;
#2605 = CARTESIAN_POINT ( 'NONE',  ( -1.439254484199187653E-16, -1.175240473580833944, -3.437500000000000444 ) ) ;
#2606 = CARTESIAN_POINT ( 'NONE',  ( -0.6785254037844380415, -1.175240473580833944, -3.541666666666666519 ) ) ;
#2607 = CARTESIAN_POINT ( 'NONE',  ( -1.732050807568876971, 1.310604772755240004E-16, 3.687500000000000888 ) ) ;
#2608 = FACE_OUTER_BOUND ( 'NONE', #1409, .T. ) ;
#2609 = ORIENTED_EDGE ( 'NONE', *, *, #4265, .T. ) ;
#2610 = CARTESIAN_POINT ( 'NONE',  ( 0.8660254037844379305, -1.500000000000000222, -1.708333333333333703 ) ) ;
#2611 = CARTESIAN_POINT ( 'NONE',  ( 0.8816504037844398178, 1.527063293868264005, 6.005208333333333037 ) ) ;
#2612 = CARTESIAN_POINT ( 'NONE',  ( -1.357050807568875417, 1.080983497915110246E-16, 0.4374999999999995004 ) ) ;
#2613 = CARTESIAN_POINT ( 'NONE',  ( 1.322475605676659116, 0.7635316469341311141, -0.06770833333333367565 ) ) ;
#2614 = CARTESIAN_POINT ( 'NONE',  ( 1.017788105676656452, -0.5876202367904175272, 0.1458333333333328707 ) ) ;
#2615 = CARTESIAN_POINT ( 'NONE',  ( 1.836970198721029688E-16, 1.499999999999999778, -5.549354535729332127 ) ) ;
#2616 = EDGE_CURVE ( 'NONE', #5169, #3249, #4880, .T. ) ;
#2617 = VECTOR ( 'NONE', #853, 1000.000000000000000 ) ;
#2618 = CARTESIAN_POINT ( 'NONE',  ( -0.6785254037844375974, 1.175240473580834166, 4.791666666666666075 ) ) ;
#2619 = EDGE_LOOP ( 'NONE', ( #194, #4563, #3631, #179 ) ) ;
#2620 = ORIENTED_EDGE ( 'NONE', *, *, #4229, .F. ) ;
#2621 = EDGE_CURVE ( 'NONE', #2315, #3488, #2972, .T. ) ;
#2622 = CARTESIAN_POINT ( 'NONE',  ( -1.732050807568876971, 1.310604772755240004E-16, -4.312500000000000000 ) ) ;
#2623 = CARTESIAN_POINT ( 'NONE',  ( 0.6785254037844384856, 1.175240473580833722, -4.791666666666666963 ) ) ;
#2624 = CARTESIAN_POINT ( 'NONE',  ( -1.017788105676656674, 0.5876202367904170831, 3.833333333333332593 ) ) ;
#2625 = DIRECTION ( 'NONE',  ( -0.000000000000000000, 3.457852702097173358E-17, 1.000000000000000000 ) ) ;
#2626 = CARTESIAN_POINT ( 'NONE',  ( -0.6785254037844375974, 1.175240473580834166, 4.354166666666666075 ) ) ;
#2627 = CARTESIAN_POINT ( 'NONE',  ( -1.439254484199187653E-16, -1.175240473580833944, 0.4999999999999995559 ) ) ;
#2628 =( BOUNDED_CURVE ( )  B_SPLINE_CURVE ( 2, ( #2443, #3705, #1659, #3302, #4933, #1255, #1961 ),
 .UNSPECIFIED., .F., .F. ) 
 B_SPLINE_CURVE_WITH_KNOTS ( ( 3, 2, 2, 3 ),
 ( 0.5185185185185183787, 0.5246913580246912456, 0.5308641975308640015, 0.5370370370370368684 ),
 .UNSPECIFIED. ) 
 CURVE ( )  GEOMETRIC_REPRESENTATION_ITEM ( )  RATIONAL_B_SPLINE_CURVE ( ( 1.000000000000002442, 0.8660254037844362651, 1.000000000000000000, 0.8660254037844387076, 1.000000000000000000, 0.8660254037844434816, 0.9999999999999952260 ) ) 
 REPRESENTATION_ITEM ( '' )  );
#2629 = CARTESIAN_POINT ( 'NONE',  ( -1.836970198721029688E-16, -1.499999999999999778, 4.312499999999999112 ) ) ;
#2630 = ORIENTED_EDGE ( 'NONE', *, *, #2326, .F. ) ;
#2631 = LINE ( 'NONE', #269, #1169 ) ;
#2632 = CARTESIAN_POINT ( 'NONE',  ( 0.000000000000000000, 1.527063293868264227, -5.453125000000000000 ) ) ;
#2633 = CARTESIAN_POINT ( 'NONE',  ( 0.000000000000000000, 1.175240473580833944, -3.187500000000000444 ) ) ;
#2634 = CARTESIAN_POINT ( 'NONE',  ( -1.017788105676656674, 0.5876202367904170831, -3.666666666666666963 ) ) ;
#2635 = CARTESIAN_POINT ( 'NONE',  ( 1.732050807568876971, -2.931696182144386422E-16, -3.625000000000000000 ) ) ;
#2636 = DIRECTION ( 'NONE',  ( -0.000000000000000000, 3.457852702097173358E-17, 1.000000000000000000 ) ) ;
#2637 = ORIENTED_EDGE ( 'NONE', *, *, #1828, .T. ) ;
#2638 = CARTESIAN_POINT ( 'NONE',  ( 0.8660254037844481445, 1.499999999999983569, 0.5208333333333325932 ) ) ;
#2639 = VECTOR ( 'NONE', #4505, 1000.000000000000000 ) ;
#2640 = CARTESIAN_POINT ( 'NONE',  ( -1.299038105676658006, -0.7499999999999995559, -0.7708333333333331483 ) ) ;
#2641 = CARTESIAN_POINT ( 'NONE',  ( 1.322475605676658228, -0.7635316469341327794, 3.880208333333333481 ) ) ;
#2642 = CARTESIAN_POINT ( 'NONE',  ( 0.6785254037844372643, -1.175240473580834166, 0.6041666666666658525 ) ) ;
#2643 = CARTESIAN_POINT ( 'NONE',  ( -0.8816504037844393737, -1.527063293868264005, 1.223958333333333037 ) ) ;
#2644 = CARTESIAN_POINT ( 'NONE',  ( 0.000000000000000000, 1.175240473580833944, -0.1875000000000001665 ) ) ;
#2645 = CARTESIAN_POINT ( 'NONE',  ( -0.05859781459385549063, 0.8321939397547527539, 5.966168535970316711 ) ) ;
#2646 = CARTESIAN_POINT ( 'NONE',  ( -0.6785254037844380415, -1.175240473580833722, 4.958333333333331261 ) ) ;
#2647 = ORIENTED_EDGE ( 'NONE', *, *, #169, .T. ) ;
#2648 = CARTESIAN_POINT ( 'NONE',  ( 1.299038105676658672, 0.7499999999999987788, -5.083333333333334814 ) ) ;
#2649 = EDGE_CURVE ( 'NONE', #4785, #5274, #4651, .T. ) ;
#2650 = CARTESIAN_POINT ( 'NONE',  ( 0.000000000000000000, 1.499999999999999778, 2.499999999999998224 ) ) ;
#2651 = CARTESIAN_POINT ( 'NONE',  ( -1.357050807568875417, 1.080983497915110492E-16, 4.874999999999999112 ) ) ;
#2652 = CARTESIAN_POINT ( 'NONE',  ( -1.017788105676656674, 0.5876202367904170831, 3.895833333333332593 ) ) ;
#2653 = CARTESIAN_POINT ( 'NONE',  ( 1.357050807568875417, -2.242832357623997763E-16, 0.1249999999999992506 ) ) ;
#2654 = CARTESIAN_POINT ( 'NONE',  ( -1.836970198721029688E-16, -1.499999999999999778, -2.187499999999999556 ) ) ;
#2655 = ORIENTED_EDGE ( 'NONE', *, *, #3452, .F. ) ;
#2656 = DIRECTION ( 'NONE',  ( -0.000000000000000000, 3.457852702097173358E-17, 1.000000000000000000 ) ) ;
#2657 = CARTESIAN_POINT ( 'NONE',  ( -0.8816504037844393737, -1.527063293868264005, -3.744791666666666075 ) ) ;
#2658 = CARTESIAN_POINT ( 'NONE',  ( -1.439254484199187653E-16, -1.175240473580833944, -3.937500000000000000 ) ) ;
#2659 = CARTESIAN_POINT ( 'NONE',  ( 0.6785254037844384856, 1.175240473580833722, -4.791666666666666963 ) ) ;
#2660 = DIRECTION ( 'NONE',  ( -0.000000000000000000, -0.000000000000000000, 1.000000000000000000 ) ) ;
#2661 = DIRECTION ( 'NONE',  ( -0.000000000000000000, 3.457852702097173358E-17, 1.000000000000000000 ) ) ;
#2662 = ADVANCED_FACE ( 'NONE', ( #2414 ), #4048, .T. ) ;
#2663 =( BOUNDED_CURVE ( )  B_SPLINE_CURVE ( 2, ( #1056, #2346, #5182, #1861, #3477, #602, #681 ),
 .UNSPECIFIED., .F., .F. ) 
 B_SPLINE_CURVE_WITH_KNOTS ( ( 3, 2, 2, 3 ),
 ( 0.2926062855770958926, 0.2987791250832687595, 0.3049519645894416264, 0.3111248040956144933 ),
 .UNSPECIFIED. ) 
 CURVE ( )  GEOMETRIC_REPRESENTATION_ITEM ( )  RATIONAL_B_SPLINE_CURVE ( ( 1.000000000000000000, 0.8660254037844387076, 1.000000000000000000, 0.8660254037844387076, 1.000000000000000000, 0.8660254037844387076, 1.000000000000000000 ) ) 
 REPRESENTATION_ITEM ( '' )  );
#2664 = VERTEX_POINT ( 'NONE', #427 ) ;
#2665 = CARTESIAN_POINT ( 'NONE',  ( 1.299038105676657562, -0.7500000000000005551, 4.833333333333333925 ) ) ;
#2666 = CARTESIAN_POINT ( 'NONE',  ( -1.836970198721029688E-16, -1.499999999999999778, 1.749999999999999334 ) ) ;
#2667 = CARTESIAN_POINT ( 'NONE',  ( 0.6785254037844383745, 1.175240473580833500, 2.770833333333333481 ) ) ;
#2668 = CARTESIAN_POINT ( 'NONE',  ( -1.870113174931183868E-16, -1.527063293868264227, 0.7656249999999997780 ) ) ;
#2669 = CARTESIAN_POINT ( 'NONE',  ( -0.6785254037844380415, -1.175240473580833944, 0.02083333333333277360 ) ) ;
#2670 = CARTESIAN_POINT ( 'NONE',  ( -1.299038105676657784, 0.7500000000000001110, -3.354166666666666075 ) ) ;
#2671 = CARTESIAN_POINT ( 'NONE',  ( 0.6785254037844383745, 1.175240473580833500, 4.208333333333333037 ) ) ;
#2672 = ORIENTED_EDGE ( 'NONE', *, *, #759, .T. ) ;
#2673 = VERTEX_POINT ( 'NONE', #2038 ) ;
#2674 = CARTESIAN_POINT ( 'NONE',  ( 0.8816504037844398178, 1.527063293868264005, -1.494791666666666963 ) ) ;
#2675 = CARTESIAN_POINT ( 'NONE',  ( -1.836970198721029688E-16, -1.499999999999999778, -4.187500000000000000 ) ) ;
#2676 = CARTESIAN_POINT ( 'NONE',  ( -1.299038105676658006, -0.7499999999999995559, 2.666666666666665630 ) ) ;
#2677 = CARTESIAN_POINT ( 'NONE',  ( -1.439254484199187653E-16, -1.175240473580833944, 4.499999999999999112 ) ) ;
#2678 = CARTESIAN_POINT ( 'NONE',  ( 1.017788105676657118, 0.5876202367904160839, 5.229166666666666963 ) ) ;
#2679 = EDGE_CURVE ( 'NONE', #284, #4358, #2252, .T. ) ;
#2680 = CARTESIAN_POINT ( 'NONE',  ( 1.017788105676657118, 0.5876202367904160839, -1.833333333333333481 ) ) ;
#2681 = PRODUCT_RELATED_PRODUCT_CATEGORY ( 'detail', '', ( #900 ) ) ;
#2682 = CARTESIAN_POINT ( 'NONE',  ( 0.000000000000000000, 1.499999999999999778, -5.000000000000000888 ) ) ;
#2683 = ORIENTED_EDGE ( 'NONE', *, *, #5265, .T. ) ;
#2684 = CARTESIAN_POINT ( 'NONE',  ( -0.8660254037844383745, 1.499999999999999778, 5.604166666666667851 ) ) ;
#2685 = CARTESIAN_POINT ( 'NONE',  ( 0.000000000000000000, 1.527063293868264227, -2.453124999999999556 ) ) ;
#2686 = CARTESIAN_POINT ( 'NONE',  ( 0.6785254037844372643, -1.175240473580834166, -2.395833333333333481 ) ) ;
#2687 = CARTESIAN_POINT ( 'NONE',  ( -1.439254484199187653E-16, -1.175240473580833944, -5.000000000000000000 ) ) ;
#2688 = CARTESIAN_POINT ( 'NONE',  ( -1.836970198721029688E-16, -1.499999999999999778, -3.750000000000000888 ) ) ;
#2689 = FACE_OUTER_BOUND ( 'NONE', #5244, .T. ) ;
#2690 = ORIENTED_EDGE ( 'NONE', *, *, #4577, .F. ) ;
#2691 = CARTESIAN_POINT ( 'NONE',  ( -0.6314821731370084956, -0.5014390011353370147, 5.937402991910153638 ) ) ;
#2692 = DIRECTION ( 'NONE',  ( -0.000000000000000000, 3.457852702097173358E-17, 1.000000000000000000 ) ) ;
#2693 = CARTESIAN_POINT ( 'NONE',  ( 0.000000000000000000, 1.175240473580833944, 1.749999999999999778 ) ) ;
#2694 = CARTESIAN_POINT ( 'NONE',  ( -1.357050807568875417, 1.080983497915110246E-16, 2.437499999999998668 ) ) ;
#2695 = CARTESIAN_POINT ( 'NONE',  ( 0.000000000000000000, 1.527063293868264227, 0.5156249999999995559 ) ) ;
#2696 = CARTESIAN_POINT ( 'NONE',  ( -1.439254484199187653E-16, -1.175240473580833944, 0.06249999999999918815 ) ) ;
#2697 = CARTESIAN_POINT ( 'NONE',  ( -1.836970198721029688E-16, -1.499999999999999778, -3.187499999999999556 ) ) ;
#2698 = AXIS2_PLACEMENT_3D ( 'NONE', #4747, #1099, #3924 ) ;
#2699 = ORIENTED_EDGE ( 'NONE', *, *, #904, .T. ) ;
#2700 = AXIS2_PLACEMENT_3D ( 'NONE', #2405, #1624, #770 ) ;
#2701 = CARTESIAN_POINT ( 'NONE',  ( -1.322475605676658450, 0.7635316469341323353, -0.3697916666666666852 ) ) ;
#2702 = CARTESIAN_POINT ( 'NONE',  ( 0.8660254037844393737, 1.499999999999999334, 2.458333333333332593 ) ) ;
#2703 = AXIS2_PLACEMENT_3D ( 'NONE', #2101, #355, #5286 ) ;
#2704 = CARTESIAN_POINT ( 'NONE',  ( -1.836970198721029688E-16, -1.499999999999999778, 4.250000000000000000 ) ) ;
#2705 = CARTESIAN_POINT ( 'NONE',  ( 1.017788105676657118, 0.5876202367904160839, 3.166666666666666519 ) ) ;
#2706 = CARTESIAN_POINT ( 'NONE',  ( -0.6785254037844380415, -1.175240473580833722, -1.541666666666666963 ) ) ;
#2707 = CARTESIAN_POINT ( 'NONE',  ( 0.000000000000000000, 1.558265636316165435E-17, -5.549354535729332127 ) ) ;
#2708 = VERTEX_POINT ( 'NONE', #12 ) ;
#2709 = CARTESIAN_POINT ( 'NONE',  ( -1.870113174931183868E-16, -1.527063293868264227, -4.203125000000000000 ) ) ;
#2710 = CARTESIAN_POINT ( 'NONE',  ( -0.6785254037844380415, -1.175240473580833944, -1.479166666666666741 ) ) ;
#2711 = CARTESIAN_POINT ( 'NONE',  ( 1.017788105676656452, -0.5876202367904175272, -3.416666666666667407 ) ) ;
#2712 = CARTESIAN_POINT ( 'NONE',  ( -1.836970198721029688E-16, -1.499999999999999778, -5.187499999999998224 ) ) ;
#2713 = CARTESIAN_POINT ( 'NONE',  ( -0.7500000000000001110, 0.4330127018922192428, 5.062500000000000000 ) ) ;
#2714 = ORIENTED_EDGE ( 'NONE', *, *, #4897, .F. ) ;
#2715 = APPROVAL_ROLE ( '' ) ;
#2716 = EDGE_CURVE ( 'NONE', #4809, #1717, #2628, .T. ) ;
#2717 = CARTESIAN_POINT ( 'NONE',  ( 1.836970198721029688E-16, 1.499999999999999778, -5.549354535729332127 ) ) ;
#2718 = CARTESIAN_POINT ( 'NONE',  ( 1.322475605676658228, -0.7635316469341327794, 6.380208333333333925 ) ) ;
#2719 = CARTESIAN_POINT ( 'NONE',  ( -1.017788105676656674, 0.5876202367904170831, 3.333333333333332149 ) ) ;
#2720 = CARTESIAN_POINT ( 'NONE',  ( 0.6785254037844383745, 1.175240473580833500, 2.270833333333333481 ) ) ;
#2721 = CARTESIAN_POINT ( 'NONE',  ( -1.322475605676658672, -0.7635316469341317802, 2.682291666666666075 ) ) ;
#2722 = CARTESIAN_POINT ( 'NONE',  ( -1.017788105676656674, 0.5876202367904170831, 3.895833333333332593 ) ) ;
#2723 = CARTESIAN_POINT ( 'NONE',  ( -0.2426460913693793131, 0.7259336176145173569, 5.896302034393393399 ) ) ;
#2724 = ORIENTED_EDGE ( 'NONE', *, *, #3054, .F. ) ;
#2725 = VECTOR ( 'NONE', #3116, 1000.000000000000000 ) ;
#2726 = ORIENTED_EDGE ( 'NONE', *, *, #2332, .F. ) ;
#2727 = CARTESIAN_POINT ( 'NONE',  ( 1.322475605676659116, 0.7635316469341311141, -0.5364583333333332593 ) ) ;
#2728 = CARTESIAN_POINT ( 'NONE',  ( -0.8816504037844393737, -1.527063293868264005, -4.776041666666666075 ) ) ;
#2729 = CARTESIAN_POINT ( 'NONE',  ( -1.439254484199187653E-16, -1.175240473580833944, 5.999999999999998224 ) ) ;
#2730 = EDGE_CURVE ( 'NONE', #4682, #808, #3604, .T. ) ;
#2731 = CARTESIAN_POINT ( 'NONE',  ( 1.017788105676657118, 0.5876202367904160839, -5.833333333333333925 ) ) ;
#2732 = CARTESIAN_POINT ( 'NONE',  ( 1.017788105676656452, -0.5876202367904175272, 4.083333333333333037 ) ) ;
#2733 = CARTESIAN_POINT ( 'NONE',  ( -0.6785254037844380415, -1.175240473580833722, -0.5416666666666668517 ) ) ;
#2734 = DIRECTION ( 'NONE',  ( -0.000000000000000000, -0.000000000000000000, 1.000000000000000000 ) ) ;
#2735 = VERTEX_POINT ( 'NONE', #1154 ) ;
#2736 = CARTESIAN_POINT ( 'NONE',  ( -0.7500000000000000000, -0.4330127018922194648, 5.062500000000000000 ) ) ;
#2737 = CARTESIAN_POINT ( 'NONE',  ( -0.8816504037844387076, 1.527063293868264449, -3.411458333333333037 ) ) ;
#2738 = CARTESIAN_POINT ( 'NONE',  ( 0.6785254037844384856, 1.175240473580833722, -2.729166666666666963 ) ) ;
#2739 = CARTESIAN_POINT ( 'NONE',  ( 1.299038105676658672, 0.7499999999999987788, -3.583333333333333925 ) ) ;
#2740 = CYLINDRICAL_SURFACE ( 'NONE', #2431, 1.499999999999999778 ) ;
#2741 = ORIENTED_EDGE ( 'NONE', *, *, #2163, .F. ) ;
#2742 = DATE_AND_TIME ( #3951, #897 ) ;
#2743 = LINE ( 'NONE', #4374, #4773 ) ;
#2744 = CARTESIAN_POINT ( 'NONE',  ( -1.870113174931183868E-16, -1.527063293868264227, 6.296874999999999112 ) ) ;
#2745 = CARTESIAN_POINT ( 'NONE',  ( -1.017788105676656896, -0.5876202367904167501, 2.916666666666666519 ) ) ;
#2746 = CARTESIAN_POINT ( 'NONE',  ( -0.6785254037844380415, -1.175240473580833722, 2.520833333333333481 ) ) ;
#2747 = CARTESIAN_POINT ( 'NONE',  ( 1.763300807568877859, -2.989101500854420495E-16, 4.390624999999998224 ) ) ;
#2748 = CARTESIAN_POINT ( 'NONE',  ( -1.017788105676656674, 0.5876202367904170831, 2.895833333333333481 ) ) ;
#2749 = CARTESIAN_POINT ( 'NONE',  ( -1.299038105676658006, -0.7499999999999995559, 0.2291666666666668517 ) ) ;
#2750 = EDGE_CURVE ( 'NONE', #1765, #1023, #3838, .T. ) ;
#2751 = EDGE_LOOP ( 'NONE', ( #3532, #3025, #4102, #369, #1958 ) ) ;
#2752 = CARTESIAN_POINT ( 'NONE',  ( -1.162453265119452572, 0.1728946996169233585, -5.574759526419172495 ) ) ;
#2753 = CARTESIAN_POINT ( 'NONE',  ( -0.8816504037844393737, -1.527063293868264005, 0.2552083333333338699 ) ) ;
#2754 = CARTESIAN_POINT ( 'NONE',  ( 1.763300807568877859, -2.989101500854420495E-16, -4.609375000000000888 ) ) ;
#2755 = CARTESIAN_POINT ( 'NONE',  ( -0.6785254037844380415, -1.175240473580833944, -3.979166666666667407 ) ) ;
#2756 = VECTOR ( 'NONE', #1638, 1000.000000000000000 ) ;
#2757 = CARTESIAN_POINT ( 'NONE',  ( 0.6785254037844384856, 1.175240473580833722, -2.791666666666666963 ) ) ;
#2758 = CARTESIAN_POINT ( 'NONE',  ( 1.017788105676656452, -0.5876202367904175272, 6.083333333333333037 ) ) ;
#2759 = CARTESIAN_POINT ( 'NONE',  ( -1.017788105676656674, 0.5876202367904170831, 2.833333333333333481 ) ) ;
#2760 = CARTESIAN_POINT ( 'NONE',  ( 0.000000000000000000, 1.499999999999999778, 5.500000000000000000 ) ) ;
#2761 = ORIENTED_EDGE ( 'NONE', *, *, #1862, .F. ) ;
#2762 = DIRECTION ( 'NONE',  ( -0.000000000000000000, 3.457852702097173358E-17, 1.000000000000000000 ) ) ;
#2763 = CARTESIAN_POINT ( 'NONE',  ( -0.8816504037844387076, 1.527063293868264449, -3.911458333333332593 ) ) ;
#2764 = CARTESIAN_POINT ( 'NONE',  ( 0.6785254037844372643, -1.175240473580834166, -0.8958333333333334814 ) ) ;
#2765 = CARTESIAN_POINT ( 'NONE',  ( -0.7500000000000002220, 1.299038105676657118, 5.062500000000000000 ) ) ;
#2766 = CARTESIAN_POINT ( 'NONE',  ( -0.8660254037844383745, 1.499999999999999778, -0.9583333333333340365 ) ) ;
#2767 = ORIENTED_EDGE ( 'NONE', *, *, #1895, .F. ) ;
#2768 = DATE_TIME_ROLE ( 'creation_date' ) ;
#2769 = CARTESIAN_POINT ( 'NONE',  ( -0.8660254037844414832, -1.499999999999996003, -4.729166666666668739 ) ) ;
#2770 = CARTESIAN_POINT ( 'NONE',  ( -1.299038105676657784, 0.7500000000000001110, 2.145833333333334370 ) ) ;
#2771 = CARTESIAN_POINT ( 'NONE',  ( 1.017788105676656452, -0.5876202367904175272, 1.583333333333332371 ) ) ;
#2772 =( BOUNDED_CURVE ( )  B_SPLINE_CURVE ( 2, ( #1015, #3781, #613, #5060, #113, #4610, #2654 ),
 .UNSPECIFIED., .F., .F. ) 
 B_SPLINE_CURVE_WITH_KNOTS ( ( 3, 2, 2, 3 ),
 ( 0.2962962962962962798, 0.3024691358024690913, 0.3086419753086418472, 0.3148148148148146586 ),
 .UNSPECIFIED. ) 
 CURVE ( )  GEOMETRIC_REPRESENTATION_ITEM ( )  RATIONAL_B_SPLINE_CURVE ( ( 1.000000000000000000, 0.8660254037844387076, 1.000000000000000000, 0.8660254037844387076, 1.000000000000000000, 0.8660254037844423713, 0.9999999999999963363 ) ) 
 REPRESENTATION_ITEM ( '' )  );
#2773 = CARTESIAN_POINT ( 'NONE',  ( 0.6785254037844372643, -1.175240473580834166, 2.604166666666666519 ) ) ;
#2774 = CARTESIAN_POINT ( 'NONE',  ( -1.763300807568877859, 1.329739878991918111E-16, 4.140625000000000000 ) ) ;
#2775 = CARTESIAN_POINT ( 'NONE',  ( -1.439254484199187653E-16, -1.175240473580833944, 4.562499999999999112 ) ) ;
#2776 = DIRECTION ( 'NONE',  ( -0.000000000000000000, 3.457852702097173358E-17, 1.000000000000000000 ) ) ;
#2777 = ORIENTED_EDGE ( 'NONE', *, *, #4842, .F. ) ;
#2778 = CARTESIAN_POINT ( 'NONE',  ( -0.8816504037844387076, 1.527063293868264449, -1.411458333333333259 ) ) ;
#2779 = CARTESIAN_POINT ( 'NONE',  ( 0.8816504037844384856, -1.527063293868264893, -3.192708333333333481 ) ) ;
#2780 = CARTESIAN_POINT ( 'NONE',  ( 1.017788105676656452, -0.5876202367904175272, -5.854166666666666963 ) ) ;
#2781 = EDGE_CURVE ( 'NONE', #4879, #1975, #3180, .T. ) ;
#2782 = VECTOR ( 'NONE', #4690, 1000.000000000000000 ) ;
#2783 = EDGE_CURVE ( 'NONE', #208, #3179, #775, .T. ) ;
#2784 = CARTESIAN_POINT ( 'NONE',  ( 1.017788105676656452, -0.5876202367904175272, -2.916666666666667407 ) ) ;
#2785 = CARTESIAN_POINT ( 'NONE',  ( 0.5045641449641257159, -0.5747151588659672461, 5.883654450522866952 ) ) ;
#2786 = LOCAL_TIME ( 7, 20, 18.00000000000000000, #2132 ) ;
#2787 = CARTESIAN_POINT ( 'NONE',  ( -1.439254484199187653E-16, -1.175240473580833944, 2.999999999999999112 ) ) ;
#2788 = DIRECTION ( 'NONE',  ( 0.000000000000000000, -1.000000000000000000, 0.000000000000000000 ) ) ;
#2789 = ORIENTED_EDGE ( 'NONE', *, *, #458, .T. ) ;
#2790 = CARTESIAN_POINT ( 'NONE',  ( -1.322475605676658672, -0.7635316469341317802, -1.786458333333333481 ) ) ;
#2791 = CARTESIAN_POINT ( 'NONE',  ( -1.439254484199187653E-16, -1.175240473580833944, -1.437500000000000444 ) ) ;
#2792 = CARTESIAN_POINT ( 'NONE',  ( 1.732050807568876971, -2.931696182144386422E-16, -4.062500000000000000 ) ) ;
#2793 = CARTESIAN_POINT ( 'NONE',  ( 0.000000000000000000, -1.499999999999999778, -5.549354535729332127 ) ) ;
#2794 = ORIENTED_EDGE ( 'NONE', *, *, #4476, .F. ) ;
#2795 = DIRECTION ( 'NONE',  ( 1.049727191138619928E-16, -0.8571673007021134438, -0.5150380749100523792 ) ) ;
#2796 = DIRECTION ( 'NONE',  ( -0.8660254037844384856, -0.5000000000000002220, 0.000000000000000000 ) ) ;
#2797 = CARTESIAN_POINT ( 'NONE',  ( -1.017788105676656674, 0.5876202367904170831, 1.333333333333333037 ) ) ;
#2798 = CARTESIAN_POINT ( 'NONE',  ( 0.000000000000000000, 1.175240473580833944, 4.812499999999999112 ) ) ;
#2799 = CARTESIAN_POINT ( 'NONE',  ( 1.763300807568877859, -2.989101500854420495E-16, 3.890625000000000000 ) ) ;
#2800 = CARTESIAN_POINT ( 'NONE',  ( 1.017788105676657118, 0.5876202367904160839, 2.229166666666665630 ) ) ;
#2801 = LINE ( 'NONE', #2016, #1383 ) ;
#2802 = EDGE_LOOP ( 'NONE', ( #1281, #4042, #1373, #3256, #534, #2683, #604, #4852, #4305, #4322, #4558, #4373, #4458, #5134, #4471, #4983, #4359, #243, #4393, #1417, #3959, #1058, #568, #5018, #3985, #1382, #1175, #372, #1222, #2465, #1689, #1658, #1171, #3686, #1967, #2987, #4903, #647, #3041, #933, #3089, #4591, #4665, #5202, #3676, #1204, #5211, #3602, #2420, #2034, #1819, #3480 ) ) ;
#2803 = CARTESIAN_POINT ( 'NONE',  ( -0.8928814620790946899, -0.8039648897042922515, 6.994507119519879801 ) ) ;
#2804 = LINE ( 'NONE', #1186, #1423 ) ;
#2805 =( BOUNDED_CURVE ( )  B_SPLINE_CURVE ( 2, ( #1309, #3035, #991, #5170, #4692, #1418, #2335 ),
 .UNSPECIFIED., .F., .F. ) 
 B_SPLINE_CURVE_WITH_KNOTS ( ( 3, 2, 2, 3 ),
 ( 0.6259396189104292629, 0.6321124584166021299, 0.6382852979227748857, 0.6444581374289477527 ),
 .UNSPECIFIED. ) 
 CURVE ( )  GEOMETRIC_REPRESENTATION_ITEM ( )  RATIONAL_B_SPLINE_CURVE ( ( 1.000000000000000000, 0.8660254037844387076, 1.000000000000000000, 0.8660254037844387076, 1.000000000000000000, 0.8660254037844387076, 1.000000000000000000 ) ) 
 REPRESENTATION_ITEM ( '' )  );
#2806 = CARTESIAN_POINT ( 'NONE',  ( -1.870113174931183868E-16, -1.527063293868264227, 1.296875000000000222 ) ) ;
#2807 = CARTESIAN_POINT ( 'NONE',  ( -0.8816504037844393737, -1.527063293868264005, -4.276041666666666963 ) ) ;
#2808 = CARTESIAN_POINT ( 'NONE',  ( 1.017788105676656452, -0.5876202367904175272, -4.854166666666666963 ) ) ;
#2809 = CARTESIAN_POINT ( 'NONE',  ( 0.6785254037844372643, -1.175240473580834166, -2.458333333333333481 ) ) ;
#2810 = CARTESIAN_POINT ( 'NONE',  ( -0.6907675950617762073, -0.9508050801058403056, 6.949624495430041016 ) ) ;
#2811 = EDGE_CURVE ( 'NONE', #256, #5270, #3381, .T. ) ;
#2812 = CARTESIAN_POINT ( 'NONE',  ( 0.7500000000000001110, -0.2988467354058296777, 5.932917016756804607 ) ) ;
#2813 = ORIENTED_EDGE ( 'NONE', *, *, #1196, .T. ) ;
#2814 = CARTESIAN_POINT ( 'NONE',  ( 1.357050807568875417, -2.242832357623997763E-16, 1.187499999999999334 ) ) ;
#2815 = CARTESIAN_POINT ( 'NONE',  ( 0.5298162393775237566, 1.308190795538221041, 5.904410119008831614 ) ) ;
#2816 = CARTESIAN_POINT ( 'NONE',  ( 0.000000000000000000, 1.362979284742680486, 5.920891053161632556 ) ) ;
#2817 = ORIENTED_EDGE ( 'NONE', *, *, #3238, .T. ) ;
#2818 = CARTESIAN_POINT ( 'NONE',  ( -1.017788105676656896, -0.5876202367904167501, 0.4166666666666658525 ) ) ;
#2819 = DIRECTION ( 'NONE',  ( 0.000000000000000000, -1.000000000000000000, 0.000000000000000000 ) ) ;
#2820 = CARTESIAN_POINT ( 'NONE',  ( 0.8660254037844440367, 1.499999999999991562, 0.02083333333333349524 ) ) ;
#2821 = CARTESIAN_POINT ( 'NONE',  ( 0.6785254037844372643, -1.175240473580834166, 5.541666666666665186 ) ) ;
#2822 = CARTESIAN_POINT ( 'NONE',  ( 0.6785254037844372643, -1.175240473580834166, 5.104166666666666963 ) ) ;
#2823 = CARTESIAN_POINT ( 'NONE',  ( -1.322475605676658450, 0.7635316469341323353, 3.598958333333332593 ) ) ;
#2824 = CARTESIAN_POINT ( 'NONE',  ( 0.6785254037844372643, -1.175240473580834166, 3.104166666666666519 ) ) ;
#2825 = DIRECTION ( 'NONE',  ( -0.000000000000000000, 3.457852702097173358E-17, 1.000000000000000000 ) ) ;
#2826 = EDGE_CURVE ( 'NONE', #4193, #1254, #2952, .T. ) ;
#2827 = CARTESIAN_POINT ( 'NONE',  ( -1.357050807568875417, 1.080983497915110492E-16, 6.437499999999998224 ) ) ;
#2828 = CARTESIAN_POINT ( 'NONE',  ( -0.8295249803140761768, -0.8486777325429368801, -5.566896240001423912 ) ) ;
#2829 = CARTESIAN_POINT ( 'NONE',  ( -0.8816504037844393737, -1.527063293868264005, 2.755208333333332593 ) ) ;
#2830 = CARTESIAN_POINT ( 'NONE',  ( 0.6785254037844383745, 1.175240473580833500, 5.770833333333333037 ) ) ;
#2831 = CARTESIAN_POINT ( 'NONE',  ( 0.8816504037844384856, -1.527063293868264893, -4.692708333333333037 ) ) ;
#2832 = CARTESIAN_POINT ( 'NONE',  ( -1.017788105676656896, -0.5876202367904167501, -5.520833333333333037 ) ) ;
#2833 =( BOUNDED_CURVE ( )  B_SPLINE_CURVE ( 2, ( #3385, #4162, #488, #2128, #1770, #5015, #2903 ),
 .UNSPECIFIED., .F., .F. ) 
 B_SPLINE_CURVE_WITH_KNOTS ( ( 3, 2, 2, 3 ),
 ( 0.4407544337252440325, 0.4469272732314168994, 0.4531001127375897664, 0.4592729522437626333 ),
 .UNSPECIFIED. ) 
 CURVE ( )  GEOMETRIC_REPRESENTATION_ITEM ( )  RATIONAL_B_SPLINE_CURVE ( ( 1.000000000000000000, 0.8660254037844387076, 1.000000000000000000, 0.8660254037844387076, 1.000000000000000000, 0.8660254037844387076, 1.000000000000000000 ) ) 
 REPRESENTATION_ITEM ( '' )  );
#2834 = CARTESIAN_POINT ( 'NONE',  ( -0.6785254037844375974, 1.175240473580834166, -3.208333333333333481 ) ) ;
#2835 = CARTESIAN_POINT ( 'NONE',  ( 1.357050807568875417, -2.242832357623997763E-16, 5.124999999999999112 ) ) ;
#2836 = EDGE_CURVE ( 'NONE', #5274, #2290, #237, .T. ) ;
#2837 = CARTESIAN_POINT ( 'NONE',  ( -1.836970198721029688E-16, -1.499999999999999778, -0.6874999999999995559 ) ) ;
#2838 = VERTEX_POINT ( 'NONE', #3783 ) ;
#2839 = CARTESIAN_POINT ( 'NONE',  ( 1.017788105676656452, -0.5876202367904175272, -0.3541666666666675733 ) ) ;
#2840 = CARTESIAN_POINT ( 'NONE',  ( -1.836970198721029688E-16, -1.499999999999999778, 3.750000000000000000 ) ) ;
#2841 = CARTESIAN_POINT ( 'NONE',  ( 0.6785254037844372643, -1.175240473580834166, -4.958333333333333925 ) ) ;
#2842 = VERTEX_POINT ( 'NONE', #4535 ) ;
#2843 = EDGE_CURVE ( 'NONE', #2664, #1773, #963, .T. ) ;
#2844 = CARTESIAN_POINT ( 'NONE',  ( -1.439254484199187653E-16, -1.175240473580833944, 0.9999999999999991118 ) ) ;
#2845 = CARTESIAN_POINT ( 'NONE',  ( -0.7500000000000001110, 1.090723106390260469E-14, 5.062500000000000000 ) ) ;
#2846 = ORIENTED_EDGE ( 'NONE', *, *, #94, .F. ) ;
#2847 = CARTESIAN_POINT ( 'NONE',  ( 0.8660254037844393737, 1.499999999999999334, -4.479166666666666075 ) ) ;
#2848 = CARTESIAN_POINT ( 'NONE',  ( -1.357050807568875417, 1.080983497915110492E-16, 5.874999999999999112 ) ) ;
#2849 = CARTESIAN_POINT ( 'NONE',  ( -1.322475605676658450, 0.7635316469341323353, 5.598958333333332149 ) ) ;
#2850 = CARTESIAN_POINT ( 'NONE',  ( -1.357050807568875417, 1.080983497915110492E-16, 6.937499999999999112 ) ) ;
#2851 = LINE ( 'NONE', #4484, #3267 ) ;
#2852 = ORIENTED_EDGE ( 'NONE', *, *, #5112, .F. ) ;
#2853 = CARTESIAN_POINT ( 'NONE',  ( 0.000000000000000000, 1.175240473580833944, 6.812499999999999112 ) ) ;
#2854 = LINE ( 'NONE', #4034, #2115 ) ;
#2855 = CARTESIAN_POINT ( 'NONE',  ( 0.000000000000000000, 1.175240473580833944, -2.750000000000000444 ) ) ;
#2856 = CARTESIAN_POINT ( 'NONE',  ( 0.8816504037844384856, -1.527063293868264893, 2.338541666666666519 ) ) ;
#2857 = CARTESIAN_POINT ( 'NONE',  ( -1.439254484199187653E-16, -1.175240473580833944, 5.562500000000000000 ) ) ;
#2858 = CARTESIAN_POINT ( 'NONE',  ( 1.322475605676659116, 0.7635316469341311141, -0.5677083333333332593 ) ) ;
#2859 = CARTESIAN_POINT ( 'NONE',  ( -1.357050807568875417, 1.080983497915110492E-16, -4.562500000000000888 ) ) ;
#2860 = CARTESIAN_POINT ( 'NONE',  ( -0.6785254037844380415, -1.175240473580833944, -2.041666666666667407 ) ) ;
#2861 = CARTESIAN_POINT ( 'NONE',  ( -0.6785254037844375974, 1.175240473580834166, 6.791666666666666075 ) ) ;
#2862 = CARTESIAN_POINT ( 'NONE',  ( -1.299038105676658006, -0.7499999999999995559, 3.666666666666666519 ) ) ;
#2863 = ORIENTED_EDGE ( 'NONE', *, *, #3016, .T. ) ;
#2864 = CARTESIAN_POINT ( 'NONE',  ( 0.000000000000000000, 1.175240473580833944, 0.3124999999999993894 ) ) ;
#2865 = CARTESIAN_POINT ( 'NONE',  ( 0.000000000000000000, 1.362979284742680486, 5.920891053161632556 ) ) ;
#2866 = FACE_OUTER_BOUND ( 'NONE', #605, .T. ) ;
#2867 = VERTEX_POINT ( 'NONE', #4158 ) ;
#2868 = CARTESIAN_POINT ( 'NONE',  ( 0.000000000000000000, 1.175240473580833944, 0.7499999999999997780 ) ) ;
#2869 = CARTESIAN_POINT ( 'NONE',  ( 1.836970198721029688E-16, 1.499999999999999778, -5.549354535729332127 ) ) ;
#2870 = VERTEX_POINT ( 'NONE', #934 ) ;
#2871 = CARTESIAN_POINT ( 'NONE',  ( 0.000000000000000000, 1.558265636316165435E-17, -5.549354535729332127 ) ) ;
#2872 = CARTESIAN_POINT ( 'NONE',  ( -1.357050807568875417, 1.080983497915110492E-16, 4.374999999999999112 ) ) ;
#2873 = CARTESIAN_POINT ( 'NONE',  ( -1.357050807568875417, 1.080983497915110492E-16, -6.062499999999999112 ) ) ;
#2874 = CARTESIAN_POINT ( 'NONE',  ( 1.017788105676656452, -0.5876202367904175272, 5.145833333333332149 ) ) ;
#2875 = CARTESIAN_POINT ( 'NONE',  ( 0.8660254037844393737, 1.499999999999999334, 3.458333333333331705 ) ) ;
#2876 = ADVANCED_FACE ( 'NONE', ( #2575 ), #1367, .T. ) ;
#2877 = EDGE_LOOP ( 'NONE', ( #1586, #2438, #114, #630 ) ) ;
#2878 = FACE_OUTER_BOUND ( 'NONE', #3809, .T. ) ;
#2879 = VECTOR ( 'NONE', #3636, 1000.000000000000227 ) ;
#2880 = CARTESIAN_POINT ( 'NONE',  ( -0.6785254037844375974, 1.175240473580834166, -4.645833333333333037 ) ) ;
#2881 = CARTESIAN_POINT ( 'NONE',  ( 1.017788105676657118, 0.5876202367904160839, -0.8333333333333334814 ) ) ;
#2882 = CARTESIAN_POINT ( 'NONE',  ( -0.8816504037844393737, -1.527063293868264005, 2.255208333333333925 ) ) ;
#2883 = B_SPLINE_CURVE_WITH_KNOTS ( 'NONE', 3,
 ( #4742, #1926, #3972, #1901, #2310, #5144, #1469, #1820, #4769, #3945, #1043, #4666, #2256, #3489 ),
 .UNSPECIFIED., .F., .F.,
 ( 4, 2, 2, 2, 2, 2, 4 ),
 ( 0.000000000000000000, 0.0002939692030137672457, 0.0005879384060275344914, 0.001175876812055068983, 0.001763815218082603583, 0.002057784421096370883, 0.002351753624110138833 ),
 .UNSPECIFIED. ) ;
#2884 = DIRECTION ( 'NONE',  ( -0.000000000000000000, 3.457852702097173358E-17, 1.000000000000000000 ) ) ;
#2885 = CARTESIAN_POINT ( 'NONE',  ( 1.322475605676659116, 0.7635316469341311141, -1.567708333333333259 ) ) ;
#2886 = CARTESIAN_POINT ( 'NONE',  ( 0.6785254037844372643, -1.175240473580834166, -2.895833333333333925 ) ) ;
#2887 = CARTESIAN_POINT ( 'NONE',  ( -1.357050807568875417, 1.080983497915110246E-16, 0.8749999999999990008 ) ) ;
#2888 = CARTESIAN_POINT ( 'NONE',  ( 1.017788105676657118, 0.5876202367904160839, -2.770833333333333925 ) ) ;
#2889 = CARTESIAN_POINT ( 'NONE',  ( -0.6785254037844375974, 1.175240473580834166, 0.7916666666666662966 ) ) ;
#2890 = CARTESIAN_POINT ( 'NONE',  ( 0.7948212013144850818, 1.103924048072226771, -5.400592941719184026 ) ) ;
#2891 = ADVANCED_FACE ( 'NONE', ( #2149 ), #2498, .T. ) ;
#2892 = VECTOR ( 'NONE', #1555, 1000.000000000000000 ) ;
#2893 = CARTESIAN_POINT ( 'NONE',  ( -0.7500000000000002220, 1.299038105676657118, 5.062500000000000000 ) ) ;
#2894 = CARTESIAN_POINT ( 'NONE',  ( -0.6785254037844375974, 1.175240473580834166, 1.354166666666665853 ) ) ;
#2895 = CARTESIAN_POINT ( 'NONE',  ( -1.357050807568875417, 1.080983497915110246E-16, -2.125000000000000000 ) ) ;
#2896 = CARTESIAN_POINT ( 'NONE',  ( 0.6785254037844372643, -1.175240473580834166, 0.04166666666666641455 ) ) ;
#2897 = DIRECTION ( 'NONE',  ( 0.000000000000000000, 1.000000000000000000, 0.000000000000000000 ) ) ;
#2898 = EDGE_LOOP ( 'NONE', ( #4284, #4534, #4347, #1432 ) ) ;
#2899 = CARTESIAN_POINT ( 'NONE',  ( 0.000000000000000000, -1.499999999999999778, -5.549354535729332127 ) ) ;
#2900 = CARTESIAN_POINT ( 'NONE',  ( 1.017788105676657118, 0.5876202367904160839, 4.166666666666666075 ) ) ;
#2901 = CARTESIAN_POINT ( 'NONE',  ( 0.6785254037844372643, -1.175240473580834166, -5.895833333333333925 ) ) ;
#2902 = CARTESIAN_POINT ( 'NONE',  ( 1.017788105676656452, -0.5876202367904175272, 4.645833333333333037 ) ) ;
#2903 = CARTESIAN_POINT ( 'NONE',  ( 0.000000000000000000, 1.499999999999999778, 0.9999999999999995559 ) ) ;
#2904 = VERTEX_POINT ( 'NONE', #115 ) ;
#2905 = CARTESIAN_POINT ( 'NONE',  ( 0.6785254037844372643, -1.175240473580834166, 6.104166666666666075 ) ) ;
#2906 = CARTESIAN_POINT ( 'NONE',  ( 0.000000000000000000, 1.175240473580833944, -4.187500000000000000 ) ) ;
#2907 = CARTESIAN_POINT ( 'NONE',  ( -1.017788105676656674, 0.5876202367904170831, -0.6666666666666669627 ) ) ;
#2908 = CARTESIAN_POINT ( 'NONE',  ( -1.322475605676658672, -0.7635316469341317802, 3.213541666666667407 ) ) ;
#2909 = CARTESIAN_POINT ( 'NONE',  ( 0.000000000000000000, 1.499999999999999778, -1.000000000000000444 ) ) ;
#2910 = CARTESIAN_POINT ( 'NONE',  ( -0.8816504037844387076, 1.527063293868264449, -1.942708333333333925 ) ) ;
#2911 = CARTESIAN_POINT ( 'NONE',  ( -1.357050807568875417, 1.080983497915110492E-16, -3.062500000000000444 ) ) ;
#2912 = EDGE_CURVE ( 'NONE', #1975, #406, #484, .T. ) ;
#2913 = APPLICATION_CONTEXT ( 'configuration controlled 3d designs of mechanical parts and assemblies' ) ;
#2914 =( BOUNDED_CURVE ( )  B_SPLINE_CURVE ( 2, ( #1486, #980, #2648, #3535, #1812, #236, #606 ),
 .UNSPECIFIED., .F., .F. ) 
 B_SPLINE_CURVE_WITH_KNOTS ( ( 3, 2, 2, 3 ),
 ( 0.9037173966882070530, 0.9098902361943799200, 0.9160630757005527869, 0.9222359152067255428 ),
 .UNSPECIFIED. ) 
 CURVE ( )  GEOMETRIC_REPRESENTATION_ITEM ( )  RATIONAL_B_SPLINE_CURVE ( ( 1.000000000000000000, 0.8660254037844387076, 1.000000000000000000, 0.8660254037844387076, 1.000000000000000000, 0.8660254037844387076, 1.000000000000000000 ) ) 
 REPRESENTATION_ITEM ( '' )  );
#2915 = CARTESIAN_POINT ( 'NONE',  ( -0.6785254037844375974, 1.175240473580834166, 0.7916666666666661856 ) ) ;
#2916 = CARTESIAN_POINT ( 'NONE',  ( 0.6785254037844372643, -1.175240473580834166, -2.895833333333333481 ) ) ;
#2917 = CARTESIAN_POINT ( 'NONE',  ( 1.017788105676656452, -0.5876202367904175272, -0.9166666666666671848 ) ) ;
#2918 = CARTESIAN_POINT ( 'NONE',  ( 0.000000000000000000, 1.100112572632367757E-14, 5.062500000000000000 ) ) ;
#2919 = CARTESIAN_POINT ( 'NONE',  ( 9.184850993605149670E-17, 0.7500000000000000000, -6.000000000000000000 ) ) ;
#2920 = CARTESIAN_POINT ( 'NONE',  ( -1.357050807568875417, 1.080983497915110492E-16, 1.437499999999999556 ) ) ;
#2921 = CARTESIAN_POINT ( 'NONE',  ( -1.836970198721029688E-16, -1.499999999999999778, -3.250000000000000888 ) ) ;
#2922 = CARTESIAN_POINT ( 'NONE',  ( 0.6785254037844372643, -1.175240473580834166, -4.458333333333333037 ) ) ;
#2923 = DIRECTION ( 'NONE',  ( -0.000000000000000000, 3.457852702097173358E-17, 1.000000000000000000 ) ) ;
#2924 = EDGE_LOOP ( 'NONE', ( #1744, #3782, #452, #3533 ) ) ;
#2925 = CARTESIAN_POINT ( 'NONE',  ( 0.000000000000000000, 1.499999999999999778, 3.062500000000000000 ) ) ;
#2926 = CARTESIAN_POINT ( 'NONE',  ( -1.017788105676656896, -0.5876202367904167501, 4.916666666666666075 ) ) ;
#2927 = CARTESIAN_POINT ( 'NONE',  ( -1.322475605676658450, 0.7635316469341323353, 6.098958333333333037 ) ) ;
#2928 = CARTESIAN_POINT ( 'NONE',  ( -1.439254484199187653E-16, -1.175240473580833944, 6.062499999999998224 ) ) ;
#2929 = CARTESIAN_POINT ( 'NONE',  ( -0.8660254037844383745, 1.499999999999999778, -3.958333333333334370 ) ) ;
#2930 = CARTESIAN_POINT ( 'NONE',  ( 0.8660254037844291597, -1.500000000000016209, 1.354166666666666075 ) ) ;
#2931 = ORIENTED_EDGE ( 'NONE', *, *, #2583, .F. ) ;
#2932 = DIRECTION ( 'NONE',  ( 1.000000000000000000, 0.000000000000000000, 0.000000000000000000 ) ) ;
#2933 = ADVANCED_BREP_SHAPE_REPRESENTATION ( '91390A105_Alloy Steel Cup-Tip Set Screw', ( #4122, #2099 ), #4759 ) ;
#2934 = CARTESIAN_POINT ( 'NONE',  ( -0.6785254037844380415, -1.175240473580833722, -4.479166666666666963 ) ) ;
#2935 = CARTESIAN_POINT ( 'NONE',  ( 0.6785254037844384856, 1.175240473580833722, -2.291666666666667407 ) ) ;
#2936 = CARTESIAN_POINT ( 'NONE',  ( 1.322475605676659116, 0.7635316469341311141, 5.463541666666666075 ) ) ;
#2937 = CARTESIAN_POINT ( 'NONE',  ( -1.357050807568875417, 1.080983497915110246E-16, -1.062500000000000000 ) ) ;
#2938 = CARTESIAN_POINT ( 'NONE',  ( 1.763300807568877859, -2.989101500854420495E-16, -2.609375000000000444 ) ) ;
#2939 = CARTESIAN_POINT ( 'NONE',  ( -1.439254484199187653E-16, -1.175240473580833944, -0.9375000000000008882 ) ) ;
#2940 = FACE_OUTER_BOUND ( 'NONE', #1346, .T. ) ;
#2941 = CARTESIAN_POINT ( 'NONE',  ( -0.6785254037844380415, -1.175240473580833722, 0.9583333333333327042 ) ) ;
#2942 = CARTESIAN_POINT ( 'NONE',  ( -1.439254484199187653E-16, -1.175240473580833944, -1.437500000000000444 ) ) ;
#2943 = CARTESIAN_POINT ( 'NONE',  ( -1.017788105676656896, -0.5876202367904167501, -1.083333333333333703 ) ) ;
#2944 = CARTESIAN_POINT ( 'NONE',  ( 0.8660254037844481445, 1.499999999999983569, 1.020833333333333037 ) ) ;
#2945 = EDGE_CURVE ( 'NONE', #1773, #785, #3378, .T. ) ;
#2946 = FACE_OUTER_BOUND ( 'NONE', #1226, .T. ) ;
#2947 = CARTESIAN_POINT ( 'NONE',  ( 0.6785254037844384856, 1.175240473580833722, 3.270833333333332149 ) ) ;
#2948 = CARTESIAN_POINT ( 'NONE',  ( -1.732050807568876971, 1.310604772755240251E-16, 1.624999999999999556 ) ) ;
#2949 = CARTESIAN_POINT ( 'NONE',  ( 0.6785254037844372643, -1.175240473580834166, -2.958333333333333481 ) ) ;
#2950 = CIRCLE ( 'NONE', #3295, 0.8660254037844385966 ) ;
#2951 = ORIENTED_EDGE ( 'NONE', *, *, #4905, .T. ) ;
#2952 = LINE ( 'NONE', #4641, #4946 ) ;
#2953 = CARTESIAN_POINT ( 'NONE',  ( 0.8816504037844384856, -1.527063293868264893, -6.161458333333333037 ) ) ;
#2954 = CARTESIAN_POINT ( 'NONE',  ( 0.8816504037844384856, -1.527063293868264893, 6.307291666666665186 ) ) ;
#2955 = CARTESIAN_POINT ( 'NONE',  ( 0.000000000000000000, 1.175240473580833944, 5.312499999999999112 ) ) ;
#2956 = DIRECTION ( 'NONE',  ( 0.000000000000000000, 0.000000000000000000, 1.000000000000000000 ) ) ;
#2957 = CARTESIAN_POINT ( 'NONE',  ( 0.7500000000000001110, -0.4330127018922189652, 5.062500000000000000 ) ) ;
#2958 = EDGE_CURVE ( 'NONE', #2387, #2300, #2805, .T. ) ;
#2959 = CIRCLE ( 'NONE', #2276, 0.8660254037844385966 ) ;
#2960 = ORIENTED_EDGE ( 'NONE', *, *, #3377, .F. ) ;
#2961 = CARTESIAN_POINT ( 'NONE',  ( -0.6785254037844380415, -1.175240473580833944, -2.041666666666667407 ) ) ;
#2962 = CARTESIAN_POINT ( 'NONE',  ( -1.870113174931183868E-16, -1.527063293868264227, 4.296874999999999112 ) ) ;
#2963 = CARTESIAN_POINT ( 'NONE',  ( -1.017788105676656674, 0.5876202367904170831, -0.6041666666666669627 ) ) ;
#2964 = CARTESIAN_POINT ( 'NONE',  ( -0.8816504037844393737, -1.527063293868264005, -1.776041666666667185 ) ) ;
#2965 = CARTESIAN_POINT ( 'NONE',  ( -1.439254484199187653E-16, -1.175240473580833944, -1.437500000000000444 ) ) ;
#2966 = CARTESIAN_POINT ( 'NONE',  ( 0.8660254037844440367, 1.499999999999991562, -1.979166666666666741 ) ) ;
#2967 = CARTESIAN_POINT ( 'NONE',  ( -1.439254484199187653E-16, -1.175240473580833944, 3.499999999999999556 ) ) ;
#2968 = CARTESIAN_POINT ( 'NONE',  ( 0.000000000000000000, 1.175240473580833944, -3.187500000000000444 ) ) ;
#2969 = CARTESIAN_POINT ( 'NONE',  ( -1.017788105676656674, 0.5876202367904170831, -1.166666666666667407 ) ) ;
#2970 = CARTESIAN_POINT ( 'NONE',  ( 1.258581300368738054, 0.4002138551022991209, -5.432065572954159371 ) ) ;
#2971 = CONICAL_SURFACE ( 'NONE', #4593, 0.7500000000000000000, 0.7853981633974536081 ) ;
#2972 =( BOUNDED_CURVE ( )  B_SPLINE_CURVE ( 2, ( #3624, #5251, #4427, #2011, #328, #1580, #1231 ),
 .UNSPECIFIED., .F., .F. ) 
 B_SPLINE_CURVE_WITH_KNOTS ( ( 3, 2, 2, 3 ),
 ( 0.2037037037037036369, 0.2098765432098764760, 0.2160493827160493152, 0.2222222222222221544 ),
 .UNSPECIFIED. ) 
 CURVE ( )  GEOMETRIC_REPRESENTATION_ITEM ( )  RATIONAL_B_SPLINE_CURVE ( ( 1.000000000000001110, 0.8660254037844373753, 1.000000000000000000, 0.8660254037844387076, 1.000000000000000000, 0.8660254037844399289, 0.9999999999999987788 ) ) 
 REPRESENTATION_ITEM ( '' )  );
#2973 = CARTESIAN_POINT ( 'NONE',  ( -0.8660254037844391517, -1.499999999999999334, 0.2083333333333325932 ) ) ;
#2974 = CARTESIAN_POINT ( 'NONE',  ( 0.6785254037844384856, 1.175240473580833722, 2.270833333333333481 ) ) ;
#2975 = CARTESIAN_POINT ( 'NONE',  ( -1.299038105676657784, 0.7500000000000001110, 1.583333333333332815 ) ) ;
#2976 = EDGE_CURVE ( 'NONE', #2497, #3242, #1326, .T. ) ;
#2977 = CARTESIAN_POINT ( 'NONE',  ( 1.017788105676656452, -0.5876202367904175272, -4.416666666666666963 ) ) ;
#2978 = AXIS2_PLACEMENT_3D ( 'NONE', #2158, #2990, #5072 ) ;
#2979 = CARTESIAN_POINT ( 'NONE',  ( 1.299038105676658450, 0.7499999999999987788, 4.479166666666667851 ) ) ;
#2980 = ORIENTED_EDGE ( 'NONE', *, *, #4905, .F. ) ;
#2981 = CARTESIAN_POINT ( 'NONE',  ( 1.732050807568876971, -2.931696182144386422E-16, 2.937500000000000000 ) ) ;
#2982 = CARTESIAN_POINT ( 'NONE',  ( 0.6785254037844384856, 1.175240473580833722, 6.708333333333332149 ) ) ;
#2983 = CARTESIAN_POINT ( 'NONE',  ( 0.6785254037844384856, 1.175240473580833722, -5.229166666666666963 ) ) ;
#2984 = CARTESIAN_POINT ( 'NONE',  ( 1.017788105676656452, -0.5876202367904175272, -3.916666666666667407 ) ) ;
#2985 = CARTESIAN_POINT ( 'NONE',  ( -1.836970198721029688E-16, -1.499999999999999778, -2.687499999999999556 ) ) ;
#2986 = CARTESIAN_POINT ( 'NONE',  ( 1.299038105676658450, 0.7499999999999987788, -3.020833333333333481 ) ) ;
#2987 = ORIENTED_EDGE ( 'NONE', *, *, #2383, .T. ) ;
#2988 = DIRECTION ( 'NONE',  ( -0.000000000000000000, 3.457852702097173358E-17, 1.000000000000000000 ) ) ;
#2989 = EDGE_CURVE ( 'NONE', #2156, #683, #1496, .T. ) ;
#2990 = DIRECTION ( 'NONE',  ( -0.000000000000000000, 3.457852702097173358E-17, 1.000000000000000000 ) ) ;
#2991 = CARTESIAN_POINT ( 'NONE',  ( 0.8816504037844384856, -1.527063293868264893, 3.838541666666666075 ) ) ;
#2992 = CARTESIAN_POINT ( 'NONE',  ( 0.6785254037844372643, -1.175240473580834166, -0.8958333333333334814 ) ) ;
#2993 = CARTESIAN_POINT ( 'NONE',  ( -1.322475605676658672, -0.7635316469341317802, 1.682291666666666075 ) ) ;
#2994 = CARTESIAN_POINT ( 'NONE',  ( 0.000000000000000000, 1.175240473580833944, 1.312499999999999334 ) ) ;
#2995 = DIRECTION ( 'NONE',  ( 0.000000000000000000, -1.000000000000000000, 0.000000000000000000 ) ) ;
#2996 = CARTESIAN_POINT ( 'NONE',  ( -0.6785254037844375974, 1.175240473580834166, 4.291666666666666075 ) ) ;
#2997 = CARTESIAN_POINT ( 'NONE',  ( -1.017788105676656896, -0.5876202367904167501, -3.520833333333333925 ) ) ;
#2998 = CARTESIAN_POINT ( 'NONE',  ( 0.6785254037844384856, 1.175240473580833722, -1.291666666666667407 ) ) ;
#2999 = CARTESIAN_POINT ( 'NONE',  ( 1.047820243920380534, -0.7399623791674622142, -5.478579056045752793 ) ) ;
#3000 = CARTESIAN_POINT ( 'NONE',  ( -1.357050807568875417, 1.080983497915110492E-16, 1.374999999999999556 ) ) ;
#3001 = DIRECTION ( 'NONE',  ( 0.000000000000000000, 0.000000000000000000, 1.000000000000000000 ) ) ;
#3002 = CARTESIAN_POINT ( 'NONE',  ( 0.000000000000000000, 1.175240473580833944, 4.312499999999998224 ) ) ;
#3003 = CARTESIAN_POINT ( 'NONE',  ( -1.732050807568876971, 1.310604772755240251E-16, -4.375000000000000000 ) ) ;
#3004 = CARTESIAN_POINT ( 'NONE',  ( 1.017788105676657118, 0.5876202367904160839, -2.333333333333333925 ) ) ;
#3005 =( BOUNDED_CURVE ( )  B_SPLINE_CURVE ( 2, ( #4822, #3600, #322, #3218, #4797, #1977, #2840 ),
 .UNSPECIFIED., .F., .F. ) 
 B_SPLINE_CURVE_WITH_KNOTS ( ( 3, 2, 2, 3 ),
 ( 0.2370507300215404234, 0.2432235695277131793, 0.2493964090338860462, 0.2555692485400589131 ),
 .UNSPECIFIED. ) 
 CURVE ( )  GEOMETRIC_REPRESENTATION_ITEM ( )  RATIONAL_B_SPLINE_CURVE ( ( 1.000000000000000000, 0.8660254037844387076, 1.000000000000000000, 0.8660254037844387076, 1.000000000000000000, 0.8660254037844387076, 1.000000000000000000 ) ) 
 REPRESENTATION_ITEM ( '' )  );
#3006 = EDGE_CURVE ( 'NONE', #2870, #771, #2883, .T. ) ;
#3007 = EDGE_LOOP ( 'NONE', ( #3863, #2001, #667, #1502 ) ) ;
#3008 = CARTESIAN_POINT ( 'NONE',  ( 0.000000000000000000, 1.499999999999999778, 4.000000000000000000 ) ) ;
#3009 = CARTESIAN_POINT ( 'NONE',  ( 1.322475605676658228, -0.7635316469341327794, -5.619791666666666075 ) ) ;
#3010 = CARTESIAN_POINT ( 'NONE',  ( -1.017788105676656896, -0.5876202367904167501, -4.020833333333333925 ) ) ;
#3011 = CARTESIAN_POINT ( 'NONE',  ( -1.357050807568875417, 1.080983497915110492E-16, -3.625000000000000444 ) ) ;
#3012 = CARTESIAN_POINT ( 'NONE',  ( -0.8660254037844294928, 1.500000000000015543, 3.604166666666665630 ) ) ;
#3013 = AXIS2_PLACEMENT_3D ( 'NONE', #1159, #1987, #736 ) ;
#3014 = CARTESIAN_POINT ( 'NONE',  ( 0.000000000000000000, 1.499999999999999778, 0.9999999999999995559 ) ) ;
#3015 = ORIENTED_EDGE ( 'NONE', *, *, #1650, .T. ) ;
#3016 = EDGE_CURVE ( 'NONE', #1572, #3737, #2631, .T. ) ;
#3017 = CYLINDRICAL_SURFACE ( 'NONE', #2978, 1.499999999999999778 ) ;
#3018 = CARTESIAN_POINT ( 'NONE',  ( -1.322475605676658672, -0.7635316469341317802, 4.713541666666666963 ) ) ;
#3019 = CARTESIAN_POINT ( 'NONE',  ( 1.017788105676656452, -0.5876202367904175272, 0.1458333333333328707 ) ) ;
#3020 = CARTESIAN_POINT ( 'NONE',  ( -1.870113174931183868E-16, -1.527063293868264227, 1.265624999999999334 ) ) ;
#3021 = CARTESIAN_POINT ( 'NONE',  ( 0.6785254037844372643, -1.175240473580834166, 0.1041666666666664770 ) ) ;
#3022 = CARTESIAN_POINT ( 'NONE',  ( 0.000000000000000000, -1.499999999999999778, -5.549354535729332127 ) ) ;
#3023 = CARTESIAN_POINT ( 'NONE',  ( -1.017788105676656674, 0.5876202367904170831, 3.333333333333332149 ) ) ;
#3024 = ORIENTED_EDGE ( 'NONE', *, *, #3168, .T. ) ;
#3025 = ORIENTED_EDGE ( 'NONE', *, *, #346, .T. ) ;
#3026 = CARTESIAN_POINT ( 'NONE',  ( -1.870113174931183868E-16, -1.527063293868264227, -5.734375000000000000 ) ) ;
#3027 = CARTESIAN_POINT ( 'NONE',  ( -1.017788105676656674, 0.5876202367904170831, -5.166666666666666963 ) ) ;
#3028 = CARTESIAN_POINT ( 'NONE',  ( 0.6785254037844372643, -1.175240473580834166, 3.041666666666666519 ) ) ;
#3029 = CARTESIAN_POINT ( 'NONE',  ( 0.2204735694613527142, -1.198690309424812250, 5.999999999999996447 ) ) ;
#3030 = CARTESIAN_POINT ( 'NONE',  ( -1.017788105676656674, 0.5876202367904170831, 3.395833333333332149 ) ) ;
#3031 = CARTESIAN_POINT ( 'NONE',  ( -1.357050807568875417, 1.080983497915110246E-16, -0.1250000000000009714 ) ) ;
#3032 = AXIS2_PLACEMENT_3D ( 'NONE', #273, #199, #2261 ) ;
#3033 = CARTESIAN_POINT ( 'NONE',  ( 0.000000000000000000, -3.456294436460856950E-14, -1005.549354535729208 ) ) ;
#3034 = ORIENTED_EDGE ( 'NONE', *, *, #1475, .T. ) ;
#3035 = CARTESIAN_POINT ( 'NONE',  ( -0.8660254037844391517, -1.499999999999999334, -1.291666666666666963 ) ) ;
#3036 = CARTESIAN_POINT ( 'NONE',  ( 0.8816504037844398178, 1.527063293868264005, -5.494791666666666075 ) ) ;
#3037 = CARTESIAN_POINT ( 'NONE',  ( -1.017788105676656674, 0.5876202367904170831, -3.604166666666666963 ) ) ;
#3038 = CARTESIAN_POINT ( 'NONE',  ( 0.6785254037844372643, -1.175240473580834166, -3.958333333333333481 ) ) ;
#3039 = CARTESIAN_POINT ( 'NONE',  ( 0.000000000000000000, 1.499999999999999778, -3.937500000000000000 ) ) ;
#3040 = CARTESIAN_POINT ( 'NONE',  ( 1.732050807568876971, -2.931696182144386422E-16, 5.375000000000000000 ) ) ;
#3041 = ORIENTED_EDGE ( 'NONE', *, *, #2783, .T. ) ;
#3042 = CARTESIAN_POINT ( 'NONE',  ( -1.836970198721029688E-16, -1.499999999999999778, -5.187499999999998224 ) ) ;
#3043 = CARTESIAN_POINT ( 'NONE',  ( 0.000000000000000000, -1.336911000032896764E-15, 6.000000000000000000 ) ) ;
#3044 = CARTESIAN_POINT ( 'NONE',  ( -0.8816504037844393737, -1.527063293868264005, 4.255208333333333925 ) ) ;
#3045 = CARTESIAN_POINT ( 'NONE',  ( -0.6785254037844375974, 1.175240473580834166, 0.3541666666666658525 ) ) ;
#3046 = CARTESIAN_POINT ( 'NONE',  ( -1.870113174931183868E-16, -1.527063293868264227, -0.2343750000000002220 ) ) ;
#3047 = CARTESIAN_POINT ( 'NONE',  ( 1.017788105676656452, -0.5876202367904175272, 1.645833333333332593 ) ) ;
#3048 = DIRECTION ( 'NONE',  ( -0.000000000000000000, 3.457852702097173358E-17, 1.000000000000000000 ) ) ;
#3049 = CARTESIAN_POINT ( 'NONE',  ( -0.6785254037844380415, -1.175240473580833722, 5.458333333333333037 ) ) ;
#3050 = ORIENTED_EDGE ( 'NONE', *, *, #5059, .F. ) ;
#3051 = CARTESIAN_POINT ( 'NONE',  ( -1.836970198721029688E-16, -1.499999999999999778, 2.250000000000000000 ) ) ;
#3052 = CARTESIAN_POINT ( 'NONE',  ( -1.017788105676656674, 0.5876202367904170831, -6.166666666666666963 ) ) ;
#3053 = CARTESIAN_POINT ( 'NONE',  ( -0.6785254037844375974, 1.175240473580834166, 4.791666666666666963 ) ) ;
#3054 = EDGE_CURVE ( 'NONE', #4513, #3680, #3936, .T. ) ;
#3055 = CARTESIAN_POINT ( 'NONE',  ( 0.000000000000000000, 1.175240473580833944, 3.812500000000000000 ) ) ;
#3056 = CARTESIAN_POINT ( 'NONE',  ( 1.017788105676657118, 0.5876202367904160839, -1.333333333333333925 ) ) ;
#3057 = CARTESIAN_POINT ( 'NONE',  ( 0.8660254037844393737, 1.499999999999999334, 4.520833333333333925 ) ) ;
#3058 = ORIENTED_EDGE ( 'NONE', *, *, #4722, .F. ) ;
#3059 = CARTESIAN_POINT ( 'NONE',  ( 1.299038105676658672, 0.7499999999999987788, -2.583333333333334370 ) ) ;
#3060 = CARTESIAN_POINT ( 'NONE',  ( 1.322475605676658228, -0.7635316469341327794, -3.119791666666666519 ) ) ;
#3061 = CARTESIAN_POINT ( 'NONE',  ( -1.017788105676656674, 0.5876202367904170831, -4.104166666666667851 ) ) ;
#3062 = CARTESIAN_POINT ( 'NONE',  ( -1.017788105676656674, 0.5876202367904170831, -4.166666666666667851 ) ) ;
#3063 = CARTESIAN_POINT ( 'NONE',  ( -1.836970198721029688E-16, -1.499999999999999778, 3.812500000000000888 ) ) ;
#3064 = DIRECTION ( 'NONE',  ( -0.000000000000000000, 3.457852702097173358E-17, 1.000000000000000000 ) ) ;
#3065 = ORIENTED_EDGE ( 'NONE', *, *, #1801, .T. ) ;
#3066 = CARTESIAN_POINT ( 'NONE',  ( 0.7500000000000001110, -0.4330127018922189652, 5.062500000000000000 ) ) ;
#3067 = CARTESIAN_POINT ( 'NONE',  ( 0.000000000000000000, 1.499999999999999778, -1.937499999999999778 ) ) ;
#3068 = CARTESIAN_POINT ( 'NONE',  ( -1.439254484199187653E-16, -1.175240473580833944, 4.062500000000000000 ) ) ;
#3069 = CARTESIAN_POINT ( 'NONE',  ( -1.870113174931183868E-16, -1.527063293868264227, 0.2656249999999993894 ) ) ;
#3070 = CARTESIAN_POINT ( 'NONE',  ( 0.000000000000000000, 1.175240473580833944, 0.3124999999999993894 ) ) ;
#3071 = CARTESIAN_POINT ( 'NONE',  ( -0.3081441285175565703, 0.6881183082356249203, 5.884137217587760205 ) ) ;
#3072 = CARTESIAN_POINT ( 'NONE',  ( 0.000000000000000000, 1.175240473580833944, 4.749999999999999112 ) ) ;
#3073 = ORIENTED_EDGE ( 'NONE', *, *, #4630, .T. ) ;
#3074 = EDGE_CURVE ( 'NONE', #1613, #2410, #1871, .T. ) ;
#3075 = CARTESIAN_POINT ( 'NONE',  ( 1.763300807568877859, -2.989101500854420495E-16, 0.4218750000000003886 ) ) ;
#3076 = CARTESIAN_POINT ( 'NONE',  ( 0.000000000000000000, 1.527063293868264227, -5.984375000000000000 ) ) ;
#3077 = CARTESIAN_POINT ( 'NONE',  ( 1.017788105676657118, 0.5876202367904160839, -4.833333333333333925 ) ) ;
#3078 = CARTESIAN_POINT ( 'NONE',  ( -1.017788105676656674, 0.5876202367904170831, 3.333333333333332149 ) ) ;
#3079 = CARTESIAN_POINT ( 'NONE',  ( 0.6785254037844384856, 1.175240473580833722, 5.270833333333332149 ) ) ;
#3080 = CARTESIAN_POINT ( 'NONE',  ( -1.439254484199187653E-16, -1.175240473580833944, -0.5000000000000004441 ) ) ;
#3081 = CARTESIAN_POINT ( 'NONE',  ( -0.8660254037844391517, -1.499999999999999334, -4.791666666666666075 ) ) ;
#3082 = ORIENTED_EDGE ( 'NONE', *, *, #648, .F. ) ;
#3083 = DIRECTION ( 'NONE',  ( -0.4999999999999996114, -0.8660254037844389297, 0.000000000000000000 ) ) ;
#3084 = CARTESIAN_POINT ( 'NONE',  ( 0.8816504037844384856, -1.527063293868264893, -4.661458333333333037 ) ) ;
#3085 = CARTESIAN_POINT ( 'NONE',  ( -0.6785254037844375974, 1.175240473580834166, -4.145833333333333925 ) ) ;
#3086 = CARTESIAN_POINT ( 'NONE',  ( 1.017788105676657118, 0.5876202367904160839, -5.333333333333333925 ) ) ;
#3087 = CARTESIAN_POINT ( 'NONE',  ( 0.8660254037844379305, -1.500000000000000222, -3.708333333333333925 ) ) ;
#3088 = CARTESIAN_POINT ( 'NONE',  ( -1.299038105676657784, 0.7500000000000001110, -0.9166666666666676289 ) ) ;
#3089 = ORIENTED_EDGE ( 'NONE', *, *, #3469, .T. ) ;
#3090 =( BOUNDED_CURVE ( )  B_SPLINE_CURVE ( 2, ( #4163, #3330, #1771, #3040, #92, #4562, #2181 ),
 .UNSPECIFIED., .F., .F. ) 
 B_SPLINE_CURVE_WITH_KNOTS ( ( 3, 2, 2, 3 ),
 ( 0.1259396189104292629, 0.1321124584166021299, 0.1382852979227749968, 0.1444581374289477527 ),
 .UNSPECIFIED. ) 
 CURVE ( )  GEOMETRIC_REPRESENTATION_ITEM ( )  RATIONAL_B_SPLINE_CURVE ( ( 1.000000000000000000, 0.8660254037844387076, 1.000000000000000000, 0.8660254037844387076, 1.000000000000000000, 0.8660254037844387076, 1.000000000000000000 ) ) 
 REPRESENTATION_ITEM ( '' )  );
#3091 = CARTESIAN_POINT ( 'NONE',  ( 0.000000000000000000, 1.499999999999999778, -4.937499999999998224 ) ) ;
#3092 = CARTESIAN_POINT ( 'NONE',  ( -1.836970198721029688E-16, -1.499999999999999778, -1.250000000000000666 ) ) ;
#3093 = CARTESIAN_POINT ( 'NONE',  ( 0.6785254037844372643, -1.175240473580834166, 2.041666666666665630 ) ) ;
#3094 = CARTESIAN_POINT ( 'NONE',  ( -1.017788105676656896, -0.5876202367904167501, 1.479166666666665853 ) ) ;
#3095 = VECTOR ( 'NONE', #3967, 1000.000000000000000 ) ;
#3096 = CARTESIAN_POINT ( 'NONE',  ( 0.8816504037844384856, -1.527063293868264893, 1.307291666666666741 ) ) ;
#3097 = CARTESIAN_POINT ( 'NONE',  ( -1.357050807568875417, 1.080983497915110492E-16, -0.5625000000000004441 ) ) ;
#3098 = CARTESIAN_POINT ( 'NONE',  ( -0.5045641449641237175, 0.5747151588659683563, 5.883654450522867840 ) ) ;
#3099 = ORIENTED_EDGE ( 'NONE', *, *, #4870, .F. ) ;
#3100 = CARTESIAN_POINT ( 'NONE',  ( 1.322475605676658228, -0.7635316469341327794, -0.6197916666666669627 ) ) ;
#3101 = CARTESIAN_POINT ( 'NONE',  ( 0.000000000000000000, 1.499999999999999778, -4.437499999999999112 ) ) ;
#3102 = CARTESIAN_POINT ( 'NONE',  ( -0.6785254037844375974, 1.175240473580834166, -5.708333333333333037 ) ) ;
#3103 = CARTESIAN_POINT ( 'NONE',  ( 0.6785254037844372643, -1.175240473580834166, 4.541666666666666963 ) ) ;
#3104 = EDGE_CURVE ( 'NONE', #4957, #2236, #3526, .T. ) ;
#3105 = CARTESIAN_POINT ( 'NONE',  ( -0.6785254037844375974, 1.175240473580834166, -0.7083333333333342585 ) ) ;
#3106 = CARTESIAN_POINT ( 'NONE',  ( -1.299038105676657784, 0.7500000000000001110, -4.916666666666666075 ) ) ;
#3107 = ORIENTED_EDGE ( 'NONE', *, *, #4415, .T. ) ;
#3108 = CARTESIAN_POINT ( 'NONE',  ( 1.732050807568876971, -2.931696182144386422E-16, -2.625000000000000444 ) ) ;
#3109 = CARTESIAN_POINT ( 'NONE',  ( -1.322475605676658450, 0.7635316469341323353, -3.369791666666666519 ) ) ;
#3110 = CARTESIAN_POINT ( 'NONE',  ( -1.017788105676656896, -0.5876202367904167501, -1.520833333333334147 ) ) ;
#3111 = CARTESIAN_POINT ( 'NONE',  ( -0.6785254037844380415, -1.175240473580833944, -3.041666666666666963 ) ) ;
#3112 = DIRECTION ( 'NONE',  ( 1.000000000000000000, 0.000000000000000000, 0.000000000000000000 ) ) ;
#3113 = CARTESIAN_POINT ( 'NONE',  ( -0.3749999999999955036, 0.6495190528383317785, 5.062500000000000000 ) ) ;
#3114 = ORIENTED_EDGE ( 'NONE', *, *, #3207, .T. ) ;
#3115 = APPROVAL_STATUS ( 'not_yet_approved' ) ;
#3116 = DIRECTION ( 'NONE',  ( -0.000000000000000000, 3.457852702097173358E-17, 1.000000000000000000 ) ) ;
#3117 = DIRECTION ( 'NONE',  ( -0.000000000000000000, 3.457852702097173358E-17, 1.000000000000000000 ) ) ;
#3118 = CARTESIAN_POINT ( 'NONE',  ( -0.6785254037844380415, -1.175240473580833944, 1.958333333333332815 ) ) ;
#3119 = CARTESIAN_POINT ( 'NONE',  ( 0.6785254037844372643, -1.175240473580834166, 3.604166666666665186 ) ) ;
#3120 = CARTESIAN_POINT ( 'NONE',  ( -0.8816504037844393737, -1.527063293868264005, 3.223958333333332149 ) ) ;
#3121 = CARTESIAN_POINT ( 'NONE',  ( -1.357050807568875417, 1.080983497915110492E-16, 2.937499999999998668 ) ) ;
#3122 = CARTESIAN_POINT ( 'NONE',  ( 0.000000000000000000, 1.558265636316165435E-17, -5.549354535729332127 ) ) ;
#3123 = ADVANCED_FACE ( 'NONE', ( #1095 ), #1874, .F. ) ;
#3124 = VECTOR ( 'NONE', #1029, 1000.000000000000000 ) ;
#3125 = ORIENTED_EDGE ( 'NONE', *, *, #2716, .F. ) ;
#3126 = AXIS2_PLACEMENT_3D ( 'NONE', #778, #10, #2819 ) ;
#3127 = CARTESIAN_POINT ( 'NONE',  ( -1.322475605676658450, 0.7635316469341323353, 0.1302083333333337312 ) ) ;
#3128 = CARTESIAN_POINT ( 'NONE',  ( 1.299038105676657562, -0.7500000000000005551, -3.166666666666667407 ) ) ;
#3129 = CARTESIAN_POINT ( 'NONE',  ( 1.732050807568876971, -2.931696182144386422E-16, 2.874999999999999112 ) ) ;
#3130 = AXIS2_PLACEMENT_3D ( 'NONE', #4148, #2142, #1757 ) ;
#3131 = CARTESIAN_POINT ( 'NONE',  ( 0.000000000000000000, 1.175240473580833944, -6.250000000000000000 ) ) ;
#3132 = CARTESIAN_POINT ( 'NONE',  ( 1.017788105676657118, 0.5876202367904160839, 4.666666666666666075 ) ) ;
#3133 = CARTESIAN_POINT ( 'NONE',  ( -1.357050807568875417, 1.080983497915110246E-16, -0.6250000000000005551 ) ) ;
#3134 = CONICAL_SURFACE ( 'NONE', #3569, 0.7500000000000000000, 0.7853981633974536081 ) ;
#3135 = ADVANCED_FACE ( 'NONE', ( #4368 ), #3864, .T. ) ;
#3136 = CARTESIAN_POINT ( 'NONE',  ( -1.732050807568876971, 1.310604772755240251E-16, 5.625000000000000000 ) ) ;
#3137 = EDGE_LOOP ( 'NONE', ( #5248, #2602, #969, #3610 ) ) ;
#3138 = CARTESIAN_POINT ( 'NONE',  ( 0.8660254037844393737, 1.499999999999999334, -2.541666666666667407 ) ) ;
#3139 = CARTESIAN_POINT ( 'NONE',  ( -1.763300807568877859, 1.329739878991918111E-16, -3.828125000000000000 ) ) ;
#3140 = CARTESIAN_POINT ( 'NONE',  ( -1.017788105676656674, 0.5876202367904170831, -0.6041666666666669627 ) ) ;
#3141 = CARTESIAN_POINT ( 'NONE',  ( 0.000000000000000000, 1.499999999999999778, 4.999999999999999112 ) ) ;
#3142 = ORIENTED_EDGE ( 'NONE', *, *, #2121, .T. ) ;
#3143 = B_SPLINE_CURVE_WITH_KNOTS ( 'NONE', 3,
 ( #91, #3787, #883, #2153, #4217, #2579, #3329, #2555, #4988, #4590, #4962, #2528, #457, #1714 ),
 .UNSPECIFIED., .F., .F.,
 ( 4, 2, 2, 2, 2, 2, 4 ),
 ( 0.000000000000000000, 0.0002922143139185907792, 0.0005844286278371815585, 0.001168857255674363117, 0.001753285883511544784, 0.002045500197430136051, 0.002337714511348726668 ),
 .UNSPECIFIED. ) ;
#3144 = DIRECTION ( 'NONE',  ( -0.000000000000000000, 3.457852702097173358E-17, 1.000000000000000000 ) ) ;
#3145 = CARTESIAN_POINT ( 'NONE',  ( 0.000000000000000000, 1.527063293868264227, 6.546875000000000000 ) ) ;
#3146 = CARTESIAN_POINT ( 'NONE',  ( 0.6785254037844384856, 1.175240473580833722, 1.208333333333333037 ) ) ;
#3147 = CARTESIAN_POINT ( 'NONE',  ( 1.017788105676657118, 0.5876202367904160839, 2.229166666666665630 ) ) ;
#3148 = CARTESIAN_POINT ( 'NONE',  ( 1.322475605676658228, -0.7635316469341327794, 4.848958333333333925 ) ) ;
#3149 = CARTESIAN_POINT ( 'NONE',  ( 1.017788105676656452, -0.5876202367904175272, 2.145833333333333037 ) ) ;
#3150 = FACE_OUTER_BOUND ( 'NONE', #4741, .T. ) ;
#3151 = ORIENTED_EDGE ( 'NONE', *, *, #807, .T. ) ;
#3152 = VECTOR ( 'NONE', #3978, 1000.000000000000000 ) ;
#3153 =( BOUNDED_CURVE ( )  B_SPLINE_CURVE ( 2, ( #309, #3588, #4410, #810, #356, #5260, #2019 ),
 .UNSPECIFIED., .F., .F. ) 
 B_SPLINE_CURVE_WITH_KNOTS ( ( 3, 2, 2, 3 ),
 ( 0.7592592592592590783, 0.7654320987654318342, 0.7716049382716047011, 0.7777777777777775681 ),
 .UNSPECIFIED. ) 
 CURVE ( )  GEOMETRIC_REPRESENTATION_ITEM ( )  RATIONAL_B_SPLINE_CURVE ( ( 1.000000000000004885, 0.8660254037844339337, 1.000000000000000000, 0.8660254037844387076, 1.000000000000000000, 0.8660254037844434816, 0.9999999999999952260 ) ) 
 REPRESENTATION_ITEM ( '' )  );
#3154 = CARTESIAN_POINT ( 'NONE',  ( -0.8816504037844387076, 1.527063293868264449, 0.08854166666666644925 ) ) ;
#3155 = CARTESIAN_POINT ( 'NONE',  ( -0.8816504037844387076, 1.527063293868264449, -4.442708333333333037 ) ) ;
#3156 = CARTESIAN_POINT ( 'NONE',  ( 1.357050807568875417, -2.242832357623997763E-16, -3.812500000000000444 ) ) ;
#3157 = CARTESIAN_POINT ( 'NONE',  ( 1.017788105676657118, 0.5876202367904160839, -3.833333333333333481 ) ) ;
#3158 = CARTESIAN_POINT ( 'NONE',  ( -1.357050807568875417, 1.080983497915110492E-16, 6.875000000000000000 ) ) ;
#3159 = CARTESIAN_POINT ( 'NONE',  ( 1.357050807568875417, -2.242832357623997763E-16, 0.6249999999999996669 ) ) ;
#3160 = CARTESIAN_POINT ( 'NONE',  ( -1.836970198721029688E-16, -1.499999999999999778, 1.812500000000001110 ) ) ;
#3161 = ORIENTED_EDGE ( 'NONE', *, *, #5017, .T. ) ;
#3162 = DIRECTION ( 'NONE',  ( 0.000000000000000000, -1.000000000000000000, 0.000000000000000000 ) ) ;
#3163 = CARTESIAN_POINT ( 'NONE',  ( -1.322475605676658672, -0.7635316469341317802, -2.786458333333333037 ) ) ;
#3164 = CARTESIAN_POINT ( 'NONE',  ( -0.6785254037844380415, -1.175240473580833944, -2.979166666666666519 ) ) ;
#3165 = CARTESIAN_POINT ( 'NONE',  ( 0.000000000000000000, 1.499999999999999778, -4.937499999999998224 ) ) ;
#3166 = DIRECTION ( 'NONE',  ( -1.000000000000000000, -1.251928832280966188E-16, 0.000000000000000000 ) ) ;
#3167 = ORIENTED_EDGE ( 'NONE', *, *, #2163, .T. ) ;
#3168 = EDGE_CURVE ( 'NONE', #2324, #801, #324, .T. ) ;
#3169 = PERSON_AND_ORGANIZATION_ROLE ( 'creator' ) ;
#3170 = DIRECTION ( 'NONE',  ( 0.000000000000000000, -1.000000000000000000, 0.000000000000000000 ) ) ;
#3171 = CARTESIAN_POINT ( 'NONE',  ( -1.322475605676658672, -0.7635316469341317802, 6.713541666666666963 ) ) ;
#3172 = CARTESIAN_POINT ( 'NONE',  ( 1.357050807568875417, -2.242832357623997763E-16, 1.624999999999999778 ) ) ;
#3173 = CARTESIAN_POINT ( 'NONE',  ( 0.000000000000000000, 1.175240473580833944, 1.812499999999999778 ) ) ;
#3174 = CARTESIAN_POINT ( 'NONE',  ( 1.322475605676658228, -0.7635316469341327794, 2.848958333333333481 ) ) ;
#3175 = CARTESIAN_POINT ( 'NONE',  ( -1.357050807568875417, 1.080983497915110492E-16, 4.437499999999998224 ) ) ;
#3176 = CARTESIAN_POINT ( 'NONE',  ( -0.1185178268629916570, 0.7975991045413211022, 5.937402991910154526 ) ) ;
#3177 = EDGE_CURVE ( 'NONE', #4000, #2359, #2116, .T. ) ;
#3178 = VERTEX_POINT ( 'NONE', #597 ) ;
#3179 = VERTEX_POINT ( 'NONE', #542 ) ;
#3180 =( BOUNDED_CURVE ( )  B_SPLINE_CURVE ( 2, ( #1282, #1738, #2551, #4984, #4187, #4240, #3008 ),
 .UNSPECIFIED., .F., .F. ) 
 B_SPLINE_CURVE_WITH_KNOTS ( ( 3, 2, 2, 3 ),
 ( 0.2185322115030218226, 0.2247050510091946895, 0.2308778905153675565, 0.2370507300215404234 ),
 .UNSPECIFIED. ) 
 CURVE ( )  GEOMETRIC_REPRESENTATION_ITEM ( )  RATIONAL_B_SPLINE_CURVE ( ( 1.000000000000000000, 0.8660254037844387076, 1.000000000000000000, 0.8660254037844387076, 1.000000000000000000, 0.8660254037844387076, 1.000000000000000000 ) ) 
 REPRESENTATION_ITEM ( '' )  );
#3181 = CARTESIAN_POINT ( 'NONE',  ( -1.322475605676658672, -0.7635316469341317802, 0.7135416666666669627 ) ) ;
#3182 = CARTESIAN_POINT ( 'NONE',  ( 1.322475605676658228, -0.7635316469341327794, -3.151041666666666963 ) ) ;
#3183 = CARTESIAN_POINT ( 'NONE',  ( -1.357050807568875417, 1.080983497915110492E-16, -3.562500000000000444 ) ) ;
#3184 = AXIS2_PLACEMENT_3D ( 'NONE', #1198, #5199, #1575 ) ;
#3185 = CARTESIAN_POINT ( 'NONE',  ( 0.6785254037844372643, -1.175240473580834166, -3.458333333333333925 ) ) ;
#3186 = CARTESIAN_POINT ( 'NONE',  ( 0.000000000000000000, 1.175240473580833944, 6.749999999999999112 ) ) ;
#3187 = CARTESIAN_POINT ( 'NONE',  ( 0.6785254037844383745, 1.175240473580833500, 2.708333333333333481 ) ) ;
#3188 = CARTESIAN_POINT ( 'NONE',  ( -0.8660254037844383745, 1.499999999999999778, -4.958333333333333925 ) ) ;
#3189 = ORIENTED_EDGE ( 'NONE', *, *, #240, .F. ) ;
#3190 = CARTESIAN_POINT ( 'NONE',  ( -0.8816504037844387076, 1.527063293868264449, -1.911458333333332815 ) ) ;
#3191 = CARTESIAN_POINT ( 'NONE',  ( -1.017788105676656674, 0.5876202367904170831, -3.104166666666666963 ) ) ;
#3192 = CARTESIAN_POINT ( 'NONE',  ( 0.8660254037844291597, -1.500000000000016209, -4.145833333333334814 ) ) ;
#3193 = CARTESIAN_POINT ( 'NONE',  ( -0.8660254037844569153, -1.499999999999968248, 2.770833333333331705 ) ) ;
#3194 = ORIENTED_EDGE ( 'NONE', *, *, #5293, .F. ) ;
#3195 = CARTESIAN_POINT ( 'NONE',  ( -1.299038105676658006, -0.7499999999999995559, -4.770833333333333925 ) ) ;
#3196 = CARTESIAN_POINT ( 'NONE',  ( 0.6785254037844384856, 1.175240473580833722, 3.208333333333332149 ) ) ;
#3197 = CARTESIAN_POINT ( 'NONE',  ( 1.357050807568875417, -2.242832357623997763E-16, 4.187499999999998224 ) ) ;
#3198 = CARTESIAN_POINT ( 'NONE',  ( -0.8816504037844387076, 1.527063293868264449, 4.057291666666665186 ) ) ;
#3199 = CARTESIAN_POINT ( 'NONE',  ( 1.017788105676656452, -0.5876202367904175272, 3.645833333333332593 ) ) ;
#3200 = CARTESIAN_POINT ( 'NONE',  ( -0.8234078741658947820, -0.8385640366150367564, 5.999999999999922728 ) ) ;
#3201 = ORIENTED_EDGE ( 'NONE', *, *, #2679, .F. ) ;
#3202 = CARTESIAN_POINT ( 'NONE',  ( -1.299038105676658006, -0.7499999999999995559, 5.166666666666666075 ) ) ;
#3203 = CARTESIAN_POINT ( 'NONE',  ( -1.870113174931183868E-16, -1.527063293868264227, 1.796875000000000666 ) ) ;
#3204 = CARTESIAN_POINT ( 'NONE',  ( -1.218332959174029284, 0.7666105393191803286, -5.317658770864017725 ) ) ;
#3205 = CARTESIAN_POINT ( 'NONE',  ( 1.322475605676658228, -0.7635316469341327794, -5.151041666666666963 ) ) ;
#3206 = CARTESIAN_POINT ( 'NONE',  ( -0.6785254037844380415, -1.175240473580833944, -4.479166666666666963 ) ) ;
#3207 = EDGE_CURVE ( 'NONE', #698, #4193, #3592, .T. ) ;
#3208 =( BOUNDED_CURVE ( )  B_SPLINE_CURVE ( 2, ( #1681, #2441, #2413, #3729, #4047, #878, #2122 ),
 .UNSPECIFIED., .F., .F. ) 
 B_SPLINE_CURVE_WITH_KNOTS ( ( 3, 2, 2, 3 ),
 ( 0.6481481481481480289, 0.6543209876543208958, 0.6604938271604937627, 0.6666666666666665186 ),
 .UNSPECIFIED. ) 
 CURVE ( )  GEOMETRIC_REPRESENTATION_ITEM ( )  RATIONAL_B_SPLINE_CURVE ( ( 1.000000000000002442, 0.8660254037844362651, 1.000000000000000000, 0.8660254037844387076, 1.000000000000000000, 0.8660254037844411501, 0.9999999999999975575 ) ) 
 REPRESENTATION_ITEM ( '' )  );
#3209 = AXIS2_PLACEMENT_3D ( 'NONE', #3033, #533, #1365 ) ;
#3210 = B_SPLINE_CURVE_WITH_KNOTS ( 'NONE', 3,
 ( #2865, #297, #2815, #421, #4954, #876, #4928, #2520, #2061, #3806, #1362, #2545 ),
 .UNSPECIFIED., .F., .F.,
 ( 4, 2, 2, 2, 2, 4 ),
 ( 0.002351753624110138833, 0.003140343132381135435, 0.003928932640652131603, 0.004717522148923128204, 0.005111816903058626071, 0.005506111657194124806 ),
 .UNSPECIFIED. ) ;
#3211 = CARTESIAN_POINT ( 'NONE',  ( 1.017788105676656452, -0.5876202367904175272, -2.416666666666667407 ) ) ;
#3212 = CARTESIAN_POINT ( 'NONE',  ( -0.6785254037844380415, -1.175240473580833944, 5.958333333333333037 ) ) ;
#3213 = PRODUCT_DEFINITION_FORMATION_WITH_SPECIFIED_SOURCE ( 'ANY', '', #900, .NOT_KNOWN. ) ;
#3214 = EDGE_CURVE ( 'NONE', #326, #1393, #3558, .T. ) ;
#3215 = PLANE ( 'NONE',  #2522 ) ;
#3216 = ORIENTED_EDGE ( 'NONE', *, *, #4184, .F. ) ;
#3217 = CARTESIAN_POINT ( 'NONE',  ( 0.000000000000000000, 1.175240473580833944, -2.187500000000000000 ) ) ;
#3218 = CARTESIAN_POINT ( 'NONE',  ( 1.732050807568876971, -2.931696182144386422E-16, 3.875000000000000000 ) ) ;
#3219 = CARTESIAN_POINT ( 'NONE',  ( 0.1178881900928725607, 0.7979626255000402679, 5.931937221714401076 ) ) ;
#3220 = VERTEX_POINT ( 'NONE', #3091 ) ;
#3221 = CARTESIAN_POINT ( 'NONE',  ( 0.000000000000000000, 1.175240473580833944, 1.249999999999999334 ) ) ;
#3222 = CARTESIAN_POINT ( 'NONE',  ( -1.299038105676657784, 0.7500000000000001110, -4.854166666666666075 ) ) ;
#3223 = CARTESIAN_POINT ( 'NONE',  ( 0.000000000000000000, 1.499999999999999778, 0.4999999999999992784 ) ) ;
#3224 = CARTESIAN_POINT ( 'NONE',  ( 1.017788105676656452, -0.5876202367904175272, 5.583333333333332149 ) ) ;
#3225 = CARTESIAN_POINT ( 'NONE',  ( -1.017788105676656674, 0.5876202367904170831, 4.895833333333332149 ) ) ;
#3226 = CARTESIAN_POINT ( 'NONE',  ( -1.322475605676658672, -0.7635316469341317802, 4.182291666666666075 ) ) ;
#3227 = CARTESIAN_POINT ( 'NONE',  ( -0.6785254037844375974, 1.175240473580834166, 2.354166666666665630 ) ) ;
#3228 = CARTESIAN_POINT ( 'NONE',  ( -1.299038105676658006, -0.7499999999999995559, -1.833333333333333925 ) ) ;
#3229 = ORIENTED_EDGE ( 'NONE', *, *, #1603, .F. ) ;
#3230 = CARTESIAN_POINT ( 'NONE',  ( 1.017788105676656452, -0.5876202367904175272, 6.145833333333333037 ) ) ;
#3231 = ORIENTED_EDGE ( 'NONE', *, *, #904, .F. ) ;
#3232 = CARTESIAN_POINT ( 'NONE',  ( -1.870113174931183868E-16, -1.527063293868264227, 2.296874999999999556 ) ) ;
#3233 = ADVANCED_FACE ( 'NONE', ( #2184 ), #4855, .F. ) ;
#3234 = CARTESIAN_POINT ( 'NONE',  ( 1.836970198721029688E-16, 1.499999999999999778, -5.549354535729332127 ) ) ;
#3235 = CARTESIAN_POINT ( 'NONE',  ( -0.8816504037844393737, -1.527063293868264005, -5.276041666666666963 ) ) ;
#3236 = CARTESIAN_POINT ( 'NONE',  ( 1.017788105676657118, 0.5876202367904160839, -5.270833333333333925 ) ) ;
#3237 = VECTOR ( 'NONE', #2203, 1000.000000000000000 ) ;
#3238 = EDGE_CURVE ( 'NONE', #2010, #771, #3847, .T. ) ;
#3239 = CARTESIAN_POINT ( 'NONE',  ( -1.439254484199187653E-16, -1.175240473580833944, -4.500000000000000888 ) ) ;
#3240 = CARTESIAN_POINT ( 'NONE',  ( 0.6785254037844384856, 1.175240473580833722, 6.708333333333332149 ) ) ;
#3241 = CARTESIAN_POINT ( 'NONE',  ( -1.299038105676657784, 0.7500000000000001110, 3.583333333333332593 ) ) ;
#3242 = VERTEX_POINT ( 'NONE', #570 ) ;
#3243 = CARTESIAN_POINT ( 'NONE',  ( 1.017788105676657118, 0.5876202367904160839, 0.7291666666666661856 ) ) ;
#3244 = DIRECTION ( 'NONE',  ( 1.000000000000000000, 0.000000000000000000, -0.000000000000000000 ) ) ;
#3245 = CARTESIAN_POINT ( 'NONE',  ( 0.5073539086306209089, 0.5731044880621406490, 5.896302034393392510 ) ) ;
#3246 = ORIENTED_EDGE ( 'NONE', *, *, #3764, .F. ) ;
#3247 = CARTESIAN_POINT ( 'NONE',  ( -1.439254484199187653E-16, -1.175240473580833944, 0.4999999999999995559 ) ) ;
#3248 = CARTESIAN_POINT ( 'NONE',  ( -1.836970198721029688E-16, -1.499999999999999778, 5.312500000000000000 ) ) ;
#3249 = VERTEX_POINT ( 'NONE', #4674 ) ;
#3250 = DIRECTION ( 'NONE',  ( 0.000000000000000000, -1.000000000000000000, 0.000000000000000000 ) ) ;
#3251 = CARTESIAN_POINT ( 'NONE',  ( -0.6785254037844375974, 1.175240473580834166, 4.791666666666666963 ) ) ;
#3252 = CARTESIAN_POINT ( 'NONE',  ( -1.017788105676656674, 0.5876202367904170831, 5.395833333333332149 ) ) ;
#3253 = CARTESIAN_POINT ( 'NONE',  ( 1.763300807568877859, -2.989101500854420495E-16, 6.390624999999998224 ) ) ;
#3254 = CARTESIAN_POINT ( 'NONE',  ( 0.6785254037844384856, 1.175240473580833722, 6.770833333333332149 ) ) ;
#3255 = FACE_OUTER_BOUND ( 'NONE', #4032, .T. ) ;
#3256 = ORIENTED_EDGE ( 'NONE', *, *, #4776, .T. ) ;
#3257 = CARTESIAN_POINT ( 'NONE',  ( -1.357050807568875417, 1.080983497915110492E-16, 5.937500000000000000 ) ) ;
#3258 = CARTESIAN_POINT ( 'NONE',  ( -0.8660254037844391517, -1.499999999999999334, 5.208333333333331261 ) ) ;
#3259 = CARTESIAN_POINT ( 'NONE',  ( 1.017788105676656452, -0.5876202367904175272, -2.416666666666667407 ) ) ;
#3260 = CARTESIAN_POINT ( 'NONE',  ( -1.763300807568877859, 1.329739878991918111E-16, 1.671875000000000888 ) ) ;
#3261 = LOCAL_TIME ( 7, 20, 18.00000000000000000, #275 ) ;
#3262 = DIRECTION ( 'NONE',  ( -0.000000000000000000, -0.000000000000000000, 1.000000000000000000 ) ) ;
#3263 = CARTESIAN_POINT ( 'NONE',  ( -1.870113174931183868E-16, -1.527063293868264227, -0.7343750000000006661 ) ) ;
#3264 = CARTESIAN_POINT ( 'NONE',  ( 0.000000000000000000, 1.175240473580833944, -4.187500000000000000 ) ) ;
#3265 = CARTESIAN_POINT ( 'NONE',  ( -1.017788105676656674, 0.5876202367904170831, -3.666666666666666963 ) ) ;
#3266 = DIRECTION ( 'NONE',  ( -0.000000000000000000, 3.457852702097173358E-17, 1.000000000000000000 ) ) ;
#3267 = VECTOR ( 'NONE', #4860, 1000.000000000000000 ) ;
#3268 = CARTESIAN_POINT ( 'NONE',  ( 0.000000000000000000, 1.499999999999999778, -4.000000000000000000 ) ) ;
#3269 = ORIENTED_EDGE ( 'NONE', *, *, #240, .T. ) ;
#3270 = EDGE_CURVE ( 'NONE', #3461, #1765, #4275, .T. ) ;
#3271 = CARTESIAN_POINT ( 'NONE',  ( 0.000000000000000000, 1.175240473580833944, -0.1875000000000001665 ) ) ;
#3272 = CARTESIAN_POINT ( 'NONE',  ( -1.836970198721029688E-16, -1.499999999999999778, -2.250000000000000888 ) ) ;
#3273 = DIRECTION ( 'NONE',  ( 0.000000000000000000, 0.000000000000000000, 1.000000000000000000 ) ) ;
#3274 = ORIENTED_EDGE ( 'NONE', *, *, #2566, .F. ) ;
#3275 = CARTESIAN_POINT ( 'NONE',  ( -1.439254484199187653E-16, -1.175240473580833944, -8.673617379884035472E-16 ) ) ;
#3276 = CARTESIAN_POINT ( 'NONE',  ( 0.000000000000000000, -1.499999999999999778, -5.549354535729332127 ) ) ;
#3277 = ORIENTED_EDGE ( 'NONE', *, *, #819, .F. ) ;
#3278 = CARTESIAN_POINT ( 'NONE',  ( -1.836970198721029688E-16, -1.499999999999999778, -0.1874999999999998612 ) ) ;
#3279 = CARTESIAN_POINT ( 'NONE',  ( -1.439254484199187653E-16, -1.175240473580833944, 3.499999999999999556 ) ) ;
#3280 = CARTESIAN_POINT ( 'NONE',  ( -0.8975687627015596082, -1.235432159085307680, 7.215248736333156110 ) ) ;
#3281 = CARTESIAN_POINT ( 'NONE',  ( 0.6785254037844372643, -1.175240473580834166, 5.604166666666665186 ) ) ;
#3282 = ORIENTED_EDGE ( 'NONE', *, *, #4154, .F. ) ;
#3283 = CYLINDRICAL_SURFACE ( 'NONE', #1755, 1.499999999999999778 ) ;
#3284 = CARTESIAN_POINT ( 'NONE',  ( -1.017788105676656674, 0.5876202367904170831, -4.604166666666666963 ) ) ;
#3285 = ADVANCED_FACE ( 'NONE', ( #517 ), #3017, .T. ) ;
#3286 = CARTESIAN_POINT ( 'NONE',  ( 1.017788105676657118, 0.5876202367904160839, -2.833333333333333925 ) ) ;
#3287 = CARTESIAN_POINT ( 'NONE',  ( 1.763300807568877859, -2.989101500854420495E-16, 2.921875000000000000 ) ) ;
#3288 = CARTESIAN_POINT ( 'NONE',  ( 0.000000000000000000, 1.558265636316165435E-17, -5.549354535729332127 ) ) ;
#3289 = CARTESIAN_POINT ( 'NONE',  ( -1.322475605676658450, 0.7635316469341323353, -2.401041666666666963 ) ) ;
#3290 = CARTESIAN_POINT ( 'NONE',  ( 0.000000000000000000, 1.175240473580833944, -2.187500000000000000 ) ) ;
#3291 = CARTESIAN_POINT ( 'NONE',  ( 0.000000000000000000, 1.175240473580833944, 2.749999999999999112 ) ) ;
#3292 = CARTESIAN_POINT ( 'NONE',  ( -1.439254484199187653E-16, -1.175240473580833944, -0.5000000000000004441 ) ) ;
#3293 = PLANE ( 'NONE',  #3130 ) ;
#3294 = CARTESIAN_POINT ( 'NONE',  ( -1.836970198721029688E-16, -1.499999999999999778, -4.250000000000000888 ) ) ;
#3295 = AXIS2_PLACEMENT_3D ( 'NONE', #4233, #3001, #4362 ) ;
#3296 = CARTESIAN_POINT ( 'NONE',  ( -1.439254484199187653E-16, -1.175240473580833944, 2.062500000000000000 ) ) ;
#3297 = CARTESIAN_POINT ( 'NONE',  ( -1.439254484199187653E-16, -1.175240473580833944, -5.500000000000000888 ) ) ;
#3298 = EDGE_CURVE ( 'NONE', #2300, #2664, #465, .T. ) ;
#3299 = CARTESIAN_POINT ( 'NONE',  ( -0.6785254037844375974, 1.175240473580834166, 2.291666666666665630 ) ) ;
#3300 = CARTESIAN_POINT ( 'NONE',  ( 1.096711238208495060E-16, -0.8660254037844383745, 5.062500000000000000 ) ) ;
#3301 = ORIENTED_EDGE ( 'NONE', *, *, #59, .T. ) ;
#3302 = CARTESIAN_POINT ( 'NONE',  ( -1.732050807568876971, 1.310604772755240004E-16, 0.6875000000000001110 ) ) ;
#3303 = CARTESIAN_POINT ( 'NONE',  ( -1.357050807568875417, 1.080983497915110492E-16, 3.874999999999999556 ) ) ;
#3304 = CARTESIAN_POINT ( 'NONE',  ( 0.8816504037844398178, 1.527063293868264005, 5.473958333333331261 ) ) ;
#3305 = CARTESIAN_POINT ( 'NONE',  ( 0.6785254037844372643, -1.175240473580834166, 4.604166666666666075 ) ) ;
#3306 = CARTESIAN_POINT ( 'NONE',  ( -1.836970198721029688E-16, -1.499999999999999778, -0.2500000000000006106 ) ) ;
#3307 = VERTEX_POINT ( 'NONE', #1746 ) ;
#3308 = CARTESIAN_POINT ( 'NONE',  ( 0.6785254037844372643, -1.175240473580834166, 6.604166666666666075 ) ) ;
#3309 = CARTESIAN_POINT ( 'NONE',  ( -1.017788105676656896, -0.5876202367904167501, -4.020833333333333925 ) ) ;
#3310 = CARTESIAN_POINT ( 'NONE',  ( 1.357050807568875417, -2.242832357623997763E-16, -2.875000000000000444 ) ) ;
#3311 = CARTESIAN_POINT ( 'NONE',  ( -0.8816504037844387076, 1.527063293868264449, 3.088541666666667851 ) ) ;
#3312 = CARTESIAN_POINT ( 'NONE',  ( 0.000000000000000000, 1.175240473580833944, 5.812500000000000000 ) ) ;
#3313 = CARTESIAN_POINT ( 'NONE',  ( -1.322475605676658450, 0.7635316469341323353, -2.901041666666666963 ) ) ;
#3314 = CARTESIAN_POINT ( 'NONE',  ( 1.017788105676656452, -0.5876202367904175272, -0.8541666666666671848 ) ) ;
#3315 = CARTESIAN_POINT ( 'NONE',  ( 0.000000000000000000, 1.175240473580833944, 1.249999999999999334 ) ) ;
#3316 = CARTESIAN_POINT ( 'NONE',  ( -0.6785254037844380415, -1.175240473580833722, -3.479166666666666963 ) ) ;
#3317 = CARTESIAN_POINT ( 'NONE',  ( -1.439254484199187653E-16, -1.175240473580833944, -1.500000000000000444 ) ) ;
#3318 = CARTESIAN_POINT ( 'NONE',  ( 0.000000000000000000, -1.336911000032896764E-15, 6.000000000000000000 ) ) ;
#3319 =( BOUNDED_CURVE ( )  B_SPLINE_CURVE ( 2, ( #2837, #1276, #820, #4470, #794, #4068, #2464 ),
 .UNSPECIFIED., .F., .F. ) 
 B_SPLINE_CURVE_WITH_KNOTS ( ( 3, 2, 2, 3 ),
 ( 0.4259259259259258190, 0.4320987654320986304, 0.4382716049382715529, 0.4444444444444443643 ),
 .UNSPECIFIED. ) 
 CURVE ( )  GEOMETRIC_REPRESENTATION_ITEM ( )  RATIONAL_B_SPLINE_CURVE ( ( 1.000000000000002442, 0.8660254037844362651, 1.000000000000000000, 0.8660254037844387076, 1.000000000000000000, 0.8660254037844399289, 0.9999999999999987788 ) ) 
 REPRESENTATION_ITEM ( '' )  );
#3320 = CARTESIAN_POINT ( 'NONE',  ( -0.6785254037844380415, -1.175240473580833944, 0.02083333333333277360 ) ) ;
#3321 = CARTESIAN_POINT ( 'NONE',  ( -1.299038105676658006, -0.7499999999999995559, 3.229166666666667851 ) ) ;
#3322 = CARTESIAN_POINT ( 'NONE',  ( 0.6785254037844383745, 1.175240473580833500, -3.291666666666666963 ) ) ;
#3323 = DIRECTION ( 'NONE',  ( 0.000000000000000000, -1.000000000000000000, 0.000000000000000000 ) ) ;
#3324 = EDGE_LOOP ( 'NONE', ( #2714, #483, #5221 ) ) ;
#3325 = CARTESIAN_POINT ( 'NONE',  ( 1.732050807568876971, -2.931696182144386422E-16, -1.562499999999999334 ) ) ;
#3326 = CARTESIAN_POINT ( 'NONE',  ( 0.6785254037844372643, -1.175240473580834166, 6.041666666666665186 ) ) ;
#3327 = CARTESIAN_POINT ( 'NONE',  ( -0.8816504037844393737, -1.527063293868264005, 6.223958333333333925 ) ) ;
#3328 = CARTESIAN_POINT ( 'NONE',  ( 0.000000000000000000, 1.175240473580833944, 4.812499999999999112 ) ) ;
#3329 = CARTESIAN_POINT ( 'NONE',  ( -0.8622187675966158649, -1.084922887341959630, -5.377398409321389572 ) ) ;
#3330 = CARTESIAN_POINT ( 'NONE',  ( 0.8660254037844393737, 1.499999999999999334, 5.458333333333331261 ) ) ;
#3331 = ORIENTED_EDGE ( 'NONE', *, *, #2057, .F. ) ;
#3332 = CARTESIAN_POINT ( 'NONE',  ( 0.000000000000000000, 1.175240473580833944, 5.812500000000000000 ) ) ;
#3333 = CARTESIAN_POINT ( 'NONE',  ( 0.6785254037844372643, -1.175240473580834166, -4.395833333333333037 ) ) ;
#3334 = CARTESIAN_POINT ( 'NONE',  ( -1.439254484199187653E-16, -1.175240473580833944, -2.000000000000000888 ) ) ;
#3335 = CARTESIAN_POINT ( 'NONE',  ( 1.322475605676658228, -0.7635316469341327794, 4.380208333333333925 ) ) ;
#3336 = CARTESIAN_POINT ( 'NONE',  ( -0.6785254037844380415, -1.175240473580833722, 1.020833333333332815 ) ) ;
#3337 = CARTESIAN_POINT ( 'NONE',  ( -1.763300807568877859, 1.329739878991918111E-16, -0.3593750000000003331 ) ) ;
#3338 = CARTESIAN_POINT ( 'NONE',  ( 1.017788105676657118, 0.5876202367904160839, -1.270833333333333925 ) ) ;
#3339 = LINE ( 'NONE', #1297, #3124 ) ;
#3340 = EDGE_CURVE ( 'NONE', #2673, #326, #1374, .T. ) ;
#3341 = CARTESIAN_POINT ( 'NONE',  ( 1.357050807568875417, -2.242832357623997763E-16, 2.624999999999998668 ) ) ;
#3342 = CARTESIAN_POINT ( 'NONE',  ( -1.017788105676656674, 0.5876202367904170831, -3.104166666666666963 ) ) ;
#3343 = APPROVAL_PERSON_ORGANIZATION ( #1529, #1, #2715 ) ;
#3344 = CARTESIAN_POINT ( 'NONE',  ( -0.6785254037844380415, -1.175240473580833944, -1.041666666666667407 ) ) ;
#3345 = CARTESIAN_POINT ( 'NONE',  ( 0.7500000000000000000, 0.4330127018922177440, 6.000000000000000000 ) ) ;
#3346 =( BOUNDED_CURVE ( )  B_SPLINE_CURVE ( 2, ( #2277, #4309, #2676, #4286, #1387, #3483, #2650 ),
 .UNSPECIFIED., .F., .F. ) 
 B_SPLINE_CURVE_WITH_KNOTS ( ( 3, 2, 2, 3 ),
 ( 0.3296433226141329831, 0.3358161621203058500, 0.3419890016264786059, 0.3481618411326514728 ),
 .UNSPECIFIED. ) 
 CURVE ( )  GEOMETRIC_REPRESENTATION_ITEM ( )  RATIONAL_B_SPLINE_CURVE ( ( 1.000000000000000000, 0.8660254037844387076, 1.000000000000000000, 0.8660254037844387076, 1.000000000000000000, 0.8660254037844387076, 1.000000000000000000 ) ) 
 REPRESENTATION_ITEM ( '' )  );
#3347 = AXIS2_PLACEMENT_3D ( 'NONE', #198, #5148, #4772 ) ;
#3348 = CARTESIAN_POINT ( 'NONE',  ( -1.162453265119452794, 0.1728946996169233585, -5.574759526419172495 ) ) ;
#3349 = CARTESIAN_POINT ( 'NONE',  ( 1.017788105676657118, 0.5876202367904160839, 2.729166666666666075 ) ) ;
#3350 = CARTESIAN_POINT ( 'NONE',  ( -0.8660254037844479225, -1.499999999999983569, 3.270833333333332593 ) ) ;
#3351 = CARTESIAN_POINT ( 'NONE',  ( -1.017788105676656674, 0.5876202367904170831, -3.166666666666666963 ) ) ;
#3352 = CARTESIAN_POINT ( 'NONE',  ( -1.299038105676658006, -0.7499999999999995559, -0.2708333333333326487 ) ) ;
#3353 = VERTEX_POINT ( 'NONE', #2211 ) ;
#3354 = CARTESIAN_POINT ( 'NONE',  ( 1.732050807568876971, -2.931696182144386422E-16, 0.3749999999999991118 ) ) ;
#3355 = CARTESIAN_POINT ( 'NONE',  ( -1.322475605676658672, -0.7635316469341317802, -4.786458333333333925 ) ) ;
#3356 = CARTESIAN_POINT ( 'NONE',  ( 1.763300807568877859, -2.989101500854420495E-16, 6.890625000000000000 ) ) ;
#3357 = CARTESIAN_POINT ( 'NONE',  ( 1.357050807568875417, -2.242832357623997763E-16, 6.187499999999999112 ) ) ;
#3358 = CARTESIAN_POINT ( 'NONE',  ( -0.8660254037844391517, -1.499999999999999334, -3.791666666666667407 ) ) ;
#3359 = CARTESIAN_POINT ( 'NONE',  ( 0.000000000000000000, 1.499999999999999778, 4.499999999999999112 ) ) ;
#3360 = ORIENTED_EDGE ( 'NONE', *, *, #5268, .F. ) ;
#3361 = DATE_AND_TIME ( #3765, #2786 ) ;
#3362 = CARTESIAN_POINT ( 'NONE',  ( -1.017788105676656896, -0.5876202367904167501, -1.083333333333333703 ) ) ;
#3363 = CARTESIAN_POINT ( 'NONE',  ( 1.763300807568877859, -2.989101500854420495E-16, 4.421874999999999112 ) ) ;
#3364 = CARTESIAN_POINT ( 'NONE',  ( -1.439254484199187653E-16, -1.175240473580833944, -0.4375000000000003886 ) ) ;
#3365 = CARTESIAN_POINT ( 'NONE',  ( 0.000000000000000000, 1.527063293868264227, -2.484375000000000000 ) ) ;
#3366 = CARTESIAN_POINT ( 'NONE',  ( -0.6785254037844375974, 1.175240473580834166, -3.145833333333333925 ) ) ;
#3367 = DIRECTION ( 'NONE',  ( -0.5000000000000003331, 0.8660254037844385966, 0.000000000000000000 ) ) ;
#3368 = CARTESIAN_POINT ( 'NONE',  ( -1.017788105676656896, -0.5876202367904167501, 4.416666666666666075 ) ) ;
#3369 = CARTESIAN_POINT ( 'NONE',  ( 0.6785254037844383745, 1.175240473580833500, -2.729166666666666963 ) ) ;
#3370 = ADVANCED_FACE ( 'NONE', ( #4298 ), #944, .T. ) ;
#3371 = CARTESIAN_POINT ( 'NONE',  ( 0.000000000000000000, 1.175240473580833944, 0.2499999999999993616 ) ) ;
#3372 = CARTESIAN_POINT ( 'NONE',  ( 1.233329224609855501, 0.4812045193538715404, -5.428866830246248831 ) ) ;
#3373 = CARTESIAN_POINT ( 'NONE',  ( 0.6443298834483571769, -1.071139113885539507, 6.000000000000052403 ) ) ;
#3374 = CARTESIAN_POINT ( 'NONE',  ( -0.6785254037844375974, 1.175240473580834166, 3.854166666666665630 ) ) ;
#3375 = CARTESIAN_POINT ( 'NONE',  ( -1.299038105676658006, -0.7499999999999995559, -1.270833333333332815 ) ) ;
#3376 = CARTESIAN_POINT ( 'NONE',  ( -1.439254484199187653E-16, -1.175240473580833944, -4.500000000000000888 ) ) ;
#3377 = EDGE_CURVE ( 'NONE', #1254, #4513, #97, .T. ) ;
#3378 =( BOUNDED_CURVE ( )  B_SPLINE_CURVE ( 2, ( #3731, #62, #1683, #3325, #4958, #2124, #3757 ),
 .UNSPECIFIED., .F., .F. ) 
 B_SPLINE_CURVE_WITH_KNOTS ( ( 3, 2, 2, 3 ),
 ( 0.3518518518518517491, 0.3580246913580245605, 0.3641975308641974829, 0.3703703703703702943 ),
 .UNSPECIFIED. ) 
 CURVE ( )  GEOMETRIC_REPRESENTATION_ITEM ( )  RATIONAL_B_SPLINE_CURVE ( ( 1.000000000000002442, 0.8660254037844362651, 1.000000000000000000, 0.8660254037844387076, 1.000000000000000000, 0.8660254037844399289, 0.9999999999999987788 ) ) 
 REPRESENTATION_ITEM ( '' )  );
#3379 = CARTESIAN_POINT ( 'NONE',  ( 0.000000000000000000, 1.499999999999999778, -0.9374999999999997780 ) ) ;
#3380 = VERTEX_POINT ( 'NONE', #752 ) ;
#3381 = LINE ( 'NONE', #5011, #4604 ) ;
#3382 = CARTESIAN_POINT ( 'NONE',  ( -1.017788105676656674, 0.5876202367904170831, 6.333333333333333037 ) ) ;
#3383 = CARTESIAN_POINT ( 'NONE',  ( 0.6785254037844372643, -1.175240473580834166, -5.395833333333333925 ) ) ;
#3384 = CARTESIAN_POINT ( 'NONE',  ( -1.357050807568875417, 1.080983497915110492E-16, -5.125000000000000888 ) ) ;
#3385 = CARTESIAN_POINT ( 'NONE',  ( -1.836970198721029688E-16, -1.499999999999999778, 1.249999999999998890 ) ) ;
#3386 = CARTESIAN_POINT ( 'NONE',  ( 0.000000000000000000, 1.499999999999999778, 4.062499999999999112 ) ) ;
#3387 = AXIS2_PLACEMENT_3D ( 'NONE', #70, #1691, #4965 ) ;
#3388 = ORIENTED_EDGE ( 'NONE', *, *, #4577, .T. ) ;
#3389 = PERSON_AND_ORGANIZATION ( #3890, #3642 ) ;
#3390 = CARTESIAN_POINT ( 'NONE',  ( -0.1178881900928704651, -0.7979626255000419333, 5.931937221714400188 ) ) ;
#3391 = CARTESIAN_POINT ( 'NONE',  ( 1.322475605676659116, 0.7635316469341311141, 3.963541666666666519 ) ) ;
#3392 = CARTESIAN_POINT ( 'NONE',  ( -1.017788105676656674, 0.5876202367904170831, -0.1041666666666673374 ) ) ;
#3393 = CARTESIAN_POINT ( 'NONE',  ( -1.322475605676658450, 0.7635316469341323353, 1.598958333333333259 ) ) ;
#3394 = CARTESIAN_POINT ( 'NONE',  ( -0.6785254037844380415, -1.175240473580833944, -1.479166666666666741 ) ) ;
#3395 = FACE_OUTER_BOUND ( 'NONE', #11, .T. ) ;
#3396 = CARTESIAN_POINT ( 'NONE',  ( -1.017788105676656896, -0.5876202367904167501, 5.416666666666665186 ) ) ;
#3397 = CARTESIAN_POINT ( 'NONE',  ( 0.6785254037844383745, 1.175240473580833500, -3.229166666666667407 ) ) ;
#3398 = CARTESIAN_POINT ( 'NONE',  ( -1.017788105676656674, 0.5876202367904170831, -0.1666666666666674068 ) ) ;
#3399 = FACE_OUTER_BOUND ( 'NONE', #2924, .T. ) ;
#3400 = EDGE_CURVE ( 'NONE', #1495, #801, #1934, .T. ) ;
#3401 = CARTESIAN_POINT ( 'NONE',  ( 0.6785254037844372643, -1.175240473580834166, 0.5416666666666659635 ) ) ;
#3402 = DIRECTION ( 'NONE',  ( -0.000000000000000000, 3.457852702097173358E-17, 1.000000000000000000 ) ) ;
#3403 = CARTESIAN_POINT ( 'NONE',  ( 0.6785254037844384856, 1.175240473580833722, 4.770833333333333925 ) ) ;
#3404 = LINE ( 'NONE', #139, #524 ) ;
#3405 = CC_DESIGN_PERSON_AND_ORGANIZATION_ASSIGNMENT ( #887, #2532, ( #900 ) ) ;
#3406 = ADVANCED_FACE ( 'NONE', ( #250 ), #1881, .T. ) ;
#3407 = CARTESIAN_POINT ( 'NONE',  ( -1.357050807568875417, 1.080983497915110246E-16, -3.125000000000000000 ) ) ;
#3408 = AXIS2_PLACEMENT_3D ( 'NONE', #730, #1960, #3603 ) ;
#3409 = DIRECTION ( 'NONE',  ( 0.000000000000000000, -1.000000000000000000, 0.000000000000000000 ) ) ;
#3410 = ORIENTED_EDGE ( 'NONE', *, *, #3615, .T. ) ;
#3411 = CARTESIAN_POINT ( 'NONE',  ( 0.000000000000000000, 1.499999999999999778, 0.4999999999999992784 ) ) ;
#3412 = CARTESIAN_POINT ( 'NONE',  ( 1.322475605676658228, -0.7635316469341327794, -6.119791666666666963 ) ) ;
#3413 = CARTESIAN_POINT ( 'NONE',  ( 1.357050807568875417, -2.242832357623997763E-16, -3.812500000000000444 ) ) ;
#3414 = CARTESIAN_POINT ( 'NONE',  ( 1.017788105676657118, 0.5876202367904160839, -4.833333333333333925 ) ) ;
#3415 = CARTESIAN_POINT ( 'NONE',  ( 0.000000000000000000, 1.499999999999999778, -2.437499999999999112 ) ) ;
#3416 = CARTESIAN_POINT ( 'NONE',  ( 0.000000000000000000, 1.558265636316165435E-17, -5.549354535729332127 ) ) ;
#3417 = EDGE_LOOP ( 'NONE', ( #1195, #707, #4768, #2334 ) ) ;
#3418 = CARTESIAN_POINT ( 'NONE',  ( -0.7500000000000000000, -0.4330127018922205751, 6.000000000000000000 ) ) ;
#3419 = CARTESIAN_POINT ( 'NONE',  ( 0.8816504037844398178, 1.527063293868264005, 4.005208333333333925 ) ) ;
#3420 = CARTESIAN_POINT ( 'NONE',  ( 0.000000000000000000, 1.175240473580833944, -0.1875000000000001665 ) ) ;
#3421 = CARTESIAN_POINT ( 'NONE',  ( 1.763300807568877859, -2.989101500854420495E-16, 0.3906249999999994449 ) ) ;
#3422 = CARTESIAN_POINT ( 'NONE',  ( -1.017788105676656896, -0.5876202367904167501, -0.5208333333333340365 ) ) ;
#3423 = CYLINDRICAL_SURFACE ( 'NONE', #1062, 1.499999999999999778 ) ;
#3424 = CARTESIAN_POINT ( 'NONE',  ( -0.6785254037844375974, 1.175240473580834166, 3.291666666666666519 ) ) ;
#3425 = CARTESIAN_POINT ( 'NONE',  ( 0.6785254037844372643, -1.175240473580834166, -2.395833333333333037 ) ) ;
#3426 = CARTESIAN_POINT ( 'NONE',  ( -1.322475605676658672, -0.7635316469341317802, -5.817708333333333925 ) ) ;
#3427 = CARTESIAN_POINT ( 'NONE',  ( -1.439254484199187653E-16, -1.175240473580833944, 2.999999999999999112 ) ) ;
#3428 = CARTESIAN_POINT ( 'NONE',  ( 1.299038105676658672, 0.7499999999999987788, 2.916666666666666075 ) ) ;
#3429 = CARTESIAN_POINT ( 'NONE',  ( -1.017788105676656896, -0.5876202367904167501, 2.979166666666666519 ) ) ;
#3430 = CARTESIAN_POINT ( 'NONE',  ( -1.017788105676656896, -0.5876202367904167501, -2.583333333333333925 ) ) ;
#3431 = EDGE_CURVE ( 'NONE', #3220, #284, #1561, .T. ) ;
#3432 = LINE ( 'NONE', #1846, #2782 ) ;
#3433 = ORIENTED_EDGE ( 'NONE', *, *, #1271, .T. ) ;
#3434 = CARTESIAN_POINT ( 'NONE',  ( 1.299038105676657562, -0.7500000000000005551, 2.895833333333332593 ) ) ;
#3435 = CARTESIAN_POINT ( 'NONE',  ( -1.439254484199187653E-16, -1.175240473580833944, 6.499999999999999112 ) ) ;
#3436 = CARTESIAN_POINT ( 'NONE',  ( -0.6785254037844375974, 1.175240473580834166, -4.645833333333333037 ) ) ;
#3437 = CARTESIAN_POINT ( 'NONE',  ( -1.439254484199187653E-16, -1.175240473580833944, -5.500000000000000888 ) ) ;
#3438 = CARTESIAN_POINT ( 'NONE',  ( -1.836970198721029688E-16, -1.499999999999999778, 1.249999999999998890 ) ) ;
#3439 = CIRCLE ( 'NONE', #1629, 0.8660254037844385966 ) ;
#3440 = DIRECTION ( 'NONE',  ( 0.8660254037844397068, 0.000000000000000000, 0.4999999999999979461 ) ) ;
#3441 = ORIENTED_EDGE ( 'NONE', *, *, #2428, .F. ) ;
#3442 = CARTESIAN_POINT ( 'NONE',  ( 0.000000000000000000, 1.558265636316165435E-17, -5.549354535729332127 ) ) ;
#3443 = DIRECTION ( 'NONE',  ( 0.000000000000000000, 0.8191520442889900222, -0.5735764363510486019 ) ) ;
#3444 = CARTESIAN_POINT ( 'NONE',  ( 0.000000000000000000, 1.527063293868264227, 6.046874999999999112 ) ) ;
#3445 = CARTESIAN_POINT ( 'NONE',  ( 0.000000000000000000, 1.175240473580833944, 0.3124999999999993894 ) ) ;
#3446 = CARTESIAN_POINT ( 'NONE',  ( 0.8816504037844398178, 1.527063293868264005, 1.473958333333333259 ) ) ;
#3447 = CARTESIAN_POINT ( 'NONE',  ( 0.6785254037844384856, 1.175240473580833722, -0.7291666666666671848 ) ) ;
#3448 = DIRECTION ( 'NONE',  ( 0.000000000000000000, -1.000000000000000000, 0.000000000000000000 ) ) ;
#3449 = CARTESIAN_POINT ( 'NONE',  ( -1.017788105676656896, -0.5876202367904167501, 4.916666666666666075 ) ) ;
#3450 = EDGE_LOOP ( 'NONE', ( #4255, #1737, #2960, #35 ) ) ;
#3451 = EDGE_LOOP ( 'NONE', ( #3277, #2471, #4239 ) ) ;
#3452 = EDGE_CURVE ( 'NONE', #5079, #2010, #5200, .T. ) ;
#3453 = CARTESIAN_POINT ( 'NONE',  ( 0.000000000000000000, 1.499999999999999778, 5.562500000000000888 ) ) ;
#3454 = CARTESIAN_POINT ( 'NONE',  ( -0.6785254037844380415, -1.175240473580833944, -4.541666666666666963 ) ) ;
#3455 = CARTESIAN_POINT ( 'NONE',  ( -1.017788105676656896, -0.5876202367904167501, 2.916666666666666519 ) ) ;
#3456 = CARTESIAN_POINT ( 'NONE',  ( -1.017788105676656674, 0.5876202367904170831, 4.395833333333333037 ) ) ;
#3457 = CARTESIAN_POINT ( 'NONE',  ( 1.357050807568875417, -2.242832357623997763E-16, -0.3750000000000002776 ) ) ;
#3458 =( BOUNDED_CURVE ( )  B_SPLINE_CURVE ( 2, ( #541, #1402, #5019, #1745, #2183, #4220, #2584 ),
 .UNSPECIFIED., .F., .F. ) 
 B_SPLINE_CURVE_WITH_KNOTS ( ( 3, 2, 2, 3 ),
 ( 0.5703840633548737937, 0.5765569028610465496, 0.5827297423672194165, 0.5889025818733921724 ),
 .UNSPECIFIED. ) 
 CURVE ( )  GEOMETRIC_REPRESENTATION_ITEM ( )  RATIONAL_B_SPLINE_CURVE ( ( 1.000000000000000000, 0.8660254037844387076, 1.000000000000000000, 0.8660254037844387076, 1.000000000000000000, 0.8660254037844387076, 1.000000000000000000 ) ) 
 REPRESENTATION_ITEM ( '' )  );
#3459 = CIRCLE ( 'NONE', #4146, 0.7500000000000001110 ) ;
#3460 = FACE_OUTER_BOUND ( 'NONE', #1880, .T. ) ;
#3461 = VERTEX_POINT ( 'NONE', #4426 ) ;
#3462 = DIRECTION ( 'NONE',  ( -0.000000000000000000, 3.457852702097173358E-17, 1.000000000000000000 ) ) ;
#3463 = CARTESIAN_POINT ( 'NONE',  ( -0.6785254037844375974, 1.175240473580834166, 6.291666666666666075 ) ) ;
#3464 = CARTESIAN_POINT ( 'NONE',  ( 1.017788105676656452, -0.5876202367904175272, -4.354166666666666963 ) ) ;
#3465 = CARTESIAN_POINT ( 'NONE',  ( 1.357050807568875417, -2.242832357623997763E-16, -5.375000000000000000 ) ) ;
#3466 = CARTESIAN_POINT ( 'NONE',  ( 0.8660254037844393737, 1.499999999999999334, -3.541666666666667851 ) ) ;
#3467 = CARTESIAN_POINT ( 'NONE',  ( -1.732050807568876971, 1.310604772755240251E-16, 2.125000000000000000 ) ) ;
#3468 = ORIENTED_EDGE ( 'NONE', *, *, #3677, .T. ) ;
#3469 = EDGE_CURVE ( 'NONE', #3704, #683, #4846, .T. ) ;
#3470 = DIRECTION ( 'NONE',  ( -0.000000000000000000, 3.457852702097173358E-17, 1.000000000000000000 ) ) ;
#3471 = CONICAL_SURFACE ( 'NONE', #3209, 1664.279482350526223, 1.029744258676656532 ) ;
#3472 = CARTESIAN_POINT ( 'NONE',  ( 0.000000000000000000, 1.558265636316165435E-17, -5.549354535729332127 ) ) ;
#3473 = CARTESIAN_POINT ( 'NONE',  ( 0.8660254037844379305, -1.500000000000000222, 1.791666666666666075 ) ) ;
#3474 = CARTESIAN_POINT ( 'NONE',  ( 1.357050807568875417, -2.242832357623997763E-16, 3.687500000000000000 ) ) ;
#3475 = CARTESIAN_POINT ( 'NONE',  ( 0.8816504037844384856, -1.527063293868264893, 2.307291666666666075 ) ) ;
#3476 = CARTESIAN_POINT ( 'NONE',  ( 1.017788105676657118, 0.5876202367904160839, 1.729166666666665408 ) ) ;
#3477 = CARTESIAN_POINT ( 'NONE',  ( -1.299038105676657784, 0.7500000000000001110, 3.083333333333333481 ) ) ;
#3478 = VECTOR ( 'NONE', #2451, 1000.000000000000000 ) ;
#3479 = CARTESIAN_POINT ( 'NONE',  ( 1.357050807568875417, -2.242832357623997763E-16, 4.624999999999999112 ) ) ;
#3480 = ORIENTED_EDGE ( 'NONE', *, *, #163, .T. ) ;
#3481 = ORIENTED_EDGE ( 'NONE', *, *, #94, .T. ) ;
#3482 = CARTESIAN_POINT ( 'NONE',  ( -1.836970198721029688E-16, -1.499999999999999778, 5.312500000000000000 ) ) ;
#3483 = CARTESIAN_POINT ( 'NONE',  ( -0.8660254037844383745, 1.499999999999999778, 2.541666666666666075 ) ) ;
#3484 = CARTESIAN_POINT ( 'NONE',  ( -0.6785254037844375974, 1.175240473580834166, 3.791666666666665186 ) ) ;
#3485 = CARTESIAN_POINT ( 'NONE',  ( -0.6785254037844380415, -1.175240473580833944, 5.020833333333331261 ) ) ;
#3486 = CARTESIAN_POINT ( 'NONE',  ( 0.6785254037844383745, 1.175240473580833500, -0.7916666666666670737 ) ) ;
#3487 = CARTESIAN_POINT ( 'NONE',  ( 0.000000000000000000, 1.499999999999999778, -2.437499999999999112 ) ) ;
#3488 = VERTEX_POINT ( 'NONE', #3550 ) ;
#3489 = CARTESIAN_POINT ( 'NONE',  ( 0.000000000000000000, 1.362979284742680486, 5.920891053161632556 ) ) ;
#3490 = CARTESIAN_POINT ( 'NONE',  ( -1.763300807568877859, 1.329739878991918111E-16, -4.328125000000000888 ) ) ;
#3491 = CARTESIAN_POINT ( 'NONE',  ( 1.017788105676657118, 0.5876202367904160839, -5.270833333333333925 ) ) ;
#3492 = CARTESIAN_POINT ( 'NONE',  ( 0.000000000000000000, 1.175240473580833944, -5.250000000000000000 ) ) ;
#3493 = CARTESIAN_POINT ( 'NONE',  ( -6.728126220799337396E-16, 0.8660254037844384856, 5.062500000000000000 ) ) ;
#3494 = VECTOR ( 'NONE', #2656, 1000.000000000000000 ) ;
#3495 = CARTESIAN_POINT ( 'NONE',  ( 0.000000000000000000, 1.558265636316165435E-17, -5.549354535729332127 ) ) ;
#3496 = ORIENTED_EDGE ( 'NONE', *, *, #3104, .F. ) ;
#3497 = PERSON_AND_ORGANIZATION ( #3890, #3642 ) ;
#3498 = CARTESIAN_POINT ( 'NONE',  ( -1.836970198721029688E-16, -1.499999999999999778, -0.6874999999999995559 ) ) ;
#3499 = CARTESIAN_POINT ( 'NONE',  ( 0.8660254037844393737, 1.499999999999999334, 1.958333333333332815 ) ) ;
#3500 = CARTESIAN_POINT ( 'NONE',  ( 1.357050807568875417, -2.242832357623997763E-16, 2.624999999999998668 ) ) ;
#3501 = CARTESIAN_POINT ( 'NONE',  ( 1.357050807568875417, -2.242832357623997763E-16, 3.187500000000000000 ) ) ;
#3502 = CARTESIAN_POINT ( 'NONE',  ( 1.322475605676658228, -0.7635316469341327794, 0.8489583333333325932 ) ) ;
#3503 = CARTESIAN_POINT ( 'NONE',  ( -1.357050807568875417, 1.080983497915110492E-16, -0.06250000000000091593 ) ) ;
#3504 = CARTESIAN_POINT ( 'NONE',  ( 0.000000000000000000, -3.456294436460856950E-14, -1005.549354535729208 ) ) ;
#3505 = LINE ( 'NONE', #2270, #5249 ) ;
#3506 = EDGE_LOOP ( 'NONE', ( #3388, #4315 ) ) ;
#3507 = CARTESIAN_POINT ( 'NONE',  ( -0.8816504037844387076, 1.527063293868264449, -0.9114583333333335924 ) ) ;
#3508 = ADVANCED_FACE ( 'NONE', ( #1981 ), #3952, .T. ) ;
#3509 = CARTESIAN_POINT ( 'NONE',  ( -1.439254484199187653E-16, -1.175240473580833944, 4.000000000000000000 ) ) ;
#3510 = CARTESIAN_POINT ( 'NONE',  ( 1.017788105676657118, 0.5876202367904160839, 0.1666666666666665186 ) ) ;
#3511 = EDGE_CURVE ( 'NONE', #4785, #1717, #327, .T. ) ;
#3512 = CC_DESIGN_APPROVAL ( #1, ( #1328 ) ) ;
#3513 = CARTESIAN_POINT ( 'NONE',  ( 0.000000000000000000, 1.499999999999999778, -3.557538378468061424E-16 ) ) ;
#3514 = ORIENTED_EDGE ( 'NONE', *, *, #2616, .F. ) ;
#3515 = CARTESIAN_POINT ( 'NONE',  ( -1.836970198721029688E-16, -1.499999999999999778, -2.750000000000000888 ) ) ;
#3516 = CARTESIAN_POINT ( 'NONE',  ( 0.8816504037844384856, -1.527063293868264893, -3.161458333333333037 ) ) ;
#3517 = CARTESIAN_POINT ( 'NONE',  ( -1.357050807568875417, 1.080983497915110492E-16, -3.062500000000000444 ) ) ;
#3518 = CARTESIAN_POINT ( 'NONE',  ( -1.017788105676656674, 0.5876202367904170831, -3.166666666666666963 ) ) ;
#3519 = DIRECTION ( 'NONE',  ( 0.000000000000000000, -1.000000000000000000, 0.000000000000000000 ) ) ;
#3520 = CARTESIAN_POINT ( 'NONE',  ( -0.8660254037844391517, -1.499999999999999334, -0.7916666666666675178 ) ) ;
#3521 = ORIENTED_EDGE ( 'NONE', *, *, #3177, .F. ) ;
#3522 = PERSON_AND_ORGANIZATION ( #3890, #3642 ) ;
#3523 = CARTESIAN_POINT ( 'NONE',  ( -1.836970198721029688E-16, -1.499999999999999778, 3.312500000000000444 ) ) ;
#3524 = CARTESIAN_POINT ( 'NONE',  ( 0.000000000000000000, -1.499999999999999778, -5.549354535729332127 ) ) ;
#3525 = CARTESIAN_POINT ( 'NONE',  ( -1.017788105676656896, -0.5876202367904167501, 0.9166666666666662966 ) ) ;
#3526 =( BOUNDED_CURVE ( )  B_SPLINE_CURVE ( 2, ( #2230, #1444, #3918 ),
 .UNSPECIFIED., .F., .F. ) 
 B_SPLINE_CURVE_WITH_KNOTS ( ( 3, 3 ),
 ( 0.1019346751335804546, 0.1074211003919107732 ),
 .UNSPECIFIED. ) 
 CURVE ( )  GEOMETRIC_REPRESENTATION_ITEM ( )  RATIONAL_B_SPLINE_CURVE ( ( 0.9735175452872759649, 0.8809232593984313020, 1.000000000000000000 ) ) 
 REPRESENTATION_ITEM ( '' )  );
#3527 = CARTESIAN_POINT ( 'NONE',  ( -1.439254484199187653E-16, -1.175240473580833944, 3.062499999999999112 ) ) ;
#3528 = AXIS2_PLACEMENT_3D ( 'NONE', #4209, #1654, #531 ) ;
#3529 = CARTESIAN_POINT ( 'NONE',  ( 0.8816504037844398178, 1.527063293868264005, 2.973958333333333481 ) ) ;
#3530 = CARTESIAN_POINT ( 'NONE',  ( 0.6785254037844384856, 1.175240473580833722, 0.2708333333333329818 ) ) ;
#3531 = CARTESIAN_POINT ( 'NONE',  ( 0.000000000000000000, -1.499999999999999778, -5.549354535729332127 ) ) ;
#3532 = ORIENTED_EDGE ( 'NONE', *, *, #2411, .F. ) ;
#3533 = ORIENTED_EDGE ( 'NONE', *, *, #2221, .F. ) ;
#3534 = CARTESIAN_POINT ( 'NONE',  ( 0.8816504037844384856, -1.527063293868264893, -0.1614583333333328985 ) ) ;
#3535 = CARTESIAN_POINT ( 'NONE',  ( 1.732050807568876971, -2.931696182144386422E-16, -5.125000000000000888 ) ) ;
#3536 = CARTESIAN_POINT ( 'NONE',  ( -0.8660254037844383745, 1.499999999999999778, 0.04166666666666605373 ) ) ;
#3537 = EDGE_CURVE ( 'NONE', #3816, #3488, #347, .T. ) ;
#3538 = CARTESIAN_POINT ( 'NONE',  ( -1.017788105676656896, -0.5876202367904167501, -5.583333333333333037 ) ) ;
#3539 = CARTESIAN_POINT ( 'NONE',  ( -1.017788105676656674, 0.5876202367904170831, 2.833333333333333481 ) ) ;
#3540 = CARTESIAN_POINT ( 'NONE',  ( -1.017788105676656896, -0.5876202367904167501, -1.083333333333333703 ) ) ;
#3541 = CARTESIAN_POINT ( 'NONE',  ( 0.000000000000000000, 1.499999999999999778, 5.500000000000000000 ) ) ;
#3542 = EDGE_LOOP ( 'NONE', ( #1838, #3496, #4055, #1537 ) ) ;
#3543 = DIRECTION ( 'NONE',  ( 0.8660254037844388186, -0.4999999999999995559, 0.000000000000000000 ) ) ;
#3544 = CARTESIAN_POINT ( 'NONE',  ( 0.8816504037844398178, 1.527063293868264005, -2.994791666666666963 ) ) ;
#3545 = CARTESIAN_POINT ( 'NONE',  ( 0.6785254037844384856, 1.175240473580833722, -0.7291666666666671848 ) ) ;
#3546 = CARTESIAN_POINT ( 'NONE',  ( 0.8660254037844379305, -1.500000000000000222, 1.291666666666666519 ) ) ;
#3547 = CARTESIAN_POINT ( 'NONE',  ( -1.299038105676658006, -0.7499999999999995559, 2.166666666666665186 ) ) ;
#3548 = ADVANCED_FACE ( 'NONE', ( #5250 ), #3835, .T. ) ;
#3549 = VERTEX_POINT ( 'NONE', #2293 ) ;
#3550 = CARTESIAN_POINT ( 'NONE',  ( 0.000000000000000000, 1.499999999999999778, -3.437499999999999556 ) ) ;
#3551 = CARTESIAN_POINT ( 'NONE',  ( -1.732050807568876971, 1.310604772755240251E-16, -2.875000000000000888 ) ) ;
#3552 = CARTESIAN_POINT ( 'NONE',  ( 1.017788105676657118, 0.5876202367904160839, 1.166666666666665630 ) ) ;
#3553 = CARTESIAN_POINT ( 'NONE',  ( 1.357050807568875417, -2.242832357623997763E-16, 1.687499999999999778 ) ) ;
#3554 = CARTESIAN_POINT ( 'NONE',  ( 1.322475605676658228, -0.7635316469341327794, 2.348958333333333037 ) ) ;
#3555 = CARTESIAN_POINT ( 'NONE',  ( -0.6785254037844380415, -1.175240473580833944, 4.020833333333333037 ) ) ;
#3556 = CARTESIAN_POINT ( 'NONE',  ( -7.047314121155778821E-16, 0.8660254037844385966, 6.000000000000000000 ) ) ;
#3557 = ORIENTED_EDGE ( 'NONE', *, *, #2411, .T. ) ;
#3558 = B_SPLINE_CURVE_WITH_KNOTS ( 'NONE', 3,
 ( #3418, #3873, #2691, #1855, #4221, #1451, #3390, #5044 ),
 .UNSPECIFIED., .F., .F.,
 ( 4, 2, 2, 4 ),
 ( 2.544428341990417353E-07, 0.0002238954966069365865, 0.0004475365503796741333, 0.0008948186579251492809 ),
 .UNSPECIFIED. ) ;
#3559 = VERTEX_POINT ( 'NONE', #3926 ) ;
#3560 =( BOUNDED_CURVE ( )  B_SPLINE_CURVE ( 2, ( #1825, #3520, #1449, #3975, #3088, #2766, #3896 ),
 .UNSPECIFIED., .F., .F. ) 
 B_SPLINE_CURVE_WITH_KNOTS ( ( 3, 2, 2, 3 ),
 ( 0.5889025818733921724, 0.5950754213795650394, 0.6012482608857379063, 0.6074211003919107732 ),
 .UNSPECIFIED. ) 
 CURVE ( )  GEOMETRIC_REPRESENTATION_ITEM ( )  RATIONAL_B_SPLINE_CURVE ( ( 1.000000000000000000, 0.8660254037844387076, 1.000000000000000000, 0.8660254037844387076, 1.000000000000000000, 0.8660254037844387076, 1.000000000000000000 ) ) 
 REPRESENTATION_ITEM ( '' )  );
#3561 = AXIS2_PLACEMENT_3D ( 'NONE', #165, #1389, #3777 ) ;
#3562 = CARTESIAN_POINT ( 'NONE',  ( -1.870113174931183868E-16, -1.527063293868264227, -0.2031250000000001665 ) ) ;
#3563 = CARTESIAN_POINT ( 'NONE',  ( -1.763300807568877859, 1.329739878991918111E-16, -4.359375000000000888 ) ) ;
#3564 = CARTESIAN_POINT ( 'NONE',  ( 0.6785254037844384856, 1.175240473580833722, -4.729166666666666963 ) ) ;
#3565 = LINE ( 'NONE', #289, #104 ) ;
#3566 = CARTESIAN_POINT ( 'NONE',  ( 0.3081441285175578471, -0.6881183082356238101, 5.884137217587757540 ) ) ;
#3567 = EDGE_CURVE ( 'NONE', #460, #3881, #1477, .T. ) ;
#3568 = CARTESIAN_POINT ( 'NONE',  ( 0.6785254037844372643, -1.175240473580834166, -1.458333333333334370 ) ) ;
#3569 = AXIS2_PLACEMENT_3D ( 'NONE', #1345, #884, #1399 ) ;
#3570 = PLANE ( 'NONE',  #4149 ) ;
#3571 = ORIENTED_EDGE ( 'NONE', *, *, #346, .F. ) ;
#3572 = CARTESIAN_POINT ( 'NONE',  ( -1.732050807568876971, 1.310604772755240004E-16, 5.187500000000000888 ) ) ;
#3573 = CARTESIAN_POINT ( 'NONE',  ( 0.8816504037844398178, 1.527063293868264005, -4.494791666666666075 ) ) ;
#3574 = EDGE_CURVE ( 'NONE', #3672, #1572, #1088, .T. ) ;
#3575 = CARTESIAN_POINT ( 'NONE',  ( -1.017788105676656674, 0.5876202367904170831, -1.104166666666667407 ) ) ;
#3576 = CARTESIAN_POINT ( 'NONE',  ( 0.000000000000000000, 1.499999999999999778, -3.937500000000000000 ) ) ;
#3577 = FACE_OUTER_BOUND ( 'NONE', #2059, .T. ) ;
#3578 = EDGE_LOOP ( 'NONE', ( #4045, #3648, #4130, #2620 ) ) ;
#3579 = COORDINATED_UNIVERSAL_TIME_OFFSET ( 6, 0, .BEHIND. ) ;
#3580 = CARTESIAN_POINT ( 'NONE',  ( 0.000000000000000000, 4.149423242516608277E-16, 6.000000000000000000 ) ) ;
#3581 = CARTESIAN_POINT ( 'NONE',  ( 1.732050807568876971, -2.931696182144386422E-16, 1.874999999999999556 ) ) ;
#3582 = CARTESIAN_POINT ( 'NONE',  ( -1.357050807568875417, 1.080983497915110492E-16, 2.374999999999998668 ) ) ;
#3583 = CARTESIAN_POINT ( 'NONE',  ( -1.357050807568875417, 1.080983497915110246E-16, 2.937499999999998668 ) ) ;
#3584 = CARTESIAN_POINT ( 'NONE',  ( 0.8816504037844384856, -1.527063293868264893, 3.307291666666666519 ) ) ;
#3585 = CARTESIAN_POINT ( 'NONE',  ( 0.6785254037844384856, 1.175240473580833722, 4.270833333333333037 ) ) ;
#3586 = CARTESIAN_POINT ( 'NONE',  ( -1.036116555265133465, -0.5760136719846117304, -5.574759526419168054 ) ) ;
#3587 = ORIENTED_EDGE ( 'NONE', *, *, #446, .F. ) ;
#3588 = CARTESIAN_POINT ( 'NONE',  ( 0.8660254037844200559, -1.500000000000031530, 3.854166666666664742 ) ) ;
#3589 = CARTESIAN_POINT ( 'NONE',  ( 1.322475605676658228, -0.7635316469341327794, -0.1197916666666664909 ) ) ;
#3590 = CARTESIAN_POINT ( 'NONE',  ( -1.322475605676658672, -0.7635316469341317802, -3.317708333333333481 ) ) ;
#3591 = CARTESIAN_POINT ( 'NONE',  ( -1.017788105676656674, 0.5876202367904170831, -3.604166666666666963 ) ) ;
#3592 =( BOUNDED_CURVE ( )  B_SPLINE_CURVE ( 2, ( #5020, #181, #1024, #5126, #2665, #3791, #623 ),
 .UNSPECIFIED., .F., .F. ) 
 B_SPLINE_CURVE_WITH_KNOTS ( ( 3, 2, 2, 3 ),
 ( 0.1629766559474663534, 0.1691494954536391093, 0.1753223349598119762, 0.1814951744659848432 ),
 .UNSPECIFIED. ) 
 CURVE ( )  GEOMETRIC_REPRESENTATION_ITEM ( )  RATIONAL_B_SPLINE_CURVE ( ( 1.000000000000000000, 0.8660254037844387076, 1.000000000000000000, 0.8660254037844387076, 1.000000000000000000, 0.8660254037844387076, 1.000000000000000000 ) ) 
 REPRESENTATION_ITEM ( '' )  );
#3593 = CARTESIAN_POINT ( 'NONE',  ( -1.017788105676656674, 0.5876202367904170831, -2.166666666666667407 ) ) ;
#3594 = CARTESIAN_POINT ( 'NONE',  ( 1.017788105676656452, -0.5876202367904175272, 5.083333333333332149 ) ) ;
#3595 = CARTESIAN_POINT ( 'NONE',  ( 1.017788105676657118, 0.5876202367904160839, 2.666666666666666075 ) ) ;
#3596 = CARTESIAN_POINT ( 'NONE',  ( 0.000000000000000000, 1.558265636316165435E-17, -5.549354535729332127 ) ) ;
#3597 = ORIENTED_EDGE ( 'NONE', *, *, #1300, .T. ) ;
#3598 = CARTESIAN_POINT ( 'NONE',  ( 1.763300807568877859, -2.989101500854420495E-16, -4.578125000000000000 ) ) ;
#3599 = CARTESIAN_POINT ( 'NONE',  ( -1.017788105676656896, -0.5876202367904167501, -0.5208333333333340365 ) ) ;
#3600 = CARTESIAN_POINT ( 'NONE',  ( 0.8660254037844393737, 1.499999999999999334, 3.958333333333332149 ) ) ;
#3601 = CARTESIAN_POINT ( 'NONE',  ( 0.7500000000000000000, 0.4330127018922177440, 6.000000000000000000 ) ) ;
#3602 = ORIENTED_EDGE ( 'NONE', *, *, #3054, .T. ) ;
#3603 = DIRECTION ( 'NONE',  ( 0.000000000000000000, 1.000000000000000000, 0.000000000000000000 ) ) ;
#3604 = LINE ( 'NONE', #5228, #2892 ) ;
#3605 = CARTESIAN_POINT ( 'NONE',  ( 0.6785254037844372643, -1.175240473580834166, 1.041666666666666519 ) ) ;
#3606 = CARTESIAN_POINT ( 'NONE',  ( -1.357050807568875417, 1.080983497915110246E-16, 4.937499999999999112 ) ) ;
#3607 = CARTESIAN_POINT ( 'NONE',  ( 0.8816504037844398178, 1.527063293868264005, 2.473958333333333481 ) ) ;
#3608 = CARTESIAN_POINT ( 'NONE',  ( 1.017788105676657118, 0.5876202367904160839, 3.229166666666666519 ) ) ;
#3609 = CARTESIAN_POINT ( 'NONE',  ( 0.000000000000000000, 1.558265636316165435E-17, -5.549354535729332127 ) ) ;
#3610 = ORIENTED_EDGE ( 'NONE', *, *, #807, .F. ) ;
#3611 = VERTEX_POINT ( 'NONE', #1077 ) ;
#3612 = CARTESIAN_POINT ( 'NONE',  ( 1.322475605676658228, -0.7635316469341327794, 3.380208333333333037 ) ) ;
#3613 = CARTESIAN_POINT ( 'NONE',  ( -1.763300807568877859, 1.329739878991918111E-16, -4.859375000000000000 ) ) ;
#3614 = CARTESIAN_POINT ( 'NONE',  ( -1.017788105676656674, 0.5876202367904170831, -5.104166666666666963 ) ) ;
#3615 = EDGE_CURVE ( 'NONE', #2209, #2557, #2743, .T. ) ;
#3616 = CARTESIAN_POINT ( 'NONE',  ( 1.357050807568875417, -2.242832357623997763E-16, -3.875000000000000000 ) ) ;
#3617 = CARTESIAN_POINT ( 'NONE',  ( 0.000000000000000000, 1.175240473580833944, 6.249999999999998224 ) ) ;
#3618 = ORIENTED_EDGE ( 'NONE', *, *, #4054, .F. ) ;
#3619 = CARTESIAN_POINT ( 'NONE',  ( -0.6785254037844375974, 1.175240473580834166, -2.145833333333333925 ) ) ;
#3620 = CARTESIAN_POINT ( 'NONE',  ( -0.8660254037844383745, 1.499999999999999778, -2.458333333333333481 ) ) ;
#3621 = FACE_OUTER_BOUND ( 'NONE', #1980, .T. ) ;
#3622 = ORIENTED_EDGE ( 'NONE', *, *, #4357, .T. ) ;
#3623 = DIRECTION ( 'NONE',  ( 0.000000000000000000, -1.000000000000000000, 0.000000000000000000 ) ) ;
#3624 = CARTESIAN_POINT ( 'NONE',  ( -1.836970198721029688E-16, -1.499999999999999778, -3.687500000000000000 ) ) ;
#3625 = CARTESIAN_POINT ( 'NONE',  ( -1.017788105676656896, -0.5876202367904167501, 5.416666666666665186 ) ) ;
#3626 = CARTESIAN_POINT ( 'NONE',  ( -1.357050807568875417, 1.080983497915110246E-16, 4.437499999999999112 ) ) ;
#3627 = CARTESIAN_POINT ( 'NONE',  ( -1.763300807568877859, 1.329739878991918111E-16, 3.640624999999999556 ) ) ;
#3628 = CARTESIAN_POINT ( 'NONE',  ( -1.357050807568875417, 1.080983497915110492E-16, 2.437499999999998224 ) ) ;
#3629 = CARTESIAN_POINT ( 'NONE',  ( 1.732050807568876971, -2.931696182144386422E-16, -0.1250000000000004718 ) ) ;
#3630 = EDGE_CURVE ( 'NONE', #2842, #4682, #1516, .T. ) ;
#3631 = ORIENTED_EDGE ( 'NONE', *, *, #3469, .F. ) ;
#3632 = CARTESIAN_POINT ( 'NONE',  ( -1.439254484199187653E-16, -1.175240473580833944, 5.562500000000000000 ) ) ;
#3633 = DIRECTION ( 'NONE',  ( -0.000000000000000000, 3.457852702097173358E-17, 1.000000000000000000 ) ) ;
#3634 = CARTESIAN_POINT ( 'NONE',  ( 0.000000000000000000, 1.527063293868264227, 3.546875000000000444 ) ) ;
#3635 = VECTOR ( 'NONE', #5077, 1000.000000000000000 ) ;
#3636 = DIRECTION ( 'NONE',  ( 0.8660254037844385966, 0.5000000000000000000, 0.000000000000000000 ) ) ;
#3637 = CARTESIAN_POINT ( 'NONE',  ( -1.870113174931183868E-16, -1.527063293868264227, -4.734375000000000000 ) ) ;
#3638 = CARTESIAN_POINT ( 'NONE',  ( 1.017788105676657118, 0.5876202367904160839, -3.770833333333333481 ) ) ;
#3639 = VECTOR ( 'NONE', #3804, 1000.000000000000000 ) ;
#3640 = CARTESIAN_POINT ( 'NONE',  ( 0.6785254037844384856, 1.175240473580833722, -4.291666666666667851 ) ) ;
#3641 = CARTESIAN_POINT ( 'NONE',  ( 1.017788105676656452, -0.5876202367904175272, 5.583333333333332149 ) ) ;
#3642 = ORGANIZATION ( 'UNSPECIFIED', 'UNSPECIFIED', '' ) ;
#3643 = CARTESIAN_POINT ( 'NONE',  ( -1.836970198721029688E-16, -1.499999999999999778, -3.250000000000000888 ) ) ;
#3644 = EDGE_LOOP ( 'NONE', ( #5226, #4433, #1553, #2263 ) ) ;
#3645 = CARTESIAN_POINT ( 'NONE',  ( 1.017788105676656452, -0.5876202367904175272, 1.145833333333332815 ) ) ;
#3646 = CARTESIAN_POINT ( 'NONE',  ( 1.299038105676657562, -0.7500000000000005551, -4.104166666666666963 ) ) ;
#3647 = CARTESIAN_POINT ( 'NONE',  ( 0.000000000000000000, 1.100112572632367757E-14, 5.062500000000000000 ) ) ;
#3648 = ORIENTED_EDGE ( 'NONE', *, *, #4789, .T. ) ;
#3649 = CARTESIAN_POINT ( 'NONE',  ( -1.017788105676656896, -0.5876202367904167501, 1.916666666666665408 ) ) ;
#3650 = FACE_OUTER_BOUND ( 'NONE', #2043, .T. ) ;
#3651 = ORIENTED_EDGE ( 'NONE', *, *, #1603, .T. ) ;
#3652 = CARTESIAN_POINT ( 'NONE',  ( 1.732050807568876971, -2.931696182144386422E-16, -0.06249999999999978489 ) ) ;
#3653 = CARTESIAN_POINT ( 'NONE',  ( 0.6785254037844372643, -1.175240473580834166, 4.041666666666665186 ) ) ;
#3654 = CARTESIAN_POINT ( 'NONE',  ( -1.017788105676656674, 0.5876202367904170831, 4.395833333333333037 ) ) ;
#3655 = CARTESIAN_POINT ( 'NONE',  ( -1.322475605676658450, 0.7635316469341323353, 7.098958333333332149 ) ) ;
#3656 = CARTESIAN_POINT ( 'NONE',  ( 1.017788105676656452, -0.5876202367904175272, 3.145833333333332149 ) ) ;
#3657 = DIRECTION ( 'NONE',  ( -0.000000000000000000, 3.457852702097173358E-17, 1.000000000000000000 ) ) ;
#3658 = EDGE_LOOP ( 'NONE', ( #1100, #150, #1450, #1511 ) ) ;
#3659 = CARTESIAN_POINT ( 'NONE',  ( -1.357050807568875417, 1.080983497915110492E-16, 6.937499999999999112 ) ) ;
#3660 = DIRECTION ( 'NONE',  ( -0.000000000000000000, 3.457852702097173358E-17, 1.000000000000000000 ) ) ;
#3661 = CARTESIAN_POINT ( 'NONE',  ( 1.357050807568875417, -2.242832357623997763E-16, -0.3750000000000003886 ) ) ;
#3662 = CARTESIAN_POINT ( 'NONE',  ( -1.322475605676658672, -0.7635316469341317802, 2.713541666666666963 ) ) ;
#3663 = CARTESIAN_POINT ( 'NONE',  ( -1.035101778445513210, 0.9862112374682238114, -5.327459042794389532 ) ) ;
#3664 = CARTESIAN_POINT ( 'NONE',  ( 1.763300807568877859, -2.989101500854420495E-16, -3.609375000000000000 ) ) ;
#3665 = CARTESIAN_POINT ( 'NONE',  ( 1.017788105676657118, 0.5876202367904160839, -4.770833333333333925 ) ) ;
#3666 = EDGE_CURVE ( 'NONE', #2395, #4096, #86, .T. ) ;
#3667 = AXIS2_PLACEMENT_3D ( 'NONE', #3472, #3818, #152 ) ;
#3668 = EDGE_CURVE ( 'NONE', #1826, #3178, #1011, .T. ) ;
#3669 = CARTESIAN_POINT ( 'NONE',  ( 1.357050807568875417, -2.242832357623997763E-16, -3.375000000000000444 ) ) ;
#3670 = CARTESIAN_POINT ( 'NONE',  ( -1.017788105676656896, -0.5876202367904167501, 6.416666666666666075 ) ) ;
#3671 = LINE ( 'NONE', #2919, #806 ) ;
#3672 = VERTEX_POINT ( 'NONE', #2845 ) ;
#3673 = CARTESIAN_POINT ( 'NONE',  ( 0.6785254037844384856, 1.175240473580833722, 0.2708333333333329818 ) ) ;
#3674 = CARTESIAN_POINT ( 'NONE',  ( 0.8660254037844663522, 1.499999999999952927, 2.020833333333331705 ) ) ;
#3675 = CARTESIAN_POINT ( 'NONE',  ( 1.017788105676656452, -0.5876202367904175272, -4.916666666666666963 ) ) ;
#3676 = ORIENTED_EDGE ( 'NONE', *, *, #3844, .T. ) ;
#3677 = EDGE_CURVE ( 'NONE', #2904, #4000, #800, .T. ) ;
#3678 = CARTESIAN_POINT ( 'NONE',  ( -0.6785254037844380415, -1.175240473580833944, 1.958333333333332815 ) ) ;
#3679 = CARTESIAN_POINT ( 'NONE',  ( -1.299038105676658006, -0.7499999999999995559, -3.770833333333332593 ) ) ;
#3680 = VERTEX_POINT ( 'NONE', #3248 ) ;
#3681 = CARTESIAN_POINT ( 'NONE',  ( 0.8660254037844244968, -1.500000000000023981, -0.1458333333333338977 ) ) ;
#3682 = CARTESIAN_POINT ( 'NONE',  ( 0.000000000000000000, 1.175240473580833944, 3.750000000000000000 ) ) ;
#3683 = CARTESIAN_POINT ( 'NONE',  ( -1.870113174931183868E-16, -1.527063293868264227, 6.265624999999998224 ) ) ;
#3684 = CARTESIAN_POINT ( 'NONE',  ( 0.6785254037844384856, 1.175240473580833722, 6.270833333333333037 ) ) ;
#3685 = CYLINDRICAL_SURFACE ( 'NONE', #3013, 1.499999999999999778 ) ;
#3686 = ORIENTED_EDGE ( 'NONE', *, *, #2057, .T. ) ;
#3687 = LINE ( 'NONE', #381, #4066 ) ;
#3688 = CARTESIAN_POINT ( 'NONE',  ( 1.017788105676657118, 0.5876202367904160839, -4.270833333333333925 ) ) ;
#3689 = CARTESIAN_POINT ( 'NONE',  ( 0.6785254037844372643, -1.175240473580834166, -1.958333333333333481 ) ) ;
#3690 = CARTESIAN_POINT ( 'NONE',  ( 0.000000000000000000, 1.527063293868264227, 3.046875000000000000 ) ) ;
#3691 = CYLINDRICAL_SURFACE ( 'NONE', #4256, 1.499999999999999778 ) ;
#3692 = CARTESIAN_POINT ( 'NONE',  ( -1.763300807568877859, 1.329739878991918111E-16, -1.859374999999999778 ) ) ;
#3693 = CARTESIAN_POINT ( 'NONE',  ( 0.6785254037844372643, -1.175240473580834166, -1.395833333333334147 ) ) ;
#3694 = CARTESIAN_POINT ( 'NONE',  ( 1.017788105676656452, -0.5876202367904175272, 2.083333333333333037 ) ) ;
#3695 = CARTESIAN_POINT ( 'NONE',  ( 0.6785254037844372643, -1.175240473580834166, -1.458333333333334370 ) ) ;
#3696 = CARTESIAN_POINT ( 'NONE',  ( -1.836970198721029688E-16, -1.499999999999999778, 0.7499999999999994449 ) ) ;
#3697 = ADVANCED_FACE ( 'NONE', ( #4451 ), #4076, .T. ) ;
#3698 = CARTESIAN_POINT ( 'NONE',  ( -0.8660254037844383745, 1.499999999999999778, -3.458333333333334370 ) ) ;
#3699 = CARTESIAN_POINT ( 'NONE',  ( 0.6785254037844372643, -1.175240473580834166, -0.3958333333333339810 ) ) ;
#3700 = DIRECTION ( 'NONE',  ( 0.000000000000000000, -1.000000000000000000, 0.000000000000000000 ) ) ;
#3701 = CARTESIAN_POINT ( 'NONE',  ( 0.6914021854061451755, 0.4668441659219049189, 5.966168535970316711 ) ) ;
#3702 = CARTESIAN_POINT ( 'NONE',  ( 1.017788105676656452, -0.5876202367904175272, 2.083333333333333037 ) ) ;
#3703 = LINE ( 'NONE', #1253, #300 ) ;
#3704 = VERTEX_POINT ( 'NONE', #451 ) ;
#3705 = CARTESIAN_POINT ( 'NONE',  ( -0.8660254037844294928, 1.500000000000015543, 0.6041666666666666297 ) ) ;
#3706 = CARTESIAN_POINT ( 'NONE',  ( 1.017788105676656452, -0.5876202367904175272, 6.083333333333333037 ) ) ;
#3707 = CARTESIAN_POINT ( 'NONE',  ( -0.8816504037844393737, -1.527063293868264005, 6.723958333333333925 ) ) ;
#3708 = CARTESIAN_POINT ( 'NONE',  ( -1.357050807568875417, 1.080983497915110492E-16, 4.937499999999999112 ) ) ;
#3709 = EDGE_LOOP ( 'NONE', ( #4297, #4479, #120, #1288 ) ) ;
#3710 = CARTESIAN_POINT ( 'NONE',  ( -0.6785254037844375974, 1.175240473580834166, 5.854166666666666075 ) ) ;
#3711 = CARTESIAN_POINT ( 'NONE',  ( -0.6785254037844375974, 1.175240473580834166, -5.145833333333333037 ) ) ;
#3712 = CARTESIAN_POINT ( 'NONE',  ( -1.357050807568875417, 1.080983497915110492E-16, -2.625000000000000444 ) ) ;
#3713 = CARTESIAN_POINT ( 'NONE',  ( 0.000000000000000000, 1.527063293868264227, 1.546875000000000444 ) ) ;
#3714 = CARTESIAN_POINT ( 'NONE',  ( -1.357050807568875417, 1.080983497915110246E-16, 5.937500000000000000 ) ) ;
#3715 = CARTESIAN_POINT ( 'NONE',  ( 1.322475605676658228, -0.7635316469341327794, -0.6510416666666669627 ) ) ;
#3716 = CARTESIAN_POINT ( 'NONE',  ( -1.017788105676656896, -0.5876202367904167501, -1.520833333333334147 ) ) ;
#3717 = CARTESIAN_POINT ( 'NONE',  ( 0.6785254037844383745, 1.175240473580833500, 2.208333333333333037 ) ) ;
#3718 = CARTESIAN_POINT ( 'NONE',  ( 0.6785254037844383745, 1.175240473580833500, -1.229166666666667407 ) ) ;
#3719 = CARTESIAN_POINT ( 'NONE',  ( -1.357050807568875417, 1.080983497915110492E-16, -0.1250000000000009714 ) ) ;
#3720 = CARTESIAN_POINT ( 'NONE',  ( 0.000000000000000000, 1.558265636316165435E-17, -5.549354535729332127 ) ) ;
#3721 =( BOUNDED_CURVE ( )  B_SPLINE_CURVE ( 2, ( #2062, #325, #1174, #32, #4474, #3193, #1979 ),
 .UNSPECIFIED., .F., .F. ) 
 B_SPLINE_CURVE_WITH_KNOTS ( ( 3, 2, 2, 3 ),
 ( 0.6666666666666665186, 0.6728395061728393856, 0.6790123456790121415, 0.6851851851851850084 ),
 .UNSPECIFIED. ) 
 CURVE ( )  GEOMETRIC_REPRESENTATION_ITEM ( )  RATIONAL_B_SPLINE_CURVE ( ( 1.000000000000002442, 0.8660254037844362651, 1.000000000000000000, 0.8660254037844387076, 1.000000000000000000, 0.8660254037844434816, 0.9999999999999952260 ) ) 
 REPRESENTATION_ITEM ( '' )  );
#3722 = ADVANCED_FACE ( 'NONE', ( #4478 ), #1236, .T. ) ;
#3723 = CARTESIAN_POINT ( 'NONE',  ( 1.299038105676657562, -0.7500000000000005551, -4.166666666666667851 ) ) ;
#3724 = AXIS2_PLACEMENT_3D ( 'NONE', #4185, #141, #2147 ) ;
#3725 = CARTESIAN_POINT ( 'NONE',  ( -0.6785254037844380415, -1.175240473580833944, 1.020833333333332815 ) ) ;
#3726 = CARTESIAN_POINT ( 'NONE',  ( -1.299038105676658006, -0.7499999999999995559, -4.333333333333333925 ) ) ;
#3727 = CARTESIAN_POINT ( 'NONE',  ( -0.6785254037844375974, 1.175240473580834166, -4.708333333333333037 ) ) ;
#3728 = ADVANCED_FACE ( 'NONE', ( #4156 ), #3755, .T. ) ;
#3729 = CARTESIAN_POINT ( 'NONE',  ( 1.732050807568876971, -2.931696182144386422E-16, 2.437500000000000000 ) ) ;
#3730 = ORIENTED_EDGE ( 'NONE', *, *, #1014, .T. ) ;
#3731 = CARTESIAN_POINT ( 'NONE',  ( -1.836970198721029688E-16, -1.499999999999999778, -1.687499999999999556 ) ) ;
#3732 = CARTESIAN_POINT ( 'NONE',  ( 0.6785254037844384856, 1.175240473580833722, 4.208333333333333037 ) ) ;
#3733 = CARTESIAN_POINT ( 'NONE',  ( -1.322475605676658450, 0.7635316469341323353, 5.098958333333332149 ) ) ;
#3734 = CARTESIAN_POINT ( 'NONE',  ( 0.000000000000000000, 1.175240473580833944, 5.812500000000000000 ) ) ;
#3735 = CARTESIAN_POINT ( 'NONE',  ( 0.000000000000000000, 1.499999999999999778, -2.937499999999999112 ) ) ;
#3736 = DIRECTION ( 'NONE',  ( -0.000000000000000000, -0.000000000000000000, 1.000000000000000000 ) ) ;
#3737 = VERTEX_POINT ( 'NONE', #3300 ) ;
#3738 = CYLINDRICAL_SURFACE ( 'NONE', #3387, 1.499999999999999778 ) ;
#3739 = CARTESIAN_POINT ( 'NONE',  ( -1.017788105676656674, 0.5876202367904170831, -4.104166666666667851 ) ) ;
#3740 = CARTESIAN_POINT ( 'NONE',  ( 1.017788105676657118, 0.5876202367904160839, -1.833333333333333481 ) ) ;
#3741 = CARTESIAN_POINT ( 'NONE',  ( -1.763300807568877859, 1.329739878991918111E-16, 4.671875000000000000 ) ) ;
#3742 = CARTESIAN_POINT ( 'NONE',  ( -1.017788105676656896, -0.5876202367904167501, 5.979166666666665186 ) ) ;
#3743 = CARTESIAN_POINT ( 'NONE',  ( -0.8816504037844387076, 1.527063293868264449, -0.4427083333333340365 ) ) ;
#3744 = CARTESIAN_POINT ( 'NONE',  ( 1.357050807568875417, -2.242832357623997763E-16, -2.312500000000000444 ) ) ;
#3745 = CARTESIAN_POINT ( 'NONE',  ( 1.017788105676656452, -0.5876202367904175272, 1.583333333333332371 ) ) ;
#3746 = EDGE_CURVE ( 'NONE', #801, #2708, #3703, .T. ) ;
#3747 = CARTESIAN_POINT ( 'NONE',  ( 1.017788105676657118, 0.5876202367904160839, -2.270833333333333925 ) ) ;
#3748 = CARTESIAN_POINT ( 'NONE',  ( -0.6785254037844375974, 1.175240473580834166, -0.7083333333333341475 ) ) ;
#3749 = LINE ( 'NONE', #1730, #4408 ) ;
#3750 = CARTESIAN_POINT ( 'NONE',  ( -1.836970198721029688E-16, -1.499999999999999778, 0.2499999999999990286 ) ) ;
#3751 = CARTESIAN_POINT ( 'NONE',  ( 0.000000000000000000, 1.175240473580833944, 0.8124999999999998890 ) ) ;
#3752 = CARTESIAN_POINT ( 'NONE',  ( -1.836970198721029688E-16, -1.499999999999999778, 5.750000000000000000 ) ) ;
#3753 = CARTESIAN_POINT ( 'NONE',  ( -1.439254484199187653E-16, -1.175240473580833944, -3.500000000000000444 ) ) ;
#3754 =( BOUNDED_CURVE ( )  B_SPLINE_CURVE ( 2, ( #425, #5276, #2036, #1280, #3679, #1632, #482 ),
 .UNSPECIFIED., .F., .F. ) 
 B_SPLINE_CURVE_WITH_KNOTS ( ( 3, 2, 2, 3 ),
 ( 0.1851851851851850639, 0.1913580246913579308, 0.1975308641975307700, 0.2037037037037036369 ),
 .UNSPECIFIED. ) 
 CURVE ( )  GEOMETRIC_REPRESENTATION_ITEM ( )  RATIONAL_B_SPLINE_CURVE ( ( 1.000000000000002442, 0.8660254037844362651, 1.000000000000000000, 0.8660254037844387076, 1.000000000000000000, 0.8660254037844399289, 0.9999999999999987788 ) ) 
 REPRESENTATION_ITEM ( '' )  );
#3755 = CYLINDRICAL_SURFACE ( 'NONE', #3126, 1.499999999999999778 ) ;
#3756 = ORIENTED_EDGE ( 'NONE', *, *, #2494, .T. ) ;
#3757 = CARTESIAN_POINT ( 'NONE',  ( 0.000000000000000000, 1.499999999999999778, -1.437499999999999112 ) ) ;
#3758 = CARTESIAN_POINT ( 'NONE',  ( 0.000000000000000000, 1.527063293868264227, -4.953124999999999112 ) ) ;
#3759 = CARTESIAN_POINT ( 'NONE',  ( -1.763300807568877859, 1.329739878991918111E-16, 6.640624999999999112 ) ) ;
#3760 = CARTESIAN_POINT ( 'NONE',  ( -1.017788105676656896, -0.5876202367904167501, 5.479166666666665186 ) ) ;
#3761 = CARTESIAN_POINT ( 'NONE',  ( 0.000000000000000000, 1.558265636316165435E-17, -5.549354535729332127 ) ) ;
#3762 = FACE_OUTER_BOUND ( 'NONE', #4257, .T. ) ;
#3763 = VERTEX_POINT ( 'NONE', #2009 ) ;
#3764 = EDGE_CURVE ( 'NONE', #588, #4382, #3208, .T. ) ;
#3765 = CALENDAR_DATE ( 2026, 8, 1 ) ;
#3766 = CARTESIAN_POINT ( 'NONE',  ( 0.000000000000000000, 1.175240473580833944, -1.750000000000000666 ) ) ;
#3767 = CARTESIAN_POINT ( 'NONE',  ( -1.322475605676658672, -0.7635316469341317802, 5.713541666666666075 ) ) ;
#3768 = CARTESIAN_POINT ( 'NONE',  ( -1.439254484199187653E-16, -1.175240473580833944, 0.06249999999999918815 ) ) ;
#3769 = CARTESIAN_POINT ( 'NONE',  ( 0.000000000000000000, 1.527063293868264227, -0.9843750000000000000 ) ) ;
#3770 = CARTESIAN_POINT ( 'NONE',  ( -1.357050807568875417, 1.080983497915110492E-16, -2.062500000000000000 ) ) ;
#3771 = CARTESIAN_POINT ( 'NONE',  ( 1.732050807568876971, -2.931696182144386422E-16, 0.8749999999999996669 ) ) ;
#3772 = CARTESIAN_POINT ( 'NONE',  ( -1.017788105676656674, 0.5876202367904170831, 4.833333333333332149 ) ) ;
#3773 = CARTESIAN_POINT ( 'NONE',  ( 0.6785254037844383745, 1.175240473580833500, -1.729166666666666963 ) ) ;
#3774 = CARTESIAN_POINT ( 'NONE',  ( 0.6785254037844384856, 1.175240473580833722, 0.2083333333333329540 ) ) ;
#3775 = CARTESIAN_POINT ( 'NONE',  ( 0.7500000000000001110, -1.336911000135114205E-15, 5.883974596215562514 ) ) ;
#3776 = ADVANCED_FACE ( 'NONE', ( #3650 ), #4557, .T. ) ;
#3777 = DIRECTION ( 'NONE',  ( 0.000000000000000000, -1.000000000000000000, 0.000000000000000000 ) ) ;
#3778 = CARTESIAN_POINT ( 'NONE',  ( 1.357050807568875417, -2.242832357623997763E-16, 3.687500000000000000 ) ) ;
#3779 = CARTESIAN_POINT ( 'NONE',  ( -1.299038105676658006, -0.7499999999999995559, 1.666666666666665853 ) ) ;
#3780 = CARTESIAN_POINT ( 'NONE',  ( 1.357050807568875417, -2.242832357623997763E-16, -3.375000000000000444 ) ) ;
#3781 = CARTESIAN_POINT ( 'NONE',  ( -0.8660254037844383745, 1.499999999999999778, -2.395833333333332593 ) ) ;
#3782 = ORIENTED_EDGE ( 'NONE', *, *, #2958, .F. ) ;
#3783 = CARTESIAN_POINT ( 'NONE',  ( -1.836970198721029688E-16, -1.499999999999999778, -4.187500000000000000 ) ) ;
#3784 = CARTESIAN_POINT ( 'NONE',  ( -1.763300807568877859, 1.329739878991918111E-16, -4.828125000000000000 ) ) ;
#3785 = CARTESIAN_POINT ( 'NONE',  ( -1.017788105676656674, 0.5876202367904170831, -5.104166666666666963 ) ) ;
#3786 = CARTESIAN_POINT ( 'NONE',  ( 1.357050807568875417, -2.242832357623997763E-16, -4.375000000000000000 ) ) ;
#3787 = CARTESIAN_POINT ( 'NONE',  ( -0.09746422677342378438, -1.488905115855616135, -5.261094884144381645 ) ) ;
#3788 = CARTESIAN_POINT ( 'NONE',  ( -1.836970198721029688E-16, -1.499999999999999778, -3.187499999999999556 ) ) ;
#3789 = ORIENTED_EDGE ( 'NONE', *, *, #2121, .F. ) ;
#3790 = CARTESIAN_POINT ( 'NONE',  ( 0.000000000000000000, 0.000000000000000000, 0.000000000000000000 ) ) ;
#3791 = CARTESIAN_POINT ( 'NONE',  ( 0.8660254037844379305, -1.500000000000000222, 4.791666666666666075 ) ) ;
#3792 = CARTESIAN_POINT ( 'NONE',  ( -1.322475605676658672, -0.7635316469341317802, 4.213541666666666963 ) ) ;
#3793 = CARTESIAN_POINT ( 'NONE',  ( 0.000000000000000000, 1.175240473580833944, 1.312499999999999334 ) ) ;
#3794 = CARTESIAN_POINT ( 'NONE',  ( -1.870113174931183868E-16, -1.527063293868264227, -1.234375000000000222 ) ) ;
#3795 = CARTESIAN_POINT ( 'NONE',  ( 1.017788105676656452, -0.5876202367904175272, -3.354166666666667407 ) ) ;
#3796 = CARTESIAN_POINT ( 'NONE',  ( 1.732050807568876971, -2.931696182144386422E-16, -2.062499999999999556 ) ) ;
#3797 = EDGE_CURVE ( 'NONE', #1709, #2315, #3754, .T. ) ;
#3798 = CARTESIAN_POINT ( 'NONE',  ( -1.357050807568875417, 1.080983497915110246E-16, 3.875000000000000000 ) ) ;
#3799 = CARTESIAN_POINT ( 'NONE',  ( 1.017788105676656452, -0.5876202367904175272, -1.854166666666667185 ) ) ;
#3800 = CARTESIAN_POINT ( 'NONE',  ( 1.017788105676657118, 0.5876202367904160839, -0.3333333333333339255 ) ) ;
#3801 = CARTESIAN_POINT ( 'NONE',  ( 0.3415055825098481934, -1.200310236276884490, -5.513916150861080112 ) ) ;
#3802 = EDGE_CURVE ( 'NONE', #3611, #1826, #1605, .T. ) ;
#3803 = CARTESIAN_POINT ( 'NONE',  ( 1.017788105676656452, -0.5876202367904175272, 0.08333333333333282911 ) ) ;
#3804 = DIRECTION ( 'NONE',  ( -0.000000000000000000, 3.457852702097173358E-17, 1.000000000000000000 ) ) ;
#3805 = CARTESIAN_POINT ( 'NONE',  ( -0.6785254037844380415, -1.175240473580833944, 4.520833333333333925 ) ) ;
#3806 = CARTESIAN_POINT ( 'NONE',  ( 1.340024931520067186, -0.6644124138630068677, 5.831999671971654031 ) ) ;
#3807 = CARTESIAN_POINT ( 'NONE',  ( 1.357050807568875417, -2.242832357623997763E-16, -2.375000000000000444 ) ) ;
#3808 = CARTESIAN_POINT ( 'NONE',  ( 0.000000000000000000, 1.100112572632367757E-14, 4.629487298107783033 ) ) ;
#3809 = EDGE_LOOP ( 'NONE', ( #5037, #578, #2767, #2382 ) ) ;
#3810 = CARTESIAN_POINT ( 'NONE',  ( 0.000000000000000000, 1.558265636316165435E-17, -5.549354535729332127 ) ) ;
#3811 = CARTESIAN_POINT ( 'NONE',  ( 1.357050807568875417, -2.242832357623997763E-16, 6.624999999999999112 ) ) ;
#3812 = CARTESIAN_POINT ( 'NONE',  ( -0.6785254037844380415, -1.175240473580833944, -4.479166666666666963 ) ) ;
#3813 = CARTESIAN_POINT ( 'NONE',  ( 0.6785254037844372643, -1.175240473580834166, -5.958333333333333037 ) ) ;
#3814 = CARTESIAN_POINT ( 'NONE',  ( -1.299038105676658006, -0.7499999999999995559, -2.770833333333333037 ) ) ;
#3815 = CARTESIAN_POINT ( 'NONE',  ( 0.8660254037844393737, 1.499999999999999334, 1.520833333333333481 ) ) ;
#3816 = VERTEX_POINT ( 'NONE', #827 ) ;
#3817 = CARTESIAN_POINT ( 'NONE',  ( 1.732050807568876971, -2.931696182144386422E-16, 0.4375000000000006661 ) ) ;
#3818 = DIRECTION ( 'NONE',  ( -0.000000000000000000, 3.457852702097173358E-17, 1.000000000000000000 ) ) ;
#3819 = CARTESIAN_POINT ( 'NONE',  ( 1.322475605676658228, -0.7635316469341327794, 5.380208333333333037 ) ) ;
#3820 = CARTESIAN_POINT ( 'NONE',  ( -1.017788105676656896, -0.5876202367904167501, -1.020833333333333703 ) ) ;
#3821 = CARTESIAN_POINT ( 'NONE',  ( 1.322475605676659116, 0.7635316469341311141, 1.932291666666665408 ) ) ;
#3822 = CARTESIAN_POINT ( 'NONE',  ( 1.357050807568875417, -2.242832357623997763E-16, 1.687499999999999778 ) ) ;
#3823 = CARTESIAN_POINT ( 'NONE',  ( -1.836970198721029688E-16, -1.499999999999999778, -2.250000000000000888 ) ) ;
#3824 = CARTESIAN_POINT ( 'NONE',  ( -0.6785254037844375974, 1.175240473580834166, 5.291666666666666963 ) ) ;
#3825 = ORIENTED_EDGE ( 'NONE', *, *, #1401, .F. ) ;
#3826 = CONICAL_SURFACE ( 'NONE', #657, 0.7500000000000001110, 1.047197551196600074 ) ;
#3827 = CARTESIAN_POINT ( 'NONE',  ( -1.017788105676656896, -0.5876202367904167501, -1.520833333333334147 ) ) ;
#3828 = CARTESIAN_POINT ( 'NONE',  ( -0.6785254037844375974, 1.175240473580834166, 1.291666666666665853 ) ) ;
#3829 = EDGE_CURVE ( 'NONE', #4077, #172, #2470, .T. ) ;
#3830 = CARTESIAN_POINT ( 'NONE',  ( 1.017788105676657118, 0.5876202367904160839, 0.1666666666666665186 ) ) ;
#3831 = CYLINDRICAL_SURFACE ( 'NONE', #1752, 1.499999999999999778 ) ;
#3832 = CARTESIAN_POINT ( 'NONE',  ( 1.017788105676657118, 0.5876202367904160839, 3.229166666666666519 ) ) ;
#3833 = CARTESIAN_POINT ( 'NONE',  ( 1.299038105676657562, -0.7500000000000005551, 4.333333333333333037 ) ) ;
#3834 = CARTESIAN_POINT ( 'NONE',  ( -1.439254484199187653E-16, -1.175240473580833944, -4.000000000000000000 ) ) ;
#3835 = CONICAL_SURFACE ( 'NONE', #3408, 1.499999999999999556, 0.9599310885968781459 ) ;
#3836 = CARTESIAN_POINT ( 'NONE',  ( 0.000000000000000000, 1.499999999999999778, 4.562500000000000000 ) ) ;
#3837 = ORIENTED_EDGE ( 'NONE', *, *, #4154, .T. ) ;
#3838 = LINE ( 'NONE', #2093, #1947 ) ;
#3839 = CARTESIAN_POINT ( 'NONE',  ( 0.6785254037844372643, -1.175240473580834166, 6.541666666666665186 ) ) ;
#3840 = CARTESIAN_POINT ( 'NONE',  ( -1.017788105676656896, -0.5876202367904167501, -4.520833333333333037 ) ) ;
#3841 = CARTESIAN_POINT ( 'NONE',  ( -1.357050807568875417, 1.080983497915110492E-16, -4.625000000000000888 ) ) ;
#3842 = DIRECTION ( 'NONE',  ( 1.000000000000000000, 0.000000000000000000, 0.000000000000000000 ) ) ;
#3843 = CARTESIAN_POINT ( 'NONE',  ( 0.000000000000000000, 1.558265636316165435E-17, -5.549354535729332127 ) ) ;
#3844 = EDGE_CURVE ( 'NONE', #1425, #398, #4925, .T. ) ;
#3845 = ORIENTED_EDGE ( 'NONE', *, *, #1650, .F. ) ;
#3846 = PERSON_AND_ORGANIZATION ( #3890, #3642 ) ;
#3847 = LINE ( 'NONE', #4725, #400 ) ;
#3848 = CARTESIAN_POINT ( 'NONE',  ( -1.322475605676658450, 0.7635316469341323353, 5.630208333333333037 ) ) ;
#3849 = CARTESIAN_POINT ( 'NONE',  ( -0.6785254037844380415, -1.175240473580833722, 0.5208333333333332593 ) ) ;
#3850 = CARTESIAN_POINT ( 'NONE',  ( -0.8816504037844393737, -1.527063293868264005, -0.2760416666666666297 ) ) ;
#3851 = CARTESIAN_POINT ( 'NONE',  ( -1.017788105676656896, -0.5876202367904167501, 1.479166666666665853 ) ) ;
#3852 = CARTESIAN_POINT ( 'NONE',  ( 0.000000000000000000, 1.499999999999999778, -1.937499999999999778 ) ) ;
#3853 = CARTESIAN_POINT ( 'NONE',  ( 1.357050807568875417, -2.242832357623997763E-16, 3.624999999999999556 ) ) ;
#3854 = ORIENTED_EDGE ( 'NONE', *, *, #3860, .T. ) ;
#3855 = ORIENTED_EDGE ( 'NONE', *, *, #1462, .F. ) ;
#3856 = CARTESIAN_POINT ( 'NONE',  ( -1.299038105676658006, -0.7499999999999995559, -4.270833333333333037 ) ) ;
#3857 = CARTESIAN_POINT ( 'NONE',  ( -1.017788105676656896, -0.5876202367904167501, -4.583333333333333037 ) ) ;
#3858 = CARTESIAN_POINT ( 'NONE',  ( -0.6785254037844375974, 1.175240473580834166, 4.291666666666665186 ) ) ;
#3859 = CARTESIAN_POINT ( 'NONE',  ( -1.017788105676656896, -0.5876202367904167501, 3.479166666666666963 ) ) ;
#3860 = EDGE_CURVE ( 'NONE', #3559, #4957, #1664, .T. ) ;
#3861 = CARTESIAN_POINT ( 'NONE',  ( 1.017788105676656452, -0.5876202367904175272, -1.916666666666667185 ) ) ;
#3862 = CARTESIAN_POINT ( 'NONE',  ( -7.047314121155778821E-16, 0.8660254037844385966, 6.000000000000000000 ) ) ;
#3863 = ORIENTED_EDGE ( 'NONE', *, *, #2516, .F. ) ;
#3864 = CYLINDRICAL_SURFACE ( 'NONE', #914, 1.499999999999999778 ) ;
#3865 = CARTESIAN_POINT ( 'NONE',  ( -1.870113174931183868E-16, -1.527063293868264227, -5.203124999999999112 ) ) ;
#3866 = CARTESIAN_POINT ( 'NONE',  ( 1.017788105676656452, -0.5876202367904175272, -5.354166666666666963 ) ) ;
#3867 = CARTESIAN_POINT ( 'NONE',  ( -0.6785254037844375974, 1.175240473580834166, -5.208333333333333037 ) ) ;
#3868 = CARTESIAN_POINT ( 'NONE',  ( -1.836970198721029688E-16, -1.499999999999999778, 0.8125000000000002220 ) ) ;
#3869 =( BOUNDED_CURVE ( )  B_SPLINE_CURVE ( 2, ( #579, #2702, #1386, #2220, #5109, #4285, #3051 ),
 .UNSPECIFIED., .F., .F. ) 
 B_SPLINE_CURVE_WITH_KNOTS ( ( 3, 2, 2, 3 ),
 ( 0.3481618411326514728, 0.3543346806388243397, 0.3605075201449972067, 0.3666803596511699626 ),
 .UNSPECIFIED. ) 
 CURVE ( )  GEOMETRIC_REPRESENTATION_ITEM ( )  RATIONAL_B_SPLINE_CURVE ( ( 1.000000000000000000, 0.8660254037844387076, 1.000000000000000000, 0.8660254037844387076, 1.000000000000000000, 0.8660254037844387076, 1.000000000000000000 ) ) 
 REPRESENTATION_ITEM ( '' )  );
#3870 = VECTOR ( 'NONE', #3932, 1000.000000000000000 ) ;
#3871 = LINE ( 'NONE', #4721, #40 ) ;
#3872 = ORIENTED_EDGE ( 'NONE', *, *, #3574, .T. ) ;
#3873 = CARTESIAN_POINT ( 'NONE',  ( -0.6914021854061448424, -0.4668441659219055850, 5.966168535970312270 ) ) ;
#3874 = CARTESIAN_POINT ( 'NONE',  ( 1.836970198721029688E-16, 1.499999999999999778, -5.549354535729332127 ) ) ;
#3875 = CARTESIAN_POINT ( 'NONE',  ( 0.6785254037844383745, 1.175240473580833500, -0.2291666666666674623 ) ) ;
#3876 = CARTESIAN_POINT ( 'NONE',  ( 0.000000000000000000, 1.527063293868264227, 2.015625000000000000 ) ) ;
#3877 = CARTESIAN_POINT ( 'NONE',  ( 1.017788105676656452, -0.5876202367904175272, 1.145833333333332815 ) ) ;
#3878 = CARTESIAN_POINT ( 'NONE',  ( -0.8660254037844414832, -1.499999999999996003, -3.229166666666666963 ) ) ;
#3879 = CARTESIAN_POINT ( 'NONE',  ( 0.6785254037844372643, -1.175240473580834166, 4.541666666666666963 ) ) ;
#3880 = ORIENTED_EDGE ( 'NONE', *, *, #2976, .T. ) ;
#3881 = VERTEX_POINT ( 'NONE', #507 ) ;
#3882 = FACE_OUTER_BOUND ( 'NONE', #1075, .T. ) ;
#3883 = CARTESIAN_POINT ( 'NONE',  ( -0.6785254037844375974, 1.175240473580834166, -4.708333333333333037 ) ) ;
#3884 = CARTESIAN_POINT ( 'NONE',  ( -1.439254484199187653E-16, -1.175240473580833944, 4.999999999999999112 ) ) ;
#3885 = CARTESIAN_POINT ( 'NONE',  ( -0.6785254037844380415, -1.175240473580833944, 2.520833333333333481 ) ) ;
#3886 = CARTESIAN_POINT ( 'NONE',  ( -1.439254484199187653E-16, -1.175240473580833944, -8.673617379884035472E-16 ) ) ;
#3887 = VECTOR ( 'NONE', #2590, 1000.000000000000000 ) ;
#3888 = CARTESIAN_POINT ( 'NONE',  ( -1.836970198721029688E-16, -1.499999999999999778, -2.687499999999999556 ) ) ;
#3889 = VERTEX_POINT ( 'NONE', #3862 ) ;
#3890 = PERSON ( 'UNSPECIFIED', 'UNSPECIFIED', 'UNSPECIFIED', ('UNSPECIFIED'), ('UNSPECIFIED'), ('UNSPECIFIED') ) ;
#3891 = CARTESIAN_POINT ( 'NONE',  ( -0.8660254037844391517, -1.499999999999999334, 5.270833333333333037 ) ) ;
#3892 = CARTESIAN_POINT ( 'NONE',  ( 1.322475605676659116, 0.7635316469341311141, -4.036458333333333037 ) ) ;
#3893 = CARTESIAN_POINT ( 'NONE',  ( -1.357050807568875417, 1.080983497915110492E-16, -5.062500000000000000 ) ) ;
#3894 = CARTESIAN_POINT ( 'NONE',  ( -0.6785254037844375974, 1.175240473580834166, -4.208333333333333925 ) ) ;
#3895 = FACE_OUTER_BOUND ( 'NONE', #4283, .T. ) ;
#3896 = CARTESIAN_POINT ( 'NONE',  ( 0.000000000000000000, 1.499999999999999778, -1.000000000000000444 ) ) ;
#3897 = ORIENTED_EDGE ( 'NONE', *, *, #2458, .T. ) ;
#3898 = AXIS2_PLACEMENT_3D ( 'NONE', #1872, #2381, #1520 ) ;
#3899 = EDGE_CURVE ( 'NONE', #4876, #4748, #171, .T. ) ;
#3900 = CARTESIAN_POINT ( 'NONE',  ( -0.7500000000000000000, 0.2990323805527669299, 5.933009839330274815 ) ) ;
#3901 = CARTESIAN_POINT ( 'NONE',  ( -1.299038105676657784, 0.7500000000000001110, -1.854166666666666075 ) ) ;
#3902 =( BOUNDED_CURVE ( )  B_SPLINE_CURVE ( 2, ( #2512, #1353, #4226, #4173, #547, #101, #3823 ),
 .UNSPECIFIED., .F., .F. ) 
 B_SPLINE_CURVE_WITH_KNOTS ( ( 3, 2, 2, 3 ),
 ( 0.6814951744659848432, 0.6876680139721575991, 0.6938408534783304660, 0.7000136929845033329 ),
 .UNSPECIFIED. ) 
 CURVE ( )  GEOMETRIC_REPRESENTATION_ITEM ( )  RATIONAL_B_SPLINE_CURVE ( ( 1.000000000000000000, 0.8660254037844387076, 1.000000000000000000, 0.8660254037844387076, 1.000000000000000000, 0.8660254037844387076, 1.000000000000000000 ) ) 
 REPRESENTATION_ITEM ( '' )  );
#3903 = CARTESIAN_POINT ( 'NONE',  ( -0.6785254037844380415, -1.175240473580833722, 3.020833333333332149 ) ) ;
#3904 = CARTESIAN_POINT ( 'NONE',  ( -1.322475605676658672, -0.7635316469341317802, 0.6822916666666660745 ) ) ;
#3905 = CARTESIAN_POINT ( 'NONE',  ( -0.6785254037844380415, -1.175240473580833944, 1.520833333333332371 ) ) ;
#3906 = CARTESIAN_POINT ( 'NONE',  ( -1.732050807568876971, 1.310604772755240004E-16, 0.1875000000000004718 ) ) ;
#3907 = CC_DESIGN_APPROVAL ( #941, ( #3213 ) ) ;
#3908 = CARTESIAN_POINT ( 'NONE',  ( -0.6785254037844380415, -1.175240473580833722, 5.958333333333333037 ) ) ;
#3909 = ORIENTED_EDGE ( 'NONE', *, *, #3270, .T. ) ;
#3910 = CARTESIAN_POINT ( 'NONE',  ( -0.8816504037844393737, -1.527063293868264005, -0.7447916666666661856 ) ) ;
#3911 = DIRECTION ( 'NONE',  ( -0.8660254037844388186, 0.4999999999999996669, 0.000000000000000000 ) ) ;
#3912 = VECTOR ( 'NONE', #4865, 1000.000000000000000 ) ;
#3913 = CARTESIAN_POINT ( 'NONE',  ( -1.439254484199187653E-16, -1.175240473580833944, 2.499999999999998668 ) ) ;
#3914 = CARTESIAN_POINT ( 'NONE',  ( -1.017788105676656674, 0.5876202367904170831, 4.895833333333332149 ) ) ;
#3915 = CARTESIAN_POINT ( 'NONE',  ( -1.357050807568875417, 1.080983497915110246E-16, -1.625000000000000888 ) ) ;
#3916 = FACE_OUTER_BOUND ( 'NONE', #1032, .T. ) ;
#3917 = ORIENTED_EDGE ( 'NONE', *, *, #3677, .F. ) ;
#3918 = CARTESIAN_POINT ( 'NONE',  ( -1.836970198721029688E-16, -1.499999999999999778, 5.750000000000000000 ) ) ;
#3919 = CARTESIAN_POINT ( 'NONE',  ( 1.322475605676658228, -0.7635316469341327794, -4.119791666666666963 ) ) ;
#3920 = CARTESIAN_POINT ( 'NONE',  ( -1.017788105676656896, -0.5876202367904167501, -2.520833333333333481 ) ) ;
#3921 = CARTESIAN_POINT ( 'NONE',  ( 0.000000000000000000, 1.175240473580833944, -3.250000000000000444 ) ) ;
#3922 = CARTESIAN_POINT ( 'NONE',  ( -0.8660254037844569153, -1.499999999999968248, 3.770833333333331705 ) ) ;
#3923 = VECTOR ( 'NONE', #3117, 1000.000000000000000 ) ;
#3924 = DIRECTION ( 'NONE',  ( 0.000000000000000000, -1.000000000000000000, 0.000000000000000000 ) ) ;
#3925 = EDGE_LOOP ( 'NONE', ( #5096, #2655, #2531, #3854, #1084 ) ) ;
#3926 = CARTESIAN_POINT ( 'NONE',  ( 0.2469154890836027239, -1.479538016155923286, 5.824948115447571517 ) ) ;
#3927 = CARTESIAN_POINT ( 'NONE',  ( -0.8660254037844383745, 1.499999999999999778, 4.604166666666666963 ) ) ;
#3928 = CARTESIAN_POINT ( 'NONE',  ( -1.017788105676656896, -0.5876202367904167501, 1.416666666666665853 ) ) ;
#3929 = CARTESIAN_POINT ( 'NONE',  ( -0.6785254037844380415, -1.175240473580833722, 1.520833333333332371 ) ) ;
#3930 = CARTESIAN_POINT ( 'NONE',  ( 0.8816504037844398178, 1.527063293868264005, 0.9739583333333327042 ) ) ;
#3931 = CARTESIAN_POINT ( 'NONE',  ( 1.357050807568875417, -2.242832357623997763E-16, 0.6874999999999997780 ) ) ;
#3932 = DIRECTION ( 'NONE',  ( -0.000000000000000000, 3.457852702097173358E-17, 1.000000000000000000 ) ) ;
#3933 = EDGE_CURVE ( 'NONE', #2100, #284, #3432, .T. ) ;
#3934 = ORIENTED_EDGE ( 'NONE', *, *, #709, .T. ) ;
#3935 = ORIENTED_EDGE ( 'NONE', *, *, #446, .T. ) ;
#3936 =( BOUNDED_CURVE ( )  B_SPLINE_CURVE ( 2, ( #615, #4716, #4268, #3572, #589, #3891, #4341 ),
 .UNSPECIFIED., .F., .F. ) 
 B_SPLINE_CURVE_WITH_KNOTS ( ( 3, 2, 2, 3 ),
 ( 0.8518518518518518601, 0.8580246913580247270, 0.8641975308641974829, 0.8703703703703703498 ),
 .UNSPECIFIED. ) 
 CURVE ( )  GEOMETRIC_REPRESENTATION_ITEM ( )  RATIONAL_B_SPLINE_CURVE ( ( 1.000000000000000000, 0.8660254037844387076, 1.000000000000000000, 0.8660254037844387076, 1.000000000000000000, 0.8660254037844387076, 1.000000000000000000 ) ) 
 REPRESENTATION_ITEM ( '' )  );
#3937 = CARTESIAN_POINT ( 'NONE',  ( -1.763300807568877859, 1.329739878991918111E-16, -0.3281250000000003331 ) ) ;
#3938 = CARTESIAN_POINT ( 'NONE',  ( -0.8234078741658947820, -0.8385640366150367564, 5.999999999999922728 ) ) ;
#3939 = DIRECTION ( 'NONE',  ( 0.000000000000000000, -1.000000000000000000, 0.000000000000000000 ) ) ;
#3940 = CARTESIAN_POINT ( 'NONE',  ( 1.377727649040772389E-16, 0.7500000000000000000, -6.000000000000000000 ) ) ;
#3941 = CARTESIAN_POINT ( 'NONE',  ( -1.357050807568875417, 1.080983497915110492E-16, 3.374999999999999556 ) ) ;
#3942 = CARTESIAN_POINT ( 'NONE',  ( 0.000000000000000000, 1.175240473580833944, -0.2500000000000002220 ) ) ;
#3943 = CYLINDRICAL_SURFACE ( 'NONE', #2434, 1.499999999999999778 ) ;
#3944 = ORIENTED_EDGE ( 'NONE', *, *, #4897, .T. ) ;
#3945 = CARTESIAN_POINT ( 'NONE',  ( -0.4776591983066162395, 1.256735112497027407, 5.936402255050940546 ) ) ;
#3946 = CARTESIAN_POINT ( 'NONE',  ( -1.322475605676658450, 0.7635316469341323353, -2.369791666666666963 ) ) ;
#3947 = CARTESIAN_POINT ( 'NONE',  ( 1.357050807568875417, -2.242832357623997763E-16, -0.8125000000000007772 ) ) ;
#3948 = CARTESIAN_POINT ( 'NONE',  ( 1.299038105676657562, -0.7500000000000005551, -5.104166666666666963 ) ) ;
#3949 = CYLINDRICAL_SURFACE ( 'NONE', #4738, 1.499999999999999778 ) ;
#3950 = ORIENTED_EDGE ( 'NONE', *, *, #3567, .F. ) ;
#3951 = CALENDAR_DATE ( 2026, 8, 1 ) ;
#3952 = CYLINDRICAL_SURFACE ( 'NONE', #2463, 1.499999999999999778 ) ;
#3953 = CARTESIAN_POINT ( 'NONE',  ( 0.8816504037844384856, -1.527063293868264893, 6.338541666666666963 ) ) ;
#3954 = CARTESIAN_POINT ( 'NONE',  ( 1.357050807568875417, -2.242832357623997763E-16, 1.124999999999999334 ) ) ;
#3955 = CARTESIAN_POINT ( 'NONE',  ( 0.000000000000000000, 1.175240473580833944, 2.812499999999999112 ) ) ;
#3956 = CARTESIAN_POINT ( 'NONE',  ( -0.8816504037844387076, 1.527063293868264449, 4.557291666666666075 ) ) ;
#3957 = CARTESIAN_POINT ( 'NONE',  ( -1.357050807568875417, 1.080983497915110492E-16, 3.437500000000000000 ) ) ;
#3958 = CARTESIAN_POINT ( 'NONE',  ( -1.299038105676657784, 0.7500000000000001110, 0.1458333333333340365 ) ) ;
#3959 = ORIENTED_EDGE ( 'NONE', *, *, #2945, .T. ) ;
#3960 = ORIENTED_EDGE ( 'NONE', *, *, #4841, .F. ) ;
#3961 = EDGE_CURVE ( 'NONE', #1577, #5270, #2772, .T. ) ;
#3962 = CARTESIAN_POINT ( 'NONE',  ( -1.322475605676658672, -0.7635316469341317802, -0.7864583333333334814 ) ) ;
#3963 = CARTESIAN_POINT ( 'NONE',  ( 0.000000000000000000, 1.527063293868264227, -5.484375000000000000 ) ) ;
#3964 = CARTESIAN_POINT ( 'NONE',  ( -0.6785254037844380415, -1.175240473580833944, -4.979166666666666963 ) ) ;
#3965 = ADVANCED_FACE ( 'NONE', ( #3460 ), #4584, .T. ) ;
#3966 = EDGE_CURVE ( 'NONE', #406, #1425, #715, .T. ) ;
#3967 = DIRECTION ( 'NONE',  ( 1.251928832280966188E-16, -1.000000000000000000, 0.000000000000000000 ) ) ;
#3968 = CARTESIAN_POINT ( 'NONE',  ( 0.1185178268629919762, -0.7975991045413205471, 5.937402991910150085 ) ) ;
#3969 = CARTESIAN_POINT ( 'NONE',  ( -1.017788105676656674, 0.5876202367904170831, -1.666666666666666963 ) ) ;
#3970 = DIRECTION ( 'NONE',  ( 0.000000000000000000, -1.000000000000000000, 0.000000000000000000 ) ) ;
#3971 = EDGE_LOOP ( 'NONE', ( #2789, #3107, #1811, #1126, #4938, #3960 ) ) ;
#3972 = CARTESIAN_POINT ( 'NONE',  ( -1.260078606498230780, -0.09803867519029783872, 5.992940784684852140 ) ) ;
#3973 = CARTESIAN_POINT ( 'NONE',  ( 0.000000000000000000, 1.527063293868264227, -4.453125000000000000 ) ) ;
#3974 = CARTESIAN_POINT ( 'NONE',  ( 0.6785254037844372643, -1.175240473580834166, -2.895833333333333925 ) ) ;
#3975 = CARTESIAN_POINT ( 'NONE',  ( -1.732050807568876971, 1.310604772755240251E-16, -0.8750000000000002220 ) ) ;
#3976 = VERTEX_POINT ( 'NONE', #3808 ) ;
#3977 = DATE_AND_TIME ( #2292, #4963 ) ;
#3978 = DIRECTION ( 'NONE',  ( -0.000000000000000000, 3.457852702097173358E-17, 1.000000000000000000 ) ) ;
#3979 = DIRECTION ( 'NONE',  ( -0.8660254037844397068, 1.060575238724908147E-16, 0.4999999999999979461 ) ) ;
#3980 = CARTESIAN_POINT ( 'NONE',  ( -1.017788105676656674, 0.5876202367904170831, 2.333333333333333037 ) ) ;
#3981 = CARTESIAN_POINT ( 'NONE',  ( -1.357050807568875417, 1.080983497915110246E-16, 3.937500000000000000 ) ) ;
#3982 = CARTESIAN_POINT ( 'NONE',  ( -0.8816504037844393737, -1.527063293868264005, 4.723958333333333925 ) ) ;
#3983 = CARTESIAN_POINT ( 'NONE',  ( 0.000000000000000000, 1.175240473580833944, 2.312499999999998668 ) ) ;
#3984 = DIRECTION ( 'NONE',  ( 0.000000000000000000, -3.457852702097173358E-17, -1.000000000000000000 ) ) ;
#3985 = ORIENTED_EDGE ( 'NONE', *, *, #4424, .T. ) ;
#3986 = CARTESIAN_POINT ( 'NONE',  ( -1.017788105676656896, -0.5876202367904167501, -5.520833333333333037 ) ) ;
#3987 = AXIS2_PLACEMENT_3D ( 'NONE', #397, #2923, #4129 ) ;
#3988 = CARTESIAN_POINT ( 'NONE',  ( 0.8816504037844384856, -1.527063293868264893, 0.3385416666666666852 ) ) ;
#3989 = CARTESIAN_POINT ( 'NONE',  ( -0.8816504037844387076, 1.527063293868264449, -3.442708333333333481 ) ) ;
#3990 = CARTESIAN_POINT ( 'NONE',  ( -1.017788105676656674, 0.5876202367904170831, -5.604166666666666963 ) ) ;
#3991 = CARTESIAN_POINT ( 'NONE',  ( 1.357050807568875417, -2.242832357623997763E-16, -2.375000000000000444 ) ) ;
#3992 = CARTESIAN_POINT ( 'NONE',  ( -0.6785254037844375974, 1.175240473580834166, 5.791666666666665186 ) ) ;
#3993 = CARTESIAN_POINT ( 'NONE',  ( -1.439254484199187653E-16, -1.175240473580833944, 1.499999999999999556 ) ) ;
#3994 = EDGE_CURVE ( 'NONE', #1563, #1577, #1493, .T. ) ;
#3995 = ORIENTED_EDGE ( 'NONE', *, *, #5183, .T. ) ;
#3996 = CARTESIAN_POINT ( 'NONE',  ( -1.870113174931183868E-16, -1.527063293868264227, -3.703125000000000000 ) ) ;
#3997 = CARTESIAN_POINT ( 'NONE',  ( 0.000000000000000000, 1.175240473580833944, -0.6875000000000006661 ) ) ;
#3998 = DIRECTION ( 'NONE',  ( 0.8660254037844388186, -0.4999999999999995559, 0.000000000000000000 ) ) ;
#3999 = CARTESIAN_POINT ( 'NONE',  ( -1.439254484199187653E-16, -1.175240473580833944, -5.000000000000000000 ) ) ;
#4000 = VERTEX_POINT ( 'NONE', #3379 ) ;
#4001 = CARTESIAN_POINT ( 'NONE',  ( 1.299038105676657562, -0.7500000000000005551, 3.395833333333333481 ) ) ;
#4002 = CARTESIAN_POINT ( 'NONE',  ( 1.299038105676658450, 0.7499999999999987788, -4.520833333333333037 ) ) ;
#4003 = CARTESIAN_POINT ( 'NONE',  ( -0.6785254037844375974, 1.175240473580834166, 1.791666666666665408 ) ) ;
#4004 = CARTESIAN_POINT ( 'NONE',  ( -1.357050807568875417, 1.080983497915110246E-16, 5.437500000000000000 ) ) ;
#4005 = CARTESIAN_POINT ( 'NONE',  ( -1.322475605676658450, 0.7635316469341323353, 3.098958333333333925 ) ) ;
#4006 = CARTESIAN_POINT ( 'NONE',  ( 1.357050807568875417, -2.242832357623997763E-16, 3.687500000000000000 ) ) ;
#4007 = CARTESIAN_POINT ( 'NONE',  ( 1.299038105676657562, -0.7500000000000005551, -0.1666666666666677399 ) ) ;
#4008 = ADVANCED_FACE ( 'NONE', ( #5036 ), #3471, .F. ) ;
#4009 = ORIENTED_EDGE ( 'NONE', *, *, #4512, .F. ) ;
#4010 = VECTOR ( 'NONE', #399, 1000.000000000000000 ) ;
#4011 =( BOUNDED_CURVE ( )  B_SPLINE_CURVE ( 2, ( #3482, #660, #1034, #5161, #2594, #4308, #3453 ),
 .UNSPECIFIED., .F., .F. ) 
 B_SPLINE_CURVE_WITH_KNOTS ( ( 3, 2, 2, 3 ),
 ( 0.8703703703703703498, 0.8765432098765432167, 0.8827160493827160836, 0.8888888888888888395 ),
 .UNSPECIFIED. ) 
 CURVE ( )  GEOMETRIC_REPRESENTATION_ITEM ( )  RATIONAL_B_SPLINE_CURVE ( ( 1.000000000000000000, 0.8660254037844387076, 1.000000000000000000, 0.8660254037844387076, 1.000000000000000000, 0.8660254037844387076, 1.000000000000000000 ) ) 
 REPRESENTATION_ITEM ( '' )  );
#4012 = CARTESIAN_POINT ( 'NONE',  ( -1.439254484199187653E-16, -1.175240473580833944, -5.437500000000000888 ) ) ;
#4013 = CARTESIAN_POINT ( 'NONE',  ( -1.870113174931183868E-16, -1.527063293868264227, -1.203125000000000222 ) ) ;
#4014 = CARTESIAN_POINT ( 'NONE',  ( -1.322475605676658672, -0.7635316469341317802, -4.817708333333333925 ) ) ;
#4015 = CARTESIAN_POINT ( 'NONE',  ( 0.6785254037844372643, -1.175240473580834166, -5.895833333333333925 ) ) ;
#4016 = CARTESIAN_POINT ( 'NONE',  ( 1.357050807568875417, -2.242832357623997763E-16, -1.875000000000000888 ) ) ;
#4017 = CARTESIAN_POINT ( 'NONE',  ( -0.6785254037844375974, 1.175240473580834166, 5.291666666666666963 ) ) ;
#4018 = EDGE_CURVE ( 'NONE', #2410, #3559, #5097, .T. ) ;
#4019 = CARTESIAN_POINT ( 'NONE',  ( 1.096711238208495060E-16, -0.8660254037844383745, 5.062500000000000000 ) ) ;
#4020 = EDGE_LOOP ( 'NONE', ( #433, #1145, #5143 ) ) ;
#4021 = CARTESIAN_POINT ( 'NONE',  ( 0.6785254037844384856, 1.175240473580833722, -1.229166666666667629 ) ) ;
#4022 = CARTESIAN_POINT ( 'NONE',  ( -1.299038105676658006, -0.7499999999999995559, 1.729166666666666297 ) ) ;
#4023 = CARTESIAN_POINT ( 'NONE',  ( 0.000000000000000000, 1.175240473580833944, -4.750000000000000888 ) ) ;
#4024 = ORIENTED_EDGE ( 'NONE', *, *, #3511, .F. ) ;
#4025 = CARTESIAN_POINT ( 'NONE',  ( 0.000000000000000000, 1.499999999999999778, 3.562500000000000444 ) ) ;
#4026 = CARTESIAN_POINT ( 'NONE',  ( -1.299038105676658006, -0.7499999999999995559, -1.770833333333333037 ) ) ;
#4027 = CARTESIAN_POINT ( 'NONE',  ( 1.017788105676656452, -0.5876202367904175272, 5.083333333333332149 ) ) ;
#4028 = CARTESIAN_POINT ( 'NONE',  ( 1.017788105676657118, 0.5876202367904160839, 5.229166666666666963 ) ) ;
#4029 = CARTESIAN_POINT ( 'NONE',  ( -1.763300807568877859, 1.329739878991918111E-16, 2.640624999999999112 ) ) ;
#4030 = CARTESIAN_POINT ( 'NONE',  ( 0.6785254037844372643, -1.175240473580834166, 2.104166666666665630 ) ) ;
#4031 = LINE ( 'NONE', #2042, #5141 ) ;
#4032 = EDGE_LOOP ( 'NONE', ( #2374, #1339, #1854, #2219 ) ) ;
#4033 = CARTESIAN_POINT ( 'NONE',  ( -1.017788105676656674, 0.5876202367904170831, 5.895833333333333037 ) ) ;
#4034 = CARTESIAN_POINT ( 'NONE',  ( 1.836970198721029688E-16, 1.499999999999999778, -5.549354535729332127 ) ) ;
#4035 = VECTOR ( 'NONE', #5157, 1000.000000000000000 ) ;
#4036 = CARTESIAN_POINT ( 'NONE',  ( -0.8816504037844393737, -1.527063293868264005, 1.255208333333332815 ) ) ;
#4037 = CARTESIAN_POINT ( 'NONE',  ( -1.149695676252951770, -0.9664774132437867760, -5.254883287150401650 ) ) ;
#4038 = CARTESIAN_POINT ( 'NONE',  ( 0.000000000000000000, 1.527063293868264227, -3.484375000000000000 ) ) ;
#4039 = CARTESIAN_POINT ( 'NONE',  ( -0.6785254037844380415, -1.175240473580833944, -5.479166666666666963 ) ) ;
#4040 = CARTESIAN_POINT ( 'NONE',  ( 1.017788105676657118, 0.5876202367904160839, -3.333333333333333925 ) ) ;
#4041 = CARTESIAN_POINT ( 'NONE',  ( 0.6321118099071283414, -0.5010754801766165167, 5.931937221714402853 ) ) ;
#4042 = ORIENTED_EDGE ( 'NONE', *, *, #870, .F. ) ;
#4043 = CARTESIAN_POINT ( 'NONE',  ( 1.017788105676656452, -0.5876202367904175272, 1.645833333333332593 ) ) ;
#4044 = FACE_OUTER_BOUND ( 'NONE', #3971, .T. ) ;
#4045 = ORIENTED_EDGE ( 'NONE', *, *, #4357, .F. ) ;
#4046 = CARTESIAN_POINT ( 'NONE',  ( -0.6785254037844375974, 1.175240473580834166, 1.791666666666665408 ) ) ;
#4047 = CARTESIAN_POINT ( 'NONE',  ( 1.299038105676658450, 0.7499999999999987788, 2.479166666666667407 ) ) ;
#4048 = CYLINDRICAL_SURFACE ( 'NONE', #492, 1.499999999999999778 ) ;
#4049 = CARTESIAN_POINT ( 'NONE',  ( 1.017788105676657118, 0.5876202367904160839, 3.666666666666665186 ) ) ;
#4050 = CARTESIAN_POINT ( 'NONE',  ( -0.6785254037844380415, -1.175240473580833722, 4.520833333333333037 ) ) ;
#4051 = CARTESIAN_POINT ( 'NONE',  ( -1.763300807568877859, 1.329739878991918111E-16, 7.140624999999999112 ) ) ;
#4052 = CARTESIAN_POINT ( 'NONE',  ( -1.017788105676656674, 0.5876202367904170831, 2.395833333333333037 ) ) ;
#4053 = CARTESIAN_POINT ( 'NONE',  ( 0.000000000000000000, 1.499999999999999778, -3.557538378468061424E-16 ) ) ;
#4054 = EDGE_CURVE ( 'NONE', #2229, #3307, #4664, .T. ) ;
#4055 = ORIENTED_EDGE ( 'NONE', *, *, #3860, .F. ) ;
#4056 = CARTESIAN_POINT ( 'NONE',  ( -1.017788105676656896, -0.5876202367904167501, 5.479166666666665186 ) ) ;
#4057 = ORIENTED_EDGE ( 'NONE', *, *, #2383, .F. ) ;
#4058 = CARTESIAN_POINT ( 'NONE',  ( 1.322475605676659116, 0.7635316469341311141, 1.963541666666666297 ) ) ;
#4059 = CARTESIAN_POINT ( 'NONE',  ( -0.8234078741658947820, -0.8385640366150367564, 5.999999999999923617 ) ) ;
#4060 = CARTESIAN_POINT ( 'NONE',  ( -1.322475605676658672, -0.7635316469341317802, -4.317708333333333037 ) ) ;
#4061 = CARTESIAN_POINT ( 'NONE',  ( 1.357050807568875417, -2.242832357623997763E-16, -5.312500000000000888 ) ) ;
#4062 = CARTESIAN_POINT ( 'NONE',  ( 1.017788105676657118, 0.5876202367904160839, -2.333333333333333925 ) ) ;
#4063 = CARTESIAN_POINT ( 'NONE',  ( 0.6785254037844384856, 1.175240473580833722, 5.708333333333333037 ) ) ;
#4064 =( BOUNDED_CURVE ( )  B_SPLINE_CURVE ( 2, ( #3278, #3681, #2389, #3652, #4507, #2820, #4854 ),
 .UNSPECIFIED., .F., .F. ) 
 B_SPLINE_CURVE_WITH_KNOTS ( ( 3, 2, 2, 3 ),
 ( 0.4629629629629627985, 0.4691358024691356654, 0.4753086419753085323, 0.4814814814814813992 ),
 .UNSPECIFIED. ) 
 CURVE ( )  GEOMETRIC_REPRESENTATION_ITEM ( )  RATIONAL_B_SPLINE_CURVE ( ( 1.000000000000003775, 0.8660254037844351549, 1.000000000000000000, 0.8660254037844387076, 1.000000000000000000, 0.8660254037844399289, 0.9999999999999987788 ) ) 
 REPRESENTATION_ITEM ( '' )  );
#4065 = EDGE_CURVE ( 'NONE', #3353, #326, #2228, .T. ) ;
#4066 = VECTOR ( 'NONE', #4136, 1000.000000000000000 ) ;
#4067 =( BOUNDED_CURVE ( )  B_SPLINE_CURVE ( 2, ( #2752, #4383, #3986, #738, #4012, #335, #5237, #1564, #4565, #4966, #1641, #3711, #1290, #4542, #1239, #2479, #43, #71, #4940, #2074, #862, #2506, #4137, #2880, #3284, #1692, #1667, #2934, #4515, #3333, #435, #462, #3688, #2102, #2906, #836, #3739, #1265, #3309, #19, #4915, #4110, #129, #4145, #51, #1754, #1674, #1327, #2486, #4549, #2997, #3316, #1273, #2112, #4601, #4118, #4948, #3397, #2968, #2140, #3342, #5028, #4524, #5051, #923, #2916, #4975, #869, #2888, #3369, #2565, #4629, #2514, #471, #4203, #2082, #550, #3425, #2540, #1355, #3747, #500, #79, #525, #5000, #2165, #4175, #105, #953, #896, #3799, #844, #1701, #3773, #2592, #1299, #4230, #2191, #3827, #159, #2942, #4573, #1727, #1784, #443, #3718, #4250, #1000, #4652, #2937, #3820, #1804, #5074, #2992, #1350, #5046, #154, #4624, #946, #4568, #2963, #5023, #2535, #1778, #3364, #1404, #1377, #4676, #4278, #3875, #3420, #4596, #3392, #2587, #890, #2213, #3768, #1320, #3019, #544, #2186, #973, #3445, #3045, #4223, #2612, #572, #3849, #183, #2642, #4170, #918, #2560, #599, #4197, #2240, #519, #495, #1695, #3336, #4969, #2160, #1294, #2135, #98, #1721, #3793, #4995, #124, #1748, #3094, #3929, #304, #1080, #2296, #3553, #279, #1053, #3173, #5179, #1533, #252, #4803, #229, #5207, #4326, #1507, #2370, #3147, #2720, #4300, #4780, #4755, #2694, #1937, #2746, #4728, #2773, #652, #625, #1884, #2667, #3955, #5099, #1858, #3583, #2266, #3903, #3527, #1910, #1427, #3501, #1454, #5129, #5154, #1131, #1480, #4377, #1831, #203, #1105, #3119, #4353, #3474, #678, #702, #4404, #2319, #2343, #3981, #4701, #733, #3068, #1026, #375, #3197, #755, #4829, #1984, #2391, #3654, #3626, #1582, #4050, #350, #4857, #330, #1557, #4882, #1179, #2798, #5253, #3225, #3606, #2013, #1156, #4429, #2822, #4454, #781, #4028, #5281, #1609, #2416, #3252, #4004, #1963, #5230, #2857, #4437, #4464, #789, #4918, #2830, #3312, #2425, #358, #3714, #3742, #74, #4059 ),
 .UNSPECIFIED., .F., .F. ) 
 B_SPLINE_CURVE_WITH_KNOTS ( ( 3, 2, 2, 2, 2, 2, 2, 2, 2, 2, 2, 2, 2, 2, 2, 2, 2, 2, 2, 2, 2, 2, 2, 2, 2, 2, 2, 2, 2, 2, 2, 2, 2, 2, 2, 2, 2, 2, 2, 2, 2, 2, 2, 2, 2, 2, 2, 2, 2, 2, 2, 2, 2, 2, 2, 2, 2, 2, 2, 2, 2, 2, 2, 2, 2, 2, 2, 2, 2, 2, 2, 2, 2, 2, 2, 2, 2, 2, 2, 2, 2, 2, 2, 2, 2, 2, 2, 2, 2, 2, 2, 2, 2, 2, 2, 2, 2, 2, 2, 2, 2, 2, 2, 2, 2, 2, 2, 2, 2, 2, 2, 2, 2, 2, 2, 2, 2, 2, 2, 2, 2, 2, 2, 2, 2, 2, 2, 2, 2, 2, 2, 2, 2, 2, 2, 2, 2, 2, 2, 2, 3 ),
 ( 0.04647655659930827188, 0.05050434323269787501, 0.05681738613678510852, 0.06313042904087234897, 0.06944347194495957554, 0.07575651484904680211, 0.08206955775313404255, 0.08838260065722128300, 0.09469564356130850957, 0.1010086864653957361, 0.1073217293694829766, 0.1136347722735702032, 0.1199478151776574436, 0.1262608580817446979, 0.1325739009858319106, 0.1388869438899191511, 0.1451999867940063638, 0.1515130296980936042, 0.1578260726021808447, 0.1641391155062680851, 0.1704521584103553256, 0.1767652013144425382, 0.1830782442185298065, 0.1893912871226169914, 0.1957043300267042596, 0.2020173729307914723, 0.2083304158348787405, 0.2146434587389659532, 0.2209565016430532214, 0.2272695445471404063, 0.2335825874512276468, 0.2398956303553148595, 0.2462086732594021277, 0.2525217161634893404, 0.2588347590675765808, 0.2651478019716638213, 0.2714608448757510617, 0.2777738877798382466, 0.2840869306839255426, 0.2903999735880127275, 0.2967130164921000235, 0.3030260593961872084, 0.3093391023002745044, 0.3156521452043616338, 0.3219651881084489298, 0.3282782310125361147, 0.3345912739166234107, 0.3409043168207105956, 0.3472173597247978916, 0.3535304026288850765, 0.3598434455329723725, 0.3661564884370595574, 0.3724695313411468534, 0.3787825742452340383, 0.3850956171493212232, 0.3914086600534084637, 0.3977217029574957041, 0.4040347458615829446, 0.4103477887656701850, 0.4166608316697574255, 0.4229738745738446659, 0.4292869174779319064, 0.4355999603820191468, 0.4419130032861063873, 0.4482260461901936277, 0.4545390890942808126, 0.4608521319983680531, 0.4671651749024552380, 0.4734782178065425340, 0.4797912607106297189, 0.4861043036147170149, 0.4924173465188041998, 0.4987303894228914958, 0.5050434323269786807, 0.5113564752310659767, 0.5176695181351531616, 0.5239825610392405686, 0.5302956039433276425, 0.5366086468474149385, 0.5429216897515021234, 0.5492347326555894194, 0.5555477755596764933, 0.5618608184637639003, 0.5681738613678510852, 0.5744869042719383812, 0.5807999471760255661, 0.5871129900801128620, 0.5934260329842000470, 0.5997390758882873429, 0.6060521187923745279, 0.6123651616964618238, 0.6186782046005490088, 0.6249912475046361937, 0.6313042904087233786, 0.6376173333128106746, 0.6439303762168979706, 0.6502434191209852665, 0.6565564620250723404, 0.6628695049291596364, 0.6691825478332469324, 0.6754955907373341173, 0.6818086336414213022, 0.6881216765455084872, 0.6944347194495957831, 0.7007477623536830791, 0.7070608052577702640, 0.7133738481618574490, 0.7196868910659447449, 0.7259999339700320409, 0.7323129768741192258, 0.7386260197782064107, 0.7449390626822937067, 0.7512521055863810027, 0.7575651484904680766, 0.7638781913945553725, 0.7701912342986425575, 0.7765042772027298534, 0.7828173201068169273, 0.7891303630109043343, 0.7954434059149915193, 0.8017564488190788152, 0.8080694917231658891, 0.8143825346272532961, 0.8206955775313404811, 0.8270086204354276660, 0.8333216633395148509, 0.8396347062436021469, 0.8459477491476894429, 0.8522607920517766278, 0.8585738349558638127, 0.8648868778599509977, 0.8711999207640384046, 0.8775129636681255896, 0.8838260065722127745, 0.8901390494762999595, 0.8964520923803873664, 0.9027651352844745514, 0.9090781781885617363, 0.9153912210926489212, 0.9217042639967361062, 0.9233644913609830862 ),
 .UNSPECIFIED. ) 
 CURVE ( )  GEOMETRIC_REPRESENTATION_ITEM ( )  RATIONAL_B_SPLINE_CURVE ( ( 0.9381162908349034435, 0.9145228226626749279, 1.000000000000000000, 0.8660254037844387076, 1.000000000000000000, 0.8660254037844387076, 1.000000000000000000, 0.8660254037844387076, 1.000000000000000000, 0.8660254037844387076, 1.000000000000000000, 0.8660254037844387076, 1.000000000000000000, 0.8660254037844387076, 1.000000000000000000, 0.8660254037844387076, 1.000000000000000000, 0.8660254037844387076, 1.000000000000000000, 0.8660254037844387076, 1.000000000000000000, 0.8660254037844387076, 1.000000000000000000, 0.8660254037844387076, 1.000000000000000000, 0.8660254037844387076, 1.000000000000000000, 0.8660254037844387076, 1.000000000000000000, 0.8660254037844387076, 1.000000000000000000, 0.8660254037844387076, 1.000000000000000000, 0.8660254037844387076, 1.000000000000000000, 0.8660254037844387076, 1.000000000000000000, 0.8660254037844387076, 1.000000000000000000, 0.8660254037844387076, 1.000000000000000000, 0.8660254037844387076, 1.000000000000000000, 0.8660254037844387076, 1.000000000000000000, 0.8660254037844387076, 1.000000000000000000, 0.8660254037844387076, 1.000000000000000000, 0.8660254037844387076, 1.000000000000000000, 0.8660254037844387076, 1.000000000000000000, 0.8660254037844387076, 1.000000000000000000, 0.8660254037844387076, 1.000000000000000000, 0.8660254037844387076, 1.000000000000000000, 0.8660254037844387076, 1.000000000000000000, 0.8660254037844387076, 1.000000000000000000, 0.8660254037844387076, 1.000000000000000000, 0.8660254037844387076, 1.000000000000000000, 0.8660254037844387076, 1.000000000000000000, 0.8660254037844387076, 1.000000000000000000, 0.8660254037844387076, 1.000000000000000000, 0.8660254037844387076, 1.000000000000000000, 0.8660254037844387076, 1.000000000000000000, 0.8660254037844387076, 1.000000000000000000, 0.8660254037844387076, 1.000000000000000000, 0.8660254037844387076, 1.000000000000000000, 0.8660254037844387076, 1.000000000000000000, 0.8660254037844387076, 1.000000000000000000, 0.8660254037844387076, 1.000000000000000000, 0.8660254037844387076, 1.000000000000000000, 0.8660254037844387076, 1.000000000000000000, 0.8660254037844387076, 1.000000000000000000, 0.8660254037844387076, 1.000000000000000000, 0.8660254037844387076, 1.000000000000000000, 0.8660254037844387076, 1.000000000000000000, 0.8660254037844387076, 1.000000000000000000, 0.8660254037844387076, 1.000000000000000000, 0.8660254037844387076, 1.000000000000000000, 0.8660254037844387076, 1.000000000000000000, 0.8660254037844387076, 1.000000000000000000, 0.8660254037844387076, 1.000000000000000000, 0.8660254037844387076, 1.000000000000000000, 0.8660254037844387076, 1.000000000000000000, 0.8660254037844387076, 1.000000000000000000, 0.8660254037844387076, 1.000000000000000000, 0.8660254037844387076, 1.000000000000000000, 0.8660254037844387076, 1.000000000000000000, 0.8660254037844387076, 1.000000000000000000, 0.8660254037844387076, 1.000000000000000000, 0.8660254037844387076, 1.000000000000000000, 0.8660254037844387076, 1.000000000000000000, 0.8660254037844387076, 1.000000000000000000, 0.8660254037844387076, 1.000000000000000000, 0.8660254037844387076, 1.000000000000000000, 0.8660254037844387076, 1.000000000000000000, 0.8660254037844387076, 1.000000000000000000, 0.8660254037844387076, 1.000000000000000000, 0.8660254037844387076, 1.000000000000000000, 0.8660254037844387076, 1.000000000000000000, 0.8660254037844387076, 1.000000000000000000, 0.8660254037844387076, 1.000000000000000000, 0.8660254037844387076, 1.000000000000000000, 0.8660254037844387076, 1.000000000000000000, 0.8660254037844387076, 1.000000000000000000, 0.8660254037844387076, 1.000000000000000000, 0.8660254037844387076, 1.000000000000000000, 0.8660254037844387076, 1.000000000000000000, 0.8660254037844387076, 1.000000000000000000, 0.8660254037844387076, 1.000000000000000000, 0.8660254037844387076, 1.000000000000000000, 0.8660254037844387076, 1.000000000000000000, 0.8660254037844387076, 1.000000000000000000, 0.8660254037844387076, 1.000000000000000000, 0.8660254037844387076, 1.000000000000000000, 0.8660254037844387076, 1.000000000000000000, 0.8660254037844387076, 1.000000000000000000, 0.8660254037844387076, 1.000000000000000000, 0.8660254037844387076, 1.000000000000000000, 0.8660254037844387076, 1.000000000000000000, 0.8660254037844387076, 1.000000000000000000, 0.8660254037844387076, 1.000000000000000000, 0.8660254037844387076, 1.000000000000000000, 0.8660254037844387076, 1.000000000000000000, 0.8660254037844387076, 1.000000000000000000, 0.8660254037844387076, 1.000000000000000000, 0.8660254037844387076, 1.000000000000000000, 0.8660254037844387076, 1.000000000000000000, 0.8660254037844387076, 1.000000000000000000, 0.8660254037844387076, 1.000000000000000000, 0.8660254037844387076, 1.000000000000000000, 0.8660254037844387076, 1.000000000000000000, 0.8660254037844387076, 1.000000000000000000, 0.8660254037844387076, 1.000000000000000000, 0.8660254037844387076, 1.000000000000000000, 0.8660254037844387076, 1.000000000000000000, 0.8660254037844387076, 1.000000000000000000, 0.8660254037844387076, 1.000000000000000000, 0.8660254037844387076, 1.000000000000000000, 0.8660254037844387076, 1.000000000000000000, 0.8660254037844387076, 1.000000000000000000, 0.8660254037844387076, 1.000000000000000000, 0.8660254037844387076, 1.000000000000000000, 0.8660254037844387076, 1.000000000000000000, 0.8660254037844387076, 1.000000000000000000, 0.8660254037844387076, 1.000000000000000000, 0.8660254037844387076, 1.000000000000000000, 0.8660254037844387076, 1.000000000000000000, 0.8660254037844387076, 1.000000000000000000, 0.8660254037844387076, 1.000000000000000000, 0.8660254037844387076, 1.000000000000000000, 0.8660254037844387076, 1.000000000000000000, 0.8660254037844387076, 1.000000000000000000, 0.8660254037844387076, 1.000000000000000000, 0.8660254037844387076, 1.000000000000000000, 0.8660254037844387076, 1.000000000000000000, 0.8660254037844387076, 1.000000000000000000, 0.8660254037844387076, 1.000000000000000000, 0.8660254037844387076, 1.000000000000000000, 0.8660254037844387076, 1.000000000000000000, 0.8660254037844387076, 1.000000000000000000, 0.8660254037844387076, 1.000000000000000000, 0.8660254037844387076, 1.000000000000000000, 0.8660254037844387076, 1.000000000000000000, 0.8660254037844387076, 1.000000000000000000, 0.9647668653404853911, 0.9480652107227265368 ) ) 
 REPRESENTATION_ITEM ( '' )  );
#4068 = CARTESIAN_POINT ( 'NONE',  ( 0.8660254037844440367, 1.499999999999991562, -0.4791666666666670182 ) ) ;
#4069 = VERTEX_POINT ( 'NONE', #639 ) ;
#4070 = CARTESIAN_POINT ( 'NONE',  ( 1.017788105676657118, 0.5876202367904160839, 1.229166666666665630 ) ) ;
#4071 = CARTESIAN_POINT ( 'NONE',  ( 0.8660254037844291597, -1.500000000000016209, 1.854166666666665853 ) ) ;
#4072 = CARTESIAN_POINT ( 'NONE',  ( 1.017788105676657118, 0.5876202367904160839, -5.333333333333333925 ) ) ;
#4073 = VERTEX_POINT ( 'NONE', #746 ) ;
#4074 = B_SPLINE_CURVE_WITH_KNOTS ( 'NONE', 3,
 ( #4815, #818, #3968, #1141, #3566, #2785, #4041, #4417 ),
 .UNSPECIFIED., .F., .F.,
 ( 4, 2, 2, 4 ),
 ( 2.544428341999439312E-07, 0.0002238954966069367763, 0.0004475365503796737538, 0.0008948186579251473293 ),
 .UNSPECIFIED. ) ;
#4075 = CARTESIAN_POINT ( 'NONE',  ( 1.017788105676657118, 0.5876202367904160839, 1.166666666666665630 ) ) ;
#4076 = CYLINDRICAL_SURFACE ( 'NONE', #3987, 1.499999999999999778 ) ;
#4077 = VERTEX_POINT ( 'NONE', #1041 ) ;
#4078 = CARTESIAN_POINT ( 'NONE',  ( 0.000000000000000000, 1.499999999999999778, -2.937499999999999112 ) ) ;
#4079 = CARTESIAN_POINT ( 'NONE',  ( -1.017788105676656896, -0.5876202367904167501, 4.416666666666666075 ) ) ;
#4080 = CARTESIAN_POINT ( 'NONE',  ( 1.763300807568877859, -2.989101500854420495E-16, 5.390625000000000000 ) ) ;
#4081 = CARTESIAN_POINT ( 'NONE',  ( 0.000000000000000000, 1.175240473580833944, -6.250000000000000000 ) ) ;
#4082 = CARTESIAN_POINT ( 'NONE',  ( 0.000000000000000000, 1.558265636316165435E-17, -5.549354535729332127 ) ) ;
#4083 = ORIENTED_EDGE ( 'NONE', *, *, #361, .F. ) ;
#4084 = CARTESIAN_POINT ( 'NONE',  ( -1.357050807568875417, 1.080983497915110492E-16, 5.437500000000000000 ) ) ;
#4085 = CARTESIAN_POINT ( 'NONE',  ( 0.000000000000000000, 1.175240473580833944, -1.250000000000000222 ) ) ;
#4086 = CARTESIAN_POINT ( 'NONE',  ( -0.8816504037844387076, 1.527063293868264449, 2.588541666666666963 ) ) ;
#4087 = FACE_OUTER_BOUND ( 'NONE', #2148, .T. ) ;
#4088 = CARTESIAN_POINT ( 'NONE',  ( 0.8816504037844398178, 1.527063293868264005, -2.026041666666667407 ) ) ;
#4089 = CARTESIAN_POINT ( 'NONE',  ( 0.6785254037844372643, -1.175240473580834166, -0.8958333333333334814 ) ) ;
#4090 = ADVANCED_FACE ( 'NONE', ( #1144 ), #1093, .T. ) ;
#4091 = CARTESIAN_POINT ( 'NONE',  ( 0.6785254037844383745, 1.175240473580833500, 0.7083333333333324822 ) ) ;
#4092 = CARTESIAN_POINT ( 'NONE',  ( 0.000000000000000000, 1.175240473580833944, -3.750000000000000444 ) ) ;
#4093 = CARTESIAN_POINT ( 'NONE',  ( 0.8667381401733310620, -0.9201676500335504993, -5.488769087184024009 ) ) ;
#4094 =( BOUNDED_SURFACE ( )  B_SPLINE_SURFACE ( 1, 2, ( 
 ( #3131, #4764, #3052, #1489, #1814, #1412, #1867, #1036, #5110, #5138, #2731, #1089, #1464, #3102, #4686, #1896, #3538, #1063, #4336, #663, #2305, #261, #5163, #1919, #4363, #1842, #3027, #1009, #1437, #608, #687, #4660, #983, #2248, #3077, #2623, #4259, #3883, #581, #2222, #3857, #3454, #3239, #416, #2461, #387, #792, #3640, #1996, #313, #1621, #2429, #4843, #1517, #742, #1972, #716, #3616, #3157, #4895, #4092, #5266, #3265, #4790, #817, #1140, #4388, #3185, #2055, #3669, #4040, #4868, #5241, #2834, #1544, #4440, #1167, #339, #1115, #5189, #2784, #2354, #4814, #2757, #5294, #362, #1191, #1568, #4467, #4416, #767, #2809, #3211, #3991, #4062, #1948, #1595, #2026, #3593, #2402, #1219, #2860, #5216, #4496, #2379, #4016, #501, #2487, #1702, #4525, #106, #80, #4631, #4119, #3317, #3695, #4923, #2515, #4949, #2998, #26, #4602, #2969, #444, #2943, #3344, #4976, #2083, #2917, #4550, #846, #1274, #4575, #3748, #1648, #898, #871, #1729, #3292, #552, #1330, #2541, #3800, #132, #1756, #52, #3398, #3719, #1675, #4176, #1301, #473, #2141, #5029, #1356, #3774, #3371, #4147, #4204, #526, #5001, #925, #2567, #2166, #954, #2593, #4231, #1246, #2113, #2889, #2295, #2318, #3525, #303, #4428, #3605, #651, #3954, #3552, #3146, #5153, #3828, #2797, #5128, #3928, #1936, #2193, #4828, #2771, #3172, #701, #4376, #2693, #4003, #4802, #1909, #160, #3118, #4352, #3093, #677, #1857, #1962, #1155, #2342, #329, #3980, #3582, #4779, #1453, #1479, #5229, #278, #3500, #4754, #1506, #4727, #1104, #1052, #5178, #2745, #5206, #4403, #1883, #4325, #251, #1532, #3196, #1079, #1130, #2719, #732, #2369, #1556, #3279, #4856, #754, #5280, #4049, #780, #3682, #1983, #374, #3303, #2415, #2012, #13, #3653, #2039, #4881, #2900, #3732, #4909, #830, #1178, #2872, #4079, #4959, #1283, #2068, #1635, #4934, #1608, #2390, #1257, #3251, #1684, #1660, #2926, #5252, #4508, #1232, #4027, #349, #2094, #4536, #2473, #856, #2499, #4104, #3625, #1581, #1206, #2821, #3224, #4131, #2444, #4453, #401, #454, #63, #2848, #4481, #428, #802, #3326, #3706, #36, #1739, #195, #5012, #3463, #3382, #563, #4159, #536, #3435, #3839, #2552, #3811, #4667, #2982, #1341, #144, #2177, #1767, #2150, #1419, #4613 ),
 ( #964, #2525, #935, #174, #2204, #485, #4985, #2953, #3412, #2576, #4214, #5038, #590, #992, #1368, #2604, #4188, #5063, #1395, #4241, #3009, #4642, #1794, #3036, #2632, #5091, #4269, #2231, #1821, #4587, #3865, #510, #4559, #880, #2125, #908, #3758, #88, #1711, #3784, #3355, #1310, #116, #3084, #1096, #3598, #319, #3573, #3973, #1497, #5171, #3490, #4795, #295, #2709, #4693, #3919, #5145, #3892, #1470, #1018, #2763, #1954, #3139, #1122, #2657, #3996, #4317, #2257, #1044, #5222, #1523, #1902, #2737, #3109, #694, #4717, #2311, #4342, #3516, #3060, #4369, #220, #3544, #2336, #5119, #4743, #4394, #3163, #1849, #1071, #4293, #1927, #4770, #1445, #669, #2685, #5197, #3946, #616, #642, #2284, #244, #1875, #270, #723, #2360, #1550, #4420, #3190, #4820, #1147, #2790, #2376, #710, #1060, #1916, #4786, #684, #2674, #4334, #2778, #1891, #4707, #2303, #4360, #4013, #2325, #336, #5160, #1085, #1112, #1944, #3507, #5136, #1540, #3962, #3910, #5108, #659, #3100, #1459, #2727, #1033, #4733, #2349, #2701, #3937, #285, #257, #3562, #3534, #3589, #4411, #5186, #1513, #235, #3154, #3127, #1969, #1433, #2753, #4384, #3988, #1485, #3075, #310, #4761, #739, #5213, #4307, #631, #3181, #4811, #2274, #1865, #1137, #4517, #812, #2076, #4112, #2048, #4139, #5238, #4864, #4036, #2806, #1669, #5289, #357, #1617, #438, #3713, #5261, #2398, #3260, #1589, #838, #3203, #4891, #788, #4544, #4058, #2508, #2424, #4917, #4837, #1215, #2481, #2882, #3232, #2856, #46, #2021, #383, #4489, #2454, #4086, #1187, #464, #3662, #2829, #1992, #410, #21, #3287, #4463, #1643, #3690, #3311, #1241, #1565, #2908, #864, #4942, #1267, #3612, #1162, #4436, #763, #3634, #5073, #4196, #1694, #4595, #1349, #999, #2991, #2641, #2159, #3391, #3419, #4249, #1720, #4276, #494, #3792, #3044, #2962, #1376, #3335, #3363, #2105, #4968, #917, #4994, #1403, #3741, #3018, #4650, #2534, #4622, #2559, #1747, #972, #1319, #518, #4567, #123, #945, #5021, #73, #2586, #4222, #3819, #1293, #2936, #5045, #543, #2212, #3848, #182, #3767, #1803, #4169, #2134, #2185, #153, #1777, #2611, #3444, #4675, #571, #889, #96, #1103, #2744, #3953, #2718, #4351, #4753, #4778, #3145, #1129, #676, #4726, #3171, #624, #650 ) ),
 .UNSPECIFIED., .F., .F., .F. ) 
 B_SPLINE_SURFACE_WITH_KNOTS ( ( 2, 2 ),
 ( 3, 2, 2, 2, 2, 2, 2, 2, 2, 2, 2, 2, 2, 2, 2, 2, 2, 2, 2, 2, 2, 2, 2, 2, 2, 2, 2, 2, 2, 2, 2, 2, 2, 2, 2, 2, 2, 2, 2, 2, 2, 2, 2, 2, 2, 2, 2, 2, 2, 2, 2, 2, 2, 2, 2, 2, 2, 2, 2, 2, 2, 2, 2, 2, 2, 2, 2, 2, 2, 2, 2, 2, 2, 2, 2, 2, 2, 2, 2, 2, 2, 2, 2, 2, 2, 2, 2, 2, 2, 2, 2, 2, 2, 2, 2, 2, 2, 2, 2, 2, 2, 2, 2, 2, 2, 2, 2, 2, 2, 2, 2, 2, 2, 2, 2, 2, 2, 2, 2, 2, 2, 2, 2, 2, 2, 2, 2, 2, 2, 2, 2, 2, 2, 2, 2, 2, 2, 2, 2, 2, 2, 2, 2, 2, 2, 2, 2, 2, 2, 2, 2, 2, 2, 2, 2, 2, 2, 2, 2, 3 ),
 ( 0.000000000000000000, 1.000000000000000000 ),
 ( 0.000000000000000000, 0.006172839506172839164, 0.01234567901234567833, 0.01851851851851851749, 0.02469135802469135665, 0.03086419753086419582, 0.03703703703703703498, 0.04320987654320987414, 0.04938271604938271331, 0.05555555555555555247, 0.06172839506172839164, 0.06790123456790123080, 0.07407407407407406996, 0.08024691358024690913, 0.08641975308641974829, 0.09259259259259258745, 0.09876543209876542662, 0.1049382716049382658, 0.1111111111111111049, 0.1172839506172839441, 0.1234567901234567833, 0.1296296296296296224, 0.1358024691358024616, 0.1419753086419753008, 0.1481481481481481399, 0.1543209876543209791, 0.1604938271604938183, 0.1666666666666666574, 0.1728395061728394966, 0.1790123456790123357, 0.1851851851851851749, 0.1913580246913580141, 0.1975308641975308532, 0.2037037037037036924, 0.2098765432098765316, 0.2160493827160493707, 0.2222222222222222099, 0.2283950617283950490, 0.2345679012345678882, 0.2407407407407407274, 0.2469135802469135665, 0.2530864197530864335, 0.2592592592592592449, 0.2654320987654321118, 0.2716049382716049232, 0.2777777777777777901, 0.2839506172839506015, 0.2901234567901234684, 0.2962962962962962798, 0.3024691358024691468, 0.3086419753086419582, 0.3148148148148148251, 0.3209876543209876365, 0.3271604938271605034, 0.3333333333333333148, 0.3395061728395061817, 0.3456790123456789932, 0.3518518518518518601, 0.3580246913580246715, 0.3641975308641975384, 0.3703703703703703498, 0.3765432098765432167, 0.3827160493827160281, 0.3888888888888888951, 0.3950617283950617065, 0.4012345679012345734, 0.4074074074074073848, 0.4135802469135802517, 0.4197530864197530631, 0.4259259259259259300, 0.4320987654320987414, 0.4382716049382716084, 0.4444444444444444198, 0.4506172839506172867, 0.4567901234567900981, 0.4629629629629629650, 0.4691358024691357764, 0.4753086419753086433, 0.4814814814814814548, 0.4876543209876543217, 0.4938271604938271331, 0.5000000000000000000, 0.5061728395061728669, 0.5123456790123457338, 0.5185185185185184897, 0.5246913580246913567, 0.5308641975308642236, 0.5370370370370370905, 0.5432098765432098464, 0.5493827160493827133, 0.5555555555555555802, 0.5617283950617284471, 0.5679012345679012030, 0.5740740740740740700, 0.5802469135802469369, 0.5864197530864198038, 0.5925925925925925597, 0.5987654320987654266, 0.6049382716049382935, 0.6111111111111111605, 0.6172839506172839164, 0.6234567901234567833, 0.6296296296296296502, 0.6358024691358025171, 0.6419753086419752730, 0.6481481481481481399, 0.6543209876543210068, 0.6604938271604938738, 0.6666666666666666297, 0.6728395061728394966, 0.6790123456790123635, 0.6851851851851852304, 0.6913580246913579863, 0.6975308641975308532, 0.7037037037037037202, 0.7098765432098765871, 0.7160493827160493430, 0.7222222222222222099, 0.7283950617283950768, 0.7345679012345679437, 0.7407407407407406996, 0.7469135802469135665, 0.7530864197530864335, 0.7592592592592593004, 0.7654320987654320563, 0.7716049382716049232, 0.7777777777777777901, 0.7839506172839506570, 0.7901234567901234129, 0.7962962962962962798, 0.8024691358024691468, 0.8086419753086420137, 0.8148148148148147696, 0.8209876543209876365, 0.8271604938271605034, 0.8333333333333333703, 0.8395061728395061262, 0.8456790123456789932, 0.8518518518518518601, 0.8580246913580247270, 0.8641975308641974829, 0.8703703703703703498, 0.8765432098765432167, 0.8827160493827160836, 0.8888888888888888395, 0.8950617283950617065, 0.9012345679012345734, 0.9074074074074074403, 0.9135802469135801962, 0.9197530864197530631, 0.9259259259259259300, 0.9320987654320987970, 0.9382716049382715529, 0.9444444444444444198, 0.9506172839506172867, 0.9567901234567901536, 0.9629629629629629095, 0.9691358024691357764, 0.9753086419753086433, 0.9777915236587406689 ),
 .UNSPECIFIED. ) 
 GEOMETRIC_REPRESENTATION_ITEM ( )  RATIONAL_B_SPLINE_SURFACE ( (
 ( 1.000000000000000000, 0.8660254037844387076, 1.000000000000000000, 0.8660254037844387076, 1.000000000000000000, 0.8660254037844387076, 1.000000000000000000, 0.8660254037844387076, 1.000000000000000000, 0.8660254037844387076, 1.000000000000000000, 0.8660254037844387076, 1.000000000000000000, 0.8660254037844387076, 1.000000000000000000, 0.8660254037844387076, 1.000000000000000000, 0.8660254037844387076, 1.000000000000000000, 0.8660254037844387076, 1.000000000000000000, 0.8660254037844387076, 1.000000000000000000, 0.8660254037844387076, 1.000000000000000000, 0.8660254037844387076, 1.000000000000000000, 0.8660254037844387076, 1.000000000000000000, 0.8660254037844387076, 1.000000000000000000, 0.8660254037844387076, 1.000000000000000000, 0.8660254037844387076, 1.000000000000000000, 0.8660254037844387076, 1.000000000000000000, 0.8660254037844387076, 1.000000000000000000, 0.8660254037844387076, 1.000000000000000000, 0.8660254037844387076, 1.000000000000000000, 0.8660254037844387076, 1.000000000000000000, 0.8660254037844387076, 1.000000000000000000, 0.8660254037844387076, 1.000000000000000000, 0.8660254037844387076, 1.000000000000000000, 0.8660254037844387076, 1.000000000000000000, 0.8660254037844387076, 1.000000000000000000, 0.8660254037844387076, 1.000000000000000000, 0.8660254037844387076, 1.000000000000000000, 0.8660254037844387076, 1.000000000000000000, 0.8660254037844387076, 1.000000000000000000, 0.8660254037844387076, 1.000000000000000000, 0.8660254037844387076, 1.000000000000000000, 0.8660254037844387076, 1.000000000000000000, 0.8660254037844387076, 1.000000000000000000, 0.8660254037844387076, 1.000000000000000000, 0.8660254037844387076, 1.000000000000000000, 0.8660254037844387076, 1.000000000000000000, 0.8660254037844387076, 1.000000000000000000, 0.8660254037844387076, 1.000000000000000000, 0.8660254037844387076, 1.000000000000000000, 0.8660254037844387076, 1.000000000000000000, 0.8660254037844387076, 1.000000000000000000, 0.8660254037844387076, 1.000000000000000000, 0.8660254037844387076, 1.000000000000000000, 0.8660254037844387076, 1.000000000000000000, 0.8660254037844387076, 1.000000000000000000, 0.8660254037844387076, 1.000000000000000000, 0.8660254037844387076, 1.000000000000000000, 0.8660254037844387076, 1.000000000000000000, 0.8660254037844387076, 1.000000000000000000, 0.8660254037844387076, 1.000000000000000000, 0.8660254037844387076, 1.000000000000000000, 0.8660254037844387076, 1.000000000000000000, 0.8660254037844387076, 1.000000000000000000, 0.8660254037844387076, 1.000000000000000000, 0.8660254037844387076, 1.000000000000000000, 0.8660254037844387076, 1.000000000000000000, 0.8660254037844387076, 1.000000000000000000, 0.8660254037844387076, 1.000000000000000000, 0.8660254037844387076, 1.000000000000000000, 0.8660254037844387076, 1.000000000000000000, 0.8660254037844387076, 1.000000000000000000, 0.8660254037844387076, 1.000000000000000000, 0.8660254037844387076, 1.000000000000000000, 0.8660254037844387076, 1.000000000000000000, 0.8660254037844387076, 1.000000000000000000, 0.8660254037844387076, 1.000000000000000000, 0.8660254037844387076, 1.000000000000000000, 0.8660254037844387076, 1.000000000000000000, 0.8660254037844387076, 1.000000000000000000, 0.8660254037844387076, 1.000000000000000000, 0.8660254037844387076, 1.000000000000000000, 0.8660254037844387076, 1.000000000000000000, 0.8660254037844387076, 1.000000000000000000, 0.8660254037844387076, 1.000000000000000000, 0.8660254037844387076, 1.000000000000000000, 0.8660254037844387076, 1.000000000000000000, 0.8660254037844387076, 1.000000000000000000, 0.8660254037844387076, 1.000000000000000000, 0.8660254037844387076, 1.000000000000000000, 0.8660254037844387076, 1.000000000000000000, 0.8660254037844387076, 1.000000000000000000, 0.8660254037844387076, 1.000000000000000000, 0.8660254037844387076, 1.000000000000000000, 0.8660254037844387076, 1.000000000000000000, 0.8660254037844387076, 1.000000000000000000, 0.8660254037844387076, 1.000000000000000000, 0.8660254037844387076, 1.000000000000000000, 0.8660254037844387076, 1.000000000000000000, 0.8660254037844387076, 1.000000000000000000, 0.8660254037844387076, 1.000000000000000000, 0.8660254037844387076, 1.000000000000000000, 0.8660254037844387076, 1.000000000000000000, 0.8660254037844387076, 1.000000000000000000, 0.8660254037844387076, 1.000000000000000000, 0.8660254037844387076, 1.000000000000000000, 0.8660254037844387076, 1.000000000000000000, 0.8660254037844387076, 1.000000000000000000, 0.8660254037844387076, 1.000000000000000000, 0.8660254037844387076, 1.000000000000000000, 0.8660254037844387076, 1.000000000000000000, 0.8660254037844387076, 1.000000000000000000, 0.8660254037844387076, 1.000000000000000000, 0.8660254037844387076, 1.000000000000000000, 0.8660254037844387076, 1.000000000000000000, 0.8660254037844387076, 1.000000000000000000, 0.8660254037844387076, 1.000000000000000000, 0.8660254037844387076, 1.000000000000000000, 0.8660254037844387076, 1.000000000000000000, 0.8660254037844387076, 1.000000000000000000, 0.8660254037844387076, 1.000000000000000000, 0.8660254037844387076, 1.000000000000000000, 0.8660254037844387076, 1.000000000000000000, 0.8660254037844387076, 1.000000000000000000, 0.8660254037844387076, 1.000000000000000000, 0.8660254037844387076, 1.000000000000000000, 0.8660254037844387076, 1.000000000000000000, 0.8660254037844387076, 1.000000000000000000, 0.8660254037844387076, 1.000000000000000000, 0.8660254037844387076, 1.000000000000000000, 0.8660254037844387076, 1.000000000000000000, 0.8660254037844387076, 1.000000000000000000, 0.8660254037844387076, 1.000000000000000000, 0.8660254037844387076, 1.000000000000000000, 0.8660254037844387076, 1.000000000000000000, 0.8660254037844387076, 1.000000000000000000, 0.8660254037844387076, 1.000000000000000000, 0.8660254037844387076, 1.000000000000000000, 0.8660254037844387076, 1.000000000000000000, 0.8660254037844387076, 1.000000000000000000, 0.8660254037844387076, 1.000000000000000000, 0.8660254037844387076, 1.000000000000000000, 0.8660254037844387076, 1.000000000000000000, 0.8660254037844387076, 1.000000000000000000, 0.8660254037844387076, 1.000000000000000000, 0.8660254037844387076, 1.000000000000000000, 0.8660254037844387076, 1.000000000000000000, 0.8660254037844387076, 1.000000000000000000, 0.8660254037844387076, 1.000000000000000000, 0.8660254037844387076, 1.000000000000000000, 0.8660254037844387076, 1.000000000000000000, 0.8660254037844387076, 1.000000000000000000, 0.8660254037844387076, 1.000000000000000000, 0.8660254037844387076, 1.000000000000000000, 0.8660254037844387076, 1.000000000000000000, 0.8660254037844387076, 1.000000000000000000, 0.8660254037844387076, 1.000000000000000000, 0.8660254037844387076, 1.000000000000000000, 0.8660254037844387076, 1.000000000000000000, 0.8660254037844387076, 1.000000000000000000, 0.8660254037844387076, 1.000000000000000000, 0.8660254037844387076, 1.000000000000000000, 0.8660254037844387076, 1.000000000000000000, 0.8660254037844387076, 1.000000000000000000, 0.8660254037844387076, 1.000000000000000000, 0.8660254037844387076, 1.000000000000000000, 0.8660254037844387076, 1.000000000000000000, 0.9461118224998116277, 0.9355741869130984600),
 ( 1.000000000000000000, 0.8660254037844387076, 1.000000000000000000, 0.8660254037844387076, 1.000000000000000000, 0.8660254037844387076, 1.000000000000000000, 0.8660254037844387076, 1.000000000000000000, 0.8660254037844387076, 1.000000000000000000, 0.8660254037844387076, 1.000000000000000000, 0.8660254037844387076, 1.000000000000000000, 0.8660254037844387076, 1.000000000000000000, 0.8660254037844387076, 1.000000000000000000, 0.8660254037844387076, 1.000000000000000000, 0.8660254037844387076, 1.000000000000000000, 0.8660254037844387076, 1.000000000000000000, 0.8660254037844387076, 1.000000000000000000, 0.8660254037844387076, 1.000000000000000000, 0.8660254037844387076, 1.000000000000000000, 0.8660254037844387076, 1.000000000000000000, 0.8660254037844387076, 1.000000000000000000, 0.8660254037844387076, 1.000000000000000000, 0.8660254037844387076, 1.000000000000000000, 0.8660254037844387076, 1.000000000000000000, 0.8660254037844387076, 1.000000000000000000, 0.8660254037844387076, 1.000000000000000000, 0.8660254037844387076, 1.000000000000000000, 0.8660254037844387076, 1.000000000000000000, 0.8660254037844387076, 1.000000000000000000, 0.8660254037844387076, 1.000000000000000000, 0.8660254037844387076, 1.000000000000000000, 0.8660254037844387076, 1.000000000000000000, 0.8660254037844387076, 1.000000000000000000, 0.8660254037844387076, 1.000000000000000000, 0.8660254037844387076, 1.000000000000000000, 0.8660254037844387076, 1.000000000000000000, 0.8660254037844387076, 1.000000000000000000, 0.8660254037844387076, 1.000000000000000000, 0.8660254037844387076, 1.000000000000000000, 0.8660254037844387076, 1.000000000000000000, 0.8660254037844387076, 1.000000000000000000, 0.8660254037844387076, 1.000000000000000000, 0.8660254037844387076, 1.000000000000000000, 0.8660254037844387076, 1.000000000000000000, 0.8660254037844387076, 1.000000000000000000, 0.8660254037844387076, 1.000000000000000000, 0.8660254037844387076, 1.000000000000000000, 0.8660254037844387076, 1.000000000000000000, 0.8660254037844387076, 1.000000000000000000, 0.8660254037844387076, 1.000000000000000000, 0.8660254037844387076, 1.000000000000000000, 0.8660254037844387076, 1.000000000000000000, 0.8660254037844387076, 1.000000000000000000, 0.8660254037844387076, 1.000000000000000000, 0.8660254037844387076, 1.000000000000000000, 0.8660254037844387076, 1.000000000000000000, 0.8660254037844387076, 1.000000000000000000, 0.8660254037844387076, 1.000000000000000000, 0.8660254037844387076, 1.000000000000000000, 0.8660254037844387076, 1.000000000000000000, 0.8660254037844387076, 1.000000000000000000, 0.8660254037844387076, 1.000000000000000000, 0.8660254037844387076, 1.000000000000000000, 0.8660254037844387076, 1.000000000000000000, 0.8660254037844387076, 1.000000000000000000, 0.8660254037844387076, 1.000000000000000000, 0.8660254037844387076, 1.000000000000000000, 0.8660254037844387076, 1.000000000000000000, 0.8660254037844387076, 1.000000000000000000, 0.8660254037844387076, 1.000000000000000000, 0.8660254037844387076, 1.000000000000000000, 0.8660254037844387076, 1.000000000000000000, 0.8660254037844387076, 1.000000000000000000, 0.8660254037844387076, 1.000000000000000000, 0.8660254037844387076, 1.000000000000000000, 0.8660254037844387076, 1.000000000000000000, 0.8660254037844387076, 1.000000000000000000, 0.8660254037844387076, 1.000000000000000000, 0.8660254037844387076, 1.000000000000000000, 0.8660254037844387076, 1.000000000000000000, 0.8660254037844387076, 1.000000000000000000, 0.8660254037844387076, 1.000000000000000000, 0.8660254037844387076, 1.000000000000000000, 0.8660254037844387076, 1.000000000000000000, 0.8660254037844387076, 1.000000000000000000, 0.8660254037844387076, 1.000000000000000000, 0.8660254037844387076, 1.000000000000000000, 0.8660254037844387076, 1.000000000000000000, 0.8660254037844387076, 1.000000000000000000, 0.8660254037844387076, 1.000000000000000000, 0.8660254037844387076, 1.000000000000000000, 0.8660254037844387076, 1.000000000000000000, 0.8660254037844387076, 1.000000000000000000, 0.8660254037844387076, 1.000000000000000000, 0.8660254037844387076, 1.000000000000000000, 0.8660254037844387076, 1.000000000000000000, 0.8660254037844387076, 1.000000000000000000, 0.8660254037844387076, 1.000000000000000000, 0.8660254037844387076, 1.000000000000000000, 0.8660254037844387076, 1.000000000000000000, 0.8660254037844387076, 1.000000000000000000, 0.8660254037844387076, 1.000000000000000000, 0.8660254037844387076, 1.000000000000000000, 0.8660254037844387076, 1.000000000000000000, 0.8660254037844387076, 1.000000000000000000, 0.8660254037844387076, 1.000000000000000000, 0.8660254037844387076, 1.000000000000000000, 0.8660254037844387076, 1.000000000000000000, 0.8660254037844387076, 1.000000000000000000, 0.8660254037844387076, 1.000000000000000000, 0.8660254037844387076, 1.000000000000000000, 0.8660254037844387076, 1.000000000000000000, 0.8660254037844387076, 1.000000000000000000, 0.8660254037844387076, 1.000000000000000000, 0.8660254037844387076, 1.000000000000000000, 0.8660254037844387076, 1.000000000000000000, 0.8660254037844387076, 1.000000000000000000, 0.8660254037844387076, 1.000000000000000000, 0.8660254037844387076, 1.000000000000000000, 0.8660254037844387076, 1.000000000000000000, 0.8660254037844387076, 1.000000000000000000, 0.8660254037844387076, 1.000000000000000000, 0.8660254037844387076, 1.000000000000000000, 0.8660254037844387076, 1.000000000000000000, 0.8660254037844387076, 1.000000000000000000, 0.8660254037844387076, 1.000000000000000000, 0.8660254037844387076, 1.000000000000000000, 0.8660254037844387076, 1.000000000000000000, 0.8660254037844387076, 1.000000000000000000, 0.8660254037844387076, 1.000000000000000000, 0.8660254037844387076, 1.000000000000000000, 0.8660254037844387076, 1.000000000000000000, 0.8660254037844387076, 1.000000000000000000, 0.8660254037844387076, 1.000000000000000000, 0.8660254037844387076, 1.000000000000000000, 0.8660254037844387076, 1.000000000000000000, 0.8660254037844387076, 1.000000000000000000, 0.8660254037844387076, 1.000000000000000000, 0.8660254037844387076, 1.000000000000000000, 0.8660254037844387076, 1.000000000000000000, 0.8660254037844387076, 1.000000000000000000, 0.8660254037844387076, 1.000000000000000000, 0.8660254037844387076, 1.000000000000000000, 0.8660254037844387076, 1.000000000000000000, 0.8660254037844387076, 1.000000000000000000, 0.8660254037844387076, 1.000000000000000000, 0.8660254037844387076, 1.000000000000000000, 0.8660254037844387076, 1.000000000000000000, 0.8660254037844387076, 1.000000000000000000, 0.8660254037844387076, 1.000000000000000000, 0.8660254037844387076, 1.000000000000000000, 0.8660254037844387076, 1.000000000000000000, 0.8660254037844387076, 1.000000000000000000, 0.8660254037844387076, 1.000000000000000000, 0.8660254037844387076, 1.000000000000000000, 0.8660254037844387076, 1.000000000000000000, 0.8660254037844387076, 1.000000000000000000, 0.8660254037844387076, 1.000000000000000000, 0.8660254037844387076, 1.000000000000000000, 0.8660254037844387076, 1.000000000000000000, 0.8660254037844387076, 1.000000000000000000, 0.8660254037844387076, 1.000000000000000000, 0.9461118224998116277, 0.9355741869130984600) ) ) 
 REPRESENTATION_ITEM ( '' )  SURFACE ( )  );
#4095 = CARTESIAN_POINT ( 'NONE',  ( -1.836970198721029688E-16, -1.499999999999999778, 1.249999999999998890 ) ) ;
#4096 = VERTEX_POINT ( 'NONE', #3160 ) ;
#4097 = CARTESIAN_POINT ( 'NONE',  ( 1.357050807568875417, -2.242832357623997763E-16, -0.3125000000000002776 ) ) ;
#4098 = CARTESIAN_POINT ( 'NONE',  ( -1.299038105676657784, 0.7500000000000001110, -4.416666666666666963 ) ) ;
#4099 = CARTESIAN_POINT ( 'NONE',  ( -0.5910574457506166945, -1.175240473580833500, -5.536295462830993053 ) ) ;
#4100 = CARTESIAN_POINT ( 'NONE',  ( -1.017788105676656674, 0.5876202367904170831, -0.1666666666666674068 ) ) ;
#4101 = CARTESIAN_POINT ( 'NONE',  ( -1.836970198721029688E-16, -1.499999999999999778, -0.1874999999999998612 ) ) ;
#4102 = ORIENTED_EDGE ( 'NONE', *, *, #1651, .T. ) ;
#4103 = CARTESIAN_POINT ( 'NONE',  ( 0.8660254037844357100, -1.500000000000003775, -4.645833333333332149 ) ) ;
#4104 = CARTESIAN_POINT ( 'NONE',  ( -1.357050807568875417, 1.080983497915110492E-16, 5.374999999999999112 ) ) ;
#4105 = CARTESIAN_POINT ( 'NONE',  ( -1.017788105676656674, 0.5876202367904170831, -6.104166666666666963 ) ) ;
#4106 = CARTESIAN_POINT ( 'NONE',  ( -1.357050807568875417, 1.080983497915110492E-16, -6.125000000000000000 ) ) ;
#4107 = CARTESIAN_POINT ( 'NONE',  ( 0.8660254037844379305, -1.500000000000000222, 3.291666666666666519 ) ) ;
#4108 = VERTEX_POINT ( 'NONE', #3541 ) ;
#4109 = CARTESIAN_POINT ( 'NONE',  ( -1.017788105676656674, 0.5876202367904170831, 6.395833333333333037 ) ) ;
#4110 = CARTESIAN_POINT ( 'NONE',  ( 0.6785254037844372643, -1.175240473580834166, -3.895833333333333481 ) ) ;
#4111 = CARTESIAN_POINT ( 'NONE',  ( -1.017788105676656674, 0.5876202367904170831, -2.166666666666667407 ) ) ;
#4112 = CARTESIAN_POINT ( 'NONE',  ( 0.000000000000000000, 1.527063293868264227, 1.046875000000000000 ) ) ;
#4113 = LINE ( 'NONE', #5290, #2879 ) ;
#4114 = CARTESIAN_POINT ( 'NONE',  ( -1.322475605676658672, -0.7635316469341317802, -0.8177083333333334814 ) ) ;
#4115 = CARTESIAN_POINT ( 'NONE',  ( 0.000000000000000000, 1.175240473580833944, -3.187500000000000444 ) ) ;
#4116 = CARTESIAN_POINT ( 'NONE',  ( 0.6785254037844372643, -1.175240473580834166, 1.041666666666666519 ) ) ;
#4117 = ADVANCED_FACE ( 'NONE', ( #5168 ), #4793, .F. ) ;
#4118 = CARTESIAN_POINT ( 'NONE',  ( 1.357050807568875417, -2.242832357623997763E-16, -3.312500000000000000 ) ) ;
#4119 = CARTESIAN_POINT ( 'NONE',  ( -0.6785254037844380415, -1.175240473580833944, -1.541666666666666963 ) ) ;
#4120 = LINE ( 'NONE', #527, #137 ) ;
#4121 = EDGE_CURVE ( 'NONE', #4292, #3178, #4392, .T. ) ;
#4122 = MANIFOLD_SOLID_BREP ( 'Imported1', #4418 ) ;
#4123 = CARTESIAN_POINT ( 'NONE',  ( -1.732050807568876971, 1.310604772755240251E-16, -3.375000000000000444 ) ) ;
#4124 = CARTESIAN_POINT ( 'NONE',  ( -1.017788105676656674, 0.5876202367904170831, 0.8958333333333327042 ) ) ;
#4125 = CARTESIAN_POINT ( 'NONE',  ( 0.000000000000000000, 1.499999999999999778, 3.499999999999999556 ) ) ;
#4126 = CARTESIAN_POINT ( 'NONE',  ( -1.017788105676656896, -0.5876202367904167501, -4.583333333333333037 ) ) ;
#4127 =( BOUNDED_CURVE ( )  B_SPLINE_CURVE ( 2, ( #1887, #232, #3958, #3906, #2749, #1083, #1430 ),
 .UNSPECIFIED., .F., .T. ) 
 B_SPLINE_CURVE_WITH_KNOTS ( ( 3, 2, 2, 3 ),
 ( 0.4814814814814813992, 0.4876543209876542662, 0.4938271604938270221, 0.4999999999999998890 ),
 .UNSPECIFIED. ) 
 CURVE ( )  GEOMETRIC_REPRESENTATION_ITEM ( )  RATIONAL_B_SPLINE_CURVE ( ( 1.000000000000001110, 0.8660254037844373753, 1.000000000000000000, 0.8660254037844387076, 1.000000000000000000, 0.8660254037844411501, 0.9999999999999975575 ) ) 
 REPRESENTATION_ITEM ( '' )  );
#4128 = CARTESIAN_POINT ( 'NONE',  ( -0.6785254037844380415, -1.175240473580833944, -0.04166666666666728885 ) ) ;
#4129 = DIRECTION ( 'NONE',  ( 0.000000000000000000, -1.000000000000000000, 0.000000000000000000 ) ) ;
#4130 = ORIENTED_EDGE ( 'NONE', *, *, #1922, .F. ) ;
#4131 = CARTESIAN_POINT ( 'NONE',  ( 1.357050807568875417, -2.242832357623997763E-16, 5.625000000000000000 ) ) ;
#4132 = CARTESIAN_POINT ( 'NONE',  ( -0.8816504037844387076, 1.527063293868264449, 6.557291666666666075 ) ) ;
#4133 = CARTESIAN_POINT ( 'NONE',  ( 1.357050807568875417, -2.242832357623997763E-16, 4.687499999999999112 ) ) ;
#4134 = CARTESIAN_POINT ( 'NONE',  ( -1.299038105676657784, 0.7500000000000001110, -3.916666666666667407 ) ) ;
#4135 = EDGE_LOOP ( 'NONE', ( #3837, #2130, #342, #1005, #3189 ) ) ;
#4136 = DIRECTION ( 'NONE',  ( -0.000000000000000000, 3.457852702097173358E-17, 1.000000000000000000 ) ) ;
#4137 = CARTESIAN_POINT ( 'NONE',  ( 0.000000000000000000, 1.175240473580833944, -4.687500000000000888 ) ) ;
#4138 = CARTESIAN_POINT ( 'NONE',  ( -0.6785254037844380415, -1.175240473580833944, -1.541666666666666963 ) ) ;
#4139 = CARTESIAN_POINT ( 'NONE',  ( -1.322475605676658450, 0.7635316469341323353, 1.130208333333333703 ) ) ;
#4140 = CARTESIAN_POINT ( 'NONE',  ( -1.488442710983743478, -0.04396918148257163844, -5.287967565275989656 ) ) ;
#4141 = CARTESIAN_POINT ( 'NONE',  ( -0.8816504037844393737, -1.527063293868264005, -1.276041666666666519 ) ) ;
#4142 = CARTESIAN_POINT ( 'NONE',  ( -0.6785254037844375974, 1.175240473580834166, -2.145833333333333925 ) ) ;
#4143 = CYLINDRICAL_SURFACE ( 'NONE', #1488, 1.499999999999999778 ) ;
#4144 = CARTESIAN_POINT ( 'NONE',  ( -0.6785254037844375974, 1.175240473580834166, 2.291666666666665630 ) ) ;
#4145 = CARTESIAN_POINT ( 'NONE',  ( 1.357050807568875417, -2.242832357623997763E-16, -3.812500000000000444 ) ) ;
#4146 = AXIS2_PLACEMENT_3D ( 'NONE', #3647, #2409, #5225 ) ;
#4147 = CARTESIAN_POINT ( 'NONE',  ( -0.6785254037844375974, 1.175240473580834166, 0.2916666666666657415 ) ) ;
#4148 = CARTESIAN_POINT ( 'NONE',  ( -0.7500000000000002220, 1.299038105676657118, 5.062500000000000000 ) ) ;
#4149 = AXIS2_PLACEMENT_3D ( 'NONE', #5194, #2358, #720 ) ;
#4150 = CARTESIAN_POINT ( 'NONE',  ( -1.299038105676657784, 0.7500000000000001110, -3.416666666666667407 ) ) ;
#4151 = AXIS2_PLACEMENT_3D ( 'NONE', #4977, #1247, #2462 ) ;
#4152 = CARTESIAN_POINT ( 'NONE',  ( 1.017788105676657118, 0.5876202367904160839, 1.729166666666665408 ) ) ;
#4153 = DIRECTION ( 'NONE',  ( -0.000000000000000000, 3.457852702097173358E-17, 1.000000000000000000 ) ) ;
#4154 = EDGE_CURVE ( 'NONE', #3737, #1393, #1442, .T. ) ;
#4155 = CARTESIAN_POINT ( 'NONE',  ( -1.357050807568875417, 1.080983497915110246E-16, -2.625000000000000444 ) ) ;
#4156 = FACE_OUTER_BOUND ( 'NONE', #4794, .T. ) ;
#4157 = ORIENTED_EDGE ( 'NONE', *, *, #258, .T. ) ;
#4158 = CARTESIAN_POINT ( 'NONE',  ( -1.836970198721029688E-16, -1.499999999999999778, -3.750000000000000888 ) ) ;
#4159 = CARTESIAN_POINT ( 'NONE',  ( -1.017788105676656896, -0.5876202367904167501, 6.416666666666666075 ) ) ;
#4160 = CARTESIAN_POINT ( 'NONE',  ( -0.8816504037844393737, -1.527063293868264005, 5.223958333333332149 ) ) ;
#4161 = CARTESIAN_POINT ( 'NONE',  ( 0.6785254037844372643, -1.175240473580834166, 6.604166666666666075 ) ) ;
#4162 = CARTESIAN_POINT ( 'NONE',  ( -0.8660254037844391517, -1.499999999999999334, 1.208333333333332815 ) ) ;
#4163 = CARTESIAN_POINT ( 'NONE',  ( 0.000000000000000000, 1.499999999999999778, 5.500000000000000000 ) ) ;
#4164 = VERTEX_POINT ( 'NONE', #3513 ) ;
#4165 = CARTESIAN_POINT ( 'NONE',  ( -1.050943903833174931, -1.070288237343514304, -5.250000000000007994 ) ) ;
#4166 = VECTOR ( 'NONE', #3660, 1000.000000000000000 ) ;
#4167 = ADVANCED_FACE ( 'NONE', ( #292 ), #5116, .T. ) ;
#4168 = CARTESIAN_POINT ( 'NONE',  ( 0.6785254037844384856, 1.175240473580833722, -2.791666666666666963 ) ) ;
#4169 = CARTESIAN_POINT ( 'NONE',  ( -1.870113174931183868E-16, -1.527063293868264227, 5.796874999999999112 ) ) ;
#4170 = CARTESIAN_POINT ( 'NONE',  ( 1.017788105676656452, -0.5876202367904175272, 0.6458333333333324822 ) ) ;
#4171 = CARTESIAN_POINT ( 'NONE',  ( -0.8816504037844387076, 1.527063293868264449, -2.942708333333333481 ) ) ;
#4172 = CARTESIAN_POINT ( 'NONE',  ( 0.000000000000000000, 1.175240473580833944, -2.687500000000000000 ) ) ;
#4173 = CARTESIAN_POINT ( 'NONE',  ( 1.732050807568876971, -2.931696182144386422E-16, -2.125000000000000888 ) ) ;
#4174 = CARTESIAN_POINT ( 'NONE',  ( 0.6785254037844372643, -1.175240473580834166, 3.041666666666666519 ) ) ;
#4175 = CARTESIAN_POINT ( 'NONE',  ( -1.017788105676656896, -0.5876202367904167501, -2.020833333333333481 ) ) ;
#4176 = CARTESIAN_POINT ( 'NONE',  ( -0.6785254037844380415, -1.175240473580833944, -0.04166666666666728885 ) ) ;
#4177 = CARTESIAN_POINT ( 'NONE',  ( 0.7500000000000001110, 0.1525211662096497278, 5.883974596215562514 ) ) ;
#4178 = AXIS2_PLACEMENT_3D ( 'NONE', #5196, #2762, #3162 ) ;
#4179 =( BOUNDED_CURVE ( )  B_SPLINE_CURVE ( 2, ( #5142, #3081, #317, #1467, #3106, #3188, #2682 ),
 .UNSPECIFIED., .F., .T. ) 
 B_SPLINE_CURVE_WITH_KNOTS ( ( 3, 2, 2, 3 ),
 ( 0.8851988781696885633, 0.8913717176758613192, 0.8975445571820341861, 0.9037173966882070530 ),
 .UNSPECIFIED. ) 
 CURVE ( )  GEOMETRIC_REPRESENTATION_ITEM ( )  RATIONAL_B_SPLINE_CURVE ( ( 1.000000000000000000, 0.8660254037844387076, 1.000000000000000000, 0.8660254037844387076, 1.000000000000000000, 0.8660254037844387076, 1.000000000000000000 ) ) 
 REPRESENTATION_ITEM ( '' )  );
#4180 = DIRECTION ( 'NONE',  ( -0.000000000000000000, 3.457852702097173358E-17, 1.000000000000000000 ) ) ;
#4181 = CARTESIAN_POINT ( 'NONE',  ( 0.000000000000000000, 1.175240473580833944, 2.812499999999999112 ) ) ;
#4182 = DIRECTION ( 'NONE',  ( -0.8660254037844388186, 0.4999999999999996669, 0.000000000000000000 ) ) ;
#4183 = CARTESIAN_POINT ( 'NONE',  ( 0.000000000000000000, 1.175240473580833944, -2.750000000000000444 ) ) ;
#4184 = EDGE_CURVE ( 'NONE', #2100, #4069, #4179, .T. ) ;
#4185 = CARTESIAN_POINT ( 'NONE',  ( 0.000000000000000000, 4.088892879315926092E-16, 5.824948115447571517 ) ) ;
#4186 = ORIENTED_EDGE ( 'NONE', *, *, #4736, .F. ) ;
#4187 = CARTESIAN_POINT ( 'NONE',  ( -1.299038105676657784, 0.7500000000000001110, 4.083333333333333037 ) ) ;
#4188 = CARTESIAN_POINT ( 'NONE',  ( -1.322475605676658672, -0.7635316469341317802, -5.786458333333333037 ) ) ;
#4189 = CARTESIAN_POINT ( 'NONE',  ( 1.017788105676657118, 0.5876202367904160839, -3.270833333333333925 ) ) ;
#4190 = CARTESIAN_POINT ( 'NONE',  ( -1.017788105676656674, 0.5876202367904170831, 5.395833333333332149 ) ) ;
#4191 = CARTESIAN_POINT ( 'NONE',  ( -1.732050807568876971, 1.310604772755240251E-16, -0.3750000000000007772 ) ) ;
#4192 = FACE_OUTER_BOUND ( 'NONE', #3137, .T. ) ;
#4193 = VERTEX_POINT ( 'NONE', #4314 ) ;
#4194 = UNCERTAINTY_MEASURE_WITH_UNIT (LENGTH_MEASURE( 1.000000000000000082E-05 ), #913, 'distance_accuracy_value', 'NONE');
#4195 = CARTESIAN_POINT ( 'NONE',  ( -1.357050807568875417, 1.080983497915110492E-16, -0.6250000000000005551 ) ) ;
#4196 = CARTESIAN_POINT ( 'NONE',  ( -1.322475605676658450, 0.7635316469341323353, 3.630208333333333481 ) ) ;
#4197 = CARTESIAN_POINT ( 'NONE',  ( 0.000000000000000000, 1.175240473580833944, 0.8124999999999998890 ) ) ;
#4198 = CARTESIAN_POINT ( 'NONE',  ( 1.322475605676658228, -0.7635316469341327794, -2.651041666666666963 ) ) ;
#4199 = CARTESIAN_POINT ( 'NONE',  ( 1.017788105676656452, -0.5876202367904175272, -1.854166666666667185 ) ) ;
#4200 = CARTESIAN_POINT ( 'NONE',  ( 0.3749999999999947264, 0.6495190528383314454, 5.062500000000000000 ) ) ;
#4201 = CARTESIAN_POINT ( 'NONE',  ( 1.017788105676657118, 0.5876202367904160839, 3.666666666666665186 ) ) ;
#4202 = EDGE_CURVE ( 'NONE', #2236, #4108, #1436, .T. ) ;
#4203 = CARTESIAN_POINT ( 'NONE',  ( -1.017788105676656896, -0.5876202367904167501, -2.520833333333333481 ) ) ;
#4204 = CARTESIAN_POINT ( 'NONE',  ( -1.017788105676656674, 0.5876202367904170831, 0.3333333333333330373 ) ) ;
#4205 = CARTESIAN_POINT ( 'NONE',  ( 0.6529734079291337201, 1.200800459009289112, -5.393894159303741276 ) ) ;
#4206 = AXIS2_PLACEMENT_3D ( 'NONE', #5132, #3984, #2322 ) ;
#4207 = CARTESIAN_POINT ( 'NONE',  ( -1.299038105676658006, -0.7499999999999995559, 0.1666666666666661856 ) ) ;
#4208 = CARTESIAN_POINT ( 'NONE',  ( 0.6785254037844372643, -1.175240473580834166, 4.104166666666666075 ) ) ;
#4209 = CARTESIAN_POINT ( 'NONE',  ( 0.000000000000000000, -1.336911000032896764E-15, 6.000000000000000000 ) ) ;
#4210 = CARTESIAN_POINT ( 'NONE',  ( 0.6785254037844372643, -1.175240473580834166, -3.458333333333333925 ) ) ;
#4211 = CARTESIAN_POINT ( 'NONE',  ( 1.299038105676657562, -0.7500000000000005551, -2.604166666666666075 ) ) ;
#4212 = ORIENTED_EDGE ( 'NONE', *, *, #5183, .F. ) ;
#4213 = DIRECTION ( 'NONE',  ( -0.000000000000000000, 3.457852702097173358E-17, 1.000000000000000000 ) ) ;
#4214 = CARTESIAN_POINT ( 'NONE',  ( 1.322475605676659116, 0.7635316469341311141, -6.036458333333333037 ) ) ;
#4215 = CARTESIAN_POINT ( 'NONE',  ( -1.439254484199187653E-16, -1.175240473580833944, -4.937500000000000000 ) ) ;
#4216 = CARTESIAN_POINT ( 'NONE',  ( -1.357050807568875417, 1.080983497915110492E-16, -5.625000000000000888 ) ) ;
#4217 = CARTESIAN_POINT ( 'NONE',  ( -0.4654081534003848830, -1.365941391557397466, -5.310134180074104648 ) ) ;
#4218 = CYLINDRICAL_SURFACE ( 'NONE', #1835, 1.499999999999999778 ) ;
#4219 = EDGE_LOOP ( 'NONE', ( #2504, #1888, #4886, #2794 ) ) ;
#4220 = CARTESIAN_POINT ( 'NONE',  ( 0.8660254037844379305, -1.500000000000000222, -0.7083333333333338144 ) ) ;
#4221 = CARTESIAN_POINT ( 'NONE',  ( -0.4418558714824422085, -0.6109197974410338627, 5.884137217587757540 ) ) ;
#4222 = CARTESIAN_POINT ( 'NONE',  ( 0.8816504037844384856, -1.527063293868264893, 5.338541666666666075 ) ) ;
#4223 = CARTESIAN_POINT ( 'NONE',  ( -1.017788105676656674, 0.5876202367904170831, 0.3958333333333330928 ) ) ;
#4224 = CARTESIAN_POINT ( 'NONE',  ( 0.8816504037844384856, -1.527063293868264893, 1.807291666666666297 ) ) ;
#4225 = CARTESIAN_POINT ( 'NONE',  ( -1.357050807568875417, 1.080983497915110492E-16, 1.437499999999999556 ) ) ;
#4226 = CARTESIAN_POINT ( 'NONE',  ( 1.299038105676658672, 0.7499999999999987788, -2.083333333333334370 ) ) ;
#4227 = ADVANCED_FACE ( 'NONE', ( #3916 ), #4750, .F. ) ;
#4228 = CARTESIAN_POINT ( 'NONE',  ( 0.6785254037844372643, -1.175240473580834166, 3.541666666666665186 ) ) ;
#4229 = EDGE_CURVE ( 'NONE', #2735, #2838, #242, .T. ) ;
#4230 = CARTESIAN_POINT ( 'NONE',  ( -1.017788105676656674, 0.5876202367904170831, -1.604166666666666963 ) ) ;
#4231 = CARTESIAN_POINT ( 'NONE',  ( 1.017788105676657118, 0.5876202367904160839, 0.6666666666666660745 ) ) ;
#4232 = CARTESIAN_POINT ( 'NONE',  ( -1.017788105676656896, -0.5876202367904167501, -0.08333333333333370341 ) ) ;
#4233 = CARTESIAN_POINT ( 'NONE',  ( 0.000000000000000000, -1.336911000032896764E-15, 6.000000000000000000 ) ) ;
#4234 = ADVANCED_FACE ( 'NONE', ( #666 ), #3943, .T. ) ;
#4235 = CARTESIAN_POINT ( 'NONE',  ( 1.017788105676656452, -0.5876202367904175272, 2.645833333333333481 ) ) ;
#4236 = CARTESIAN_POINT ( 'NONE',  ( 0.000000000000000000, 1.175240473580833944, -2.250000000000000444 ) ) ;
#4237 = VECTOR ( 'NONE', #1068, 1000.000000000000000 ) ;
#4238 = CARTESIAN_POINT ( 'NONE',  ( 0.2469154890836027239, -1.479538016155923286, 5.824948115447571517 ) ) ;
#4239 = ORIENTED_EDGE ( 'NONE', *, *, #2332, .T. ) ;
#4240 = CARTESIAN_POINT ( 'NONE',  ( -0.8660254037844383745, 1.499999999999999778, 4.041666666666666075 ) ) ;
#4241 = CARTESIAN_POINT ( 'NONE',  ( 0.8816504037844384856, -1.527063293868264893, -5.661458333333333037 ) ) ;
#4242 = CARTESIAN_POINT ( 'NONE',  ( 1.357050807568875417, -2.242832357623997763E-16, -5.312500000000000888 ) ) ;
#4243 = CARTESIAN_POINT ( 'NONE',  ( -1.439254484199187653E-16, -1.175240473580833944, -3.500000000000000444 ) ) ;
#4244 =( BOUNDED_SURFACE ( )  B_SPLINE_SURFACE ( 1, 2, ( 
 ( #3076, #2194, #161, #210, #3426, #1840, #3026, #4708, #711, #385, #359, #5291, #3963, #1566, #337, #1619, #4762, #3235, #286, #2426, #3205, #1917, #4839, #1164, #1970, #4386, #1086, #3613, #4014, #2728, #3637, #2831, #4361, #2754, #1591, #685, #2327, #3155, #4465, #3563, #4060, #2807, #5187, #4787, #1189, #2023, #5263, #1994, #4438, #765, #1514, #790, #4866, #4412, #1113, #1138, #2400, #3664, #5239, #2351, #4038, #3989, #311, #1945, #3590, #5214, #1541, #2779, #3182, #4812, #740, #2377, #1671, #4171, #3313, #1321, #1645, #48, #4944, #99, #4198, #2938, #4919, #840, #3365, #4970, #3289, #4996, #1243, #1295, #2510, #4569, #75, #2050, #1269, #4088, #891, #2910, #520, #3692, #23, #2964, #4492, #4597, #814, #2136, #2885, #1217, #2536, #4519, #2161, #496, #2456, #4141, #3794, #467, #4546, #2483, #1722, #412, #3769, #919, #866, #2561, #4114, #125, #3263, #439, #3715, #4893, #2858, #2078, #2107, #3743, #1696, #3337, #5075, #3850, #3046, #1832, #653, #4301, #2613, #4279, #545, #1749, #974, #4327, #4625, #5100, #3069, #230, #1027, #3421, #2267, #4702, #2695, #4251, #1859, #2297, #3904, #4677, #2668, #947, #3502, #626, #2241, #3930, #5130, #1001, #1455, #1378, #600, #2643, #3020, #3096, #2588, #1428, #4729, #3446, #1054, #5047, #3393, #5024, #2993, #2214, #1351, #4224, #4653, #2187, #3821, #155, #3876, #1405, #184, #204, #1779, #573, #1805, #3475, #3554, #756, #2392, #3607, #1985, #1964, #305, #4029, #2721, #1106, #2371, #253, #3174, #351, #5155, #3529, #1938, #5208, #4005, #1180, #1583, #3120, #4781, #3584, #1885, #782, #4756, #280, #5231, #2417, #2823, #3627, #1157, #331, #1558, #679, #5254, #2799, #1534, #1481, #4805, #3198, #4858, #2774, #3226, #4830, #4455, #1081, #4430, #2747, #4354, #2320, #1132, #3956, #5180, #1911, #4405, #3982, #1508, #734, #3148, #4379, #2344, #703, #881, #4986, #3733, #402, #1636, #4160, #455, #2446, #486, #4080, #2095, #3304, #64, #857, #2849, #2069, #4883, #1685, #429, #1311, #4482, #803, #2126, #5282, #89, #1610, #2927, #2040, #2014, #3327, #3683, #2954, #4960, #3253, #4935, #4588, #2501, #4132, #14, #3759, #1284, #3707, #376, #37, #4560, #3356, #1259, #1712, #2526, #909, #3655, #4051, #4910, #1207, #3280 ),
 ( #1233, #831, #4105, #2873, #4509, #2474, #1661, #2901, #4537, #4270, #936, #4294, #2577, #591, #1795, #2232, #4668, #1342, #564, #3383, #3866, #4242, #3491, #2983, #4614, #617, #3785, #3893, #117, #1420, #4215, #511, #196, #537, #5120, #1822, #1740, #3436, #1446, #5064, #3840, #3812, #4694, #5013, #3464, #5092, #2205, #221, #2178, #3085, #3061, #145, #3010, #1019, #2658, #1768, #2258, #3413, #5039, #1396, #175, #4643, #3037, #1850, #1369, #965, #2605, #993, #4718, #2553, #4189, #2151, #2633, #1097, #3191, #3517, #1903, #3164, #1045, #3974, #4821, #643, #4318, #2738, #695, #4796, #1976, #2384, #3920, #271, #4370, #2686, #1574, #245, #1072, #4395, #3217, #3619, #1551, #1955, #5223, #4421, #2285, #4343, #1148, #1876, #5146, #4744, #748, #1471, #343, #1123, #3110, #2710, #2791, #670, #2337, #296, #5198, #4021, #1928, #724, #3575, #5245, #4771, #1499, #1524, #2764, #2362, #3947, #2312, #3545, #3997, #5172, #3140, #321, #3599, #1678, #1706, #3699, #2839, #4097, #2031, #2519, #3271, #4900, #476, #772, #30, #3320, #4873, #2490, #1223, #5271, #1626, #3673, #2864, #4850, #4953, #2118, #2087, #4499, #849, #1277, #4472, #83, #3243, #822, #3751, #391, #4124, #4927, #1172, #3725, #5, #2060, #3645, #2814, #4070, #4446, #2407, #2894, #448, #2920, #55, #1197, #4553, #875, #4043, #2466, #4152, #366, #2003, #420, #1599, #796, #2435, #1653, #3296, #1249, #4529, #2598, #585, #2974, #4979, #2225, #4606, #4288, #4262, #3885, #2544, #166, #4235, #214, #3349, #1816, #4181, #1012, #1788, #504, #3429, #5057, #557, #928, #1304, #2198, #3832, #2947, #4581, #1390, #3030, #902, #3859, #1414, #2144, #1335, #192, #3778, #110, #1733, #3055, #3374, #2652, #4662, #5007, #2570, #5084, #4208, #1361, #958, #987, #4688, #3002, #2626, #3456, #610, #1761, #3805, #2250, #530, #4636, #2171, #138, #3403, #5033, #2279, #3914, #1844, #4311, #3485, #5113, #637, #4712, #1439, #2678, #3079, #1038, #4541, #18, #4084, #4056, #4939, #3632, #2478, #434, #4486, #461, #4459, #3332, #3710, #4033, #3257, #835, #2073, #786, #2905, #3230, #1185, #1640, #809, #4887, #407, #4109, #2827, #2018, #5259, #2421, #3308, #1264, #42, #861, #4514, #2853, #2505, #1587, #3659, #4914, #2803, #2044 ) ),
 .UNSPECIFIED., .F., .F., .F. ) 
 B_SPLINE_SURFACE_WITH_KNOTS ( ( 2, 2 ),
 ( 3, 2, 2, 2, 2, 2, 2, 2, 2, 2, 2, 2, 2, 2, 2, 2, 2, 2, 2, 2, 2, 2, 2, 2, 2, 2, 2, 2, 2, 2, 2, 2, 2, 2, 2, 2, 2, 2, 2, 2, 2, 2, 2, 2, 2, 2, 2, 2, 2, 2, 2, 2, 2, 2, 2, 2, 2, 2, 2, 2, 2, 2, 2, 2, 2, 2, 2, 2, 2, 2, 2, 2, 2, 2, 2, 2, 2, 2, 2, 2, 2, 2, 2, 2, 2, 2, 2, 2, 2, 2, 2, 2, 2, 2, 2, 2, 2, 2, 2, 2, 2, 2, 2, 2, 2, 2, 2, 2, 2, 2, 2, 2, 2, 2, 2, 2, 2, 2, 2, 2, 2, 2, 2, 2, 2, 2, 2, 2, 2, 2, 2, 2, 2, 2, 2, 2, 2, 2, 2, 2, 2, 2, 2, 2, 2, 2, 2, 2, 2, 2, 2, 2, 2, 2, 2, 2, 2, 2, 2, 3 ),
 ( 0.000000000000000000, 1.000000000000000000 ),
 ( 0.000000000000000000, 0.006172839506172839164, 0.01234567901234567833, 0.01851851851851851749, 0.02469135802469135665, 0.03086419753086419582, 0.03703703703703703498, 0.04320987654320987414, 0.04938271604938271331, 0.05555555555555555247, 0.06172839506172839164, 0.06790123456790123080, 0.07407407407407406996, 0.08024691358024690913, 0.08641975308641974829, 0.09259259259259258745, 0.09876543209876542662, 0.1049382716049382658, 0.1111111111111111049, 0.1172839506172839441, 0.1234567901234567833, 0.1296296296296296224, 0.1358024691358024616, 0.1419753086419753008, 0.1481481481481481399, 0.1543209876543209791, 0.1604938271604938183, 0.1666666666666666574, 0.1728395061728394966, 0.1790123456790123357, 0.1851851851851851749, 0.1913580246913580141, 0.1975308641975308532, 0.2037037037037036924, 0.2098765432098765316, 0.2160493827160493707, 0.2222222222222222099, 0.2283950617283950490, 0.2345679012345678882, 0.2407407407407407274, 0.2469135802469135665, 0.2530864197530864335, 0.2592592592592592449, 0.2654320987654321118, 0.2716049382716049232, 0.2777777777777777901, 0.2839506172839506015, 0.2901234567901234684, 0.2962962962962962798, 0.3024691358024691468, 0.3086419753086419582, 0.3148148148148148251, 0.3209876543209876365, 0.3271604938271605034, 0.3333333333333333148, 0.3395061728395061817, 0.3456790123456789932, 0.3518518518518518601, 0.3580246913580246715, 0.3641975308641975384, 0.3703703703703703498, 0.3765432098765432167, 0.3827160493827160281, 0.3888888888888888951, 0.3950617283950617065, 0.4012345679012345734, 0.4074074074074073848, 0.4135802469135802517, 0.4197530864197530631, 0.4259259259259259300, 0.4320987654320987414, 0.4382716049382716084, 0.4444444444444444198, 0.4506172839506172867, 0.4567901234567900981, 0.4629629629629629650, 0.4691358024691357764, 0.4753086419753086433, 0.4814814814814814548, 0.4876543209876543217, 0.4938271604938271331, 0.5000000000000000000, 0.5061728395061728669, 0.5123456790123457338, 0.5185185185185184897, 0.5246913580246913567, 0.5308641975308642236, 0.5370370370370370905, 0.5432098765432098464, 0.5493827160493827133, 0.5555555555555555802, 0.5617283950617284471, 0.5679012345679012030, 0.5740740740740740700, 0.5802469135802469369, 0.5864197530864198038, 0.5925925925925925597, 0.5987654320987654266, 0.6049382716049382935, 0.6111111111111111605, 0.6172839506172839164, 0.6234567901234567833, 0.6296296296296296502, 0.6358024691358025171, 0.6419753086419752730, 0.6481481481481481399, 0.6543209876543210068, 0.6604938271604938738, 0.6666666666666666297, 0.6728395061728394966, 0.6790123456790123635, 0.6851851851851852304, 0.6913580246913579863, 0.6975308641975308532, 0.7037037037037037202, 0.7098765432098765871, 0.7160493827160493430, 0.7222222222222222099, 0.7283950617283950768, 0.7345679012345679437, 0.7407407407407406996, 0.7469135802469135665, 0.7530864197530864335, 0.7592592592592593004, 0.7654320987654320563, 0.7716049382716049232, 0.7777777777777777901, 0.7839506172839506570, 0.7901234567901234129, 0.7962962962962962798, 0.8024691358024691468, 0.8086419753086420137, 0.8148148148148147696, 0.8209876543209876365, 0.8271604938271605034, 0.8333333333333333703, 0.8395061728395061262, 0.8456790123456789932, 0.8518518518518518601, 0.8580246913580247270, 0.8641975308641974829, 0.8703703703703703498, 0.8765432098765432167, 0.8827160493827160836, 0.8888888888888888395, 0.8950617283950617065, 0.9012345679012345734, 0.9074074074074074403, 0.9135802469135801962, 0.9197530864197530631, 0.9259259259259259300, 0.9320987654320987970, 0.9382716049382715529, 0.9444444444444444198, 0.9506172839506172867, 0.9567901234567901536, 0.9629629629629629095, 0.9691358024691357764, 0.9753086419753086433, 0.9777914707622811230 ),
 .UNSPECIFIED. ) 
 GEOMETRIC_REPRESENTATION_ITEM ( )  RATIONAL_B_SPLINE_SURFACE ( (
 ( 1.000000000000000000, 0.8660254037844387076, 1.000000000000000000, 0.8660254037844387076, 1.000000000000000000, 0.8660254037844387076, 1.000000000000000000, 0.8660254037844387076, 1.000000000000000000, 0.8660254037844387076, 1.000000000000000000, 0.8660254037844387076, 1.000000000000000000, 0.8660254037844387076, 1.000000000000000000, 0.8660254037844387076, 1.000000000000000000, 0.8660254037844387076, 1.000000000000000000, 0.8660254037844387076, 1.000000000000000000, 0.8660254037844387076, 1.000000000000000000, 0.8660254037844387076, 1.000000000000000000, 0.8660254037844387076, 1.000000000000000000, 0.8660254037844387076, 1.000000000000000000, 0.8660254037844387076, 1.000000000000000000, 0.8660254037844387076, 1.000000000000000000, 0.8660254037844387076, 1.000000000000000000, 0.8660254037844387076, 1.000000000000000000, 0.8660254037844387076, 1.000000000000000000, 0.8660254037844387076, 1.000000000000000000, 0.8660254037844387076, 1.000000000000000000, 0.8660254037844387076, 1.000000000000000000, 0.8660254037844387076, 1.000000000000000000, 0.8660254037844387076, 1.000000000000000000, 0.8660254037844387076, 1.000000000000000000, 0.8660254037844387076, 1.000000000000000000, 0.8660254037844387076, 1.000000000000000000, 0.8660254037844387076, 1.000000000000000000, 0.8660254037844387076, 1.000000000000000000, 0.8660254037844387076, 1.000000000000000000, 0.8660254037844387076, 1.000000000000000000, 0.8660254037844387076, 1.000000000000000000, 0.8660254037844387076, 1.000000000000000000, 0.8660254037844387076, 1.000000000000000000, 0.8660254037844387076, 1.000000000000000000, 0.8660254037844387076, 1.000000000000000000, 0.8660254037844387076, 1.000000000000000000, 0.8660254037844387076, 1.000000000000000000, 0.8660254037844387076, 1.000000000000000000, 0.8660254037844387076, 1.000000000000000000, 0.8660254037844387076, 1.000000000000000000, 0.8660254037844387076, 1.000000000000000000, 0.8660254037844387076, 1.000000000000000000, 0.8660254037844387076, 1.000000000000000000, 0.8660254037844387076, 1.000000000000000000, 0.8660254037844387076, 1.000000000000000000, 0.8660254037844387076, 1.000000000000000000, 0.8660254037844387076, 1.000000000000000000, 0.8660254037844387076, 1.000000000000000000, 0.8660254037844387076, 1.000000000000000000, 0.8660254037844387076, 1.000000000000000000, 0.8660254037844387076, 1.000000000000000000, 0.8660254037844387076, 1.000000000000000000, 0.8660254037844387076, 1.000000000000000000, 0.8660254037844387076, 1.000000000000000000, 0.8660254037844387076, 1.000000000000000000, 0.8660254037844387076, 1.000000000000000000, 0.8660254037844387076, 1.000000000000000000, 0.8660254037844387076, 1.000000000000000000, 0.8660254037844387076, 1.000000000000000000, 0.8660254037844387076, 1.000000000000000000, 0.8660254037844387076, 1.000000000000000000, 0.8660254037844387076, 1.000000000000000000, 0.8660254037844387076, 1.000000000000000000, 0.8660254037844387076, 1.000000000000000000, 0.8660254037844387076, 1.000000000000000000, 0.8660254037844387076, 1.000000000000000000, 0.8660254037844387076, 1.000000000000000000, 0.8660254037844387076, 1.000000000000000000, 0.8660254037844387076, 1.000000000000000000, 0.8660254037844387076, 1.000000000000000000, 0.8660254037844387076, 1.000000000000000000, 0.8660254037844387076, 1.000000000000000000, 0.8660254037844387076, 1.000000000000000000, 0.8660254037844387076, 1.000000000000000000, 0.8660254037844387076, 1.000000000000000000, 0.8660254037844387076, 1.000000000000000000, 0.8660254037844387076, 1.000000000000000000, 0.8660254037844387076, 1.000000000000000000, 0.8660254037844387076, 1.000000000000000000, 0.8660254037844387076, 1.000000000000000000, 0.8660254037844387076, 1.000000000000000000, 0.8660254037844387076, 1.000000000000000000, 0.8660254037844387076, 1.000000000000000000, 0.8660254037844387076, 1.000000000000000000, 0.8660254037844387076, 1.000000000000000000, 0.8660254037844387076, 1.000000000000000000, 0.8660254037844387076, 1.000000000000000000, 0.8660254037844387076, 1.000000000000000000, 0.8660254037844387076, 1.000000000000000000, 0.8660254037844387076, 1.000000000000000000, 0.8660254037844387076, 1.000000000000000000, 0.8660254037844387076, 1.000000000000000000, 0.8660254037844387076, 1.000000000000000000, 0.8660254037844387076, 1.000000000000000000, 0.8660254037844387076, 1.000000000000000000, 0.8660254037844387076, 1.000000000000000000, 0.8660254037844387076, 1.000000000000000000, 0.8660254037844387076, 1.000000000000000000, 0.8660254037844387076, 1.000000000000000000, 0.8660254037844387076, 1.000000000000000000, 0.8660254037844387076, 1.000000000000000000, 0.8660254037844387076, 1.000000000000000000, 0.8660254037844387076, 1.000000000000000000, 0.8660254037844387076, 1.000000000000000000, 0.8660254037844387076, 1.000000000000000000, 0.8660254037844387076, 1.000000000000000000, 0.8660254037844387076, 1.000000000000000000, 0.8660254037844387076, 1.000000000000000000, 0.8660254037844387076, 1.000000000000000000, 0.8660254037844387076, 1.000000000000000000, 0.8660254037844387076, 1.000000000000000000, 0.8660254037844387076, 1.000000000000000000, 0.8660254037844387076, 1.000000000000000000, 0.8660254037844387076, 1.000000000000000000, 0.8660254037844387076, 1.000000000000000000, 0.8660254037844387076, 1.000000000000000000, 0.8660254037844387076, 1.000000000000000000, 0.8660254037844387076, 1.000000000000000000, 0.8660254037844387076, 1.000000000000000000, 0.8660254037844387076, 1.000000000000000000, 0.8660254037844387076, 1.000000000000000000, 0.8660254037844387076, 1.000000000000000000, 0.8660254037844387076, 1.000000000000000000, 0.8660254037844387076, 1.000000000000000000, 0.8660254037844387076, 1.000000000000000000, 0.8660254037844387076, 1.000000000000000000, 0.8660254037844387076, 1.000000000000000000, 0.8660254037844387076, 1.000000000000000000, 0.8660254037844387076, 1.000000000000000000, 0.8660254037844387076, 1.000000000000000000, 0.8660254037844387076, 1.000000000000000000, 0.8660254037844387076, 1.000000000000000000, 0.8660254037844387076, 1.000000000000000000, 0.8660254037844387076, 1.000000000000000000, 0.8660254037844387076, 1.000000000000000000, 0.8660254037844387076, 1.000000000000000000, 0.8660254037844387076, 1.000000000000000000, 0.8660254037844387076, 1.000000000000000000, 0.8660254037844387076, 1.000000000000000000, 0.8660254037844387076, 1.000000000000000000, 0.8660254037844387076, 1.000000000000000000, 0.8660254037844387076, 1.000000000000000000, 0.8660254037844387076, 1.000000000000000000, 0.8660254037844387076, 1.000000000000000000, 0.8660254037844387076, 1.000000000000000000, 0.8660254037844387076, 1.000000000000000000, 0.8660254037844387076, 1.000000000000000000, 0.8660254037844387076, 1.000000000000000000, 0.8660254037844387076, 1.000000000000000000, 0.8660254037844387076, 1.000000000000000000, 0.8660254037844387076, 1.000000000000000000, 0.8660254037844387076, 1.000000000000000000, 0.8660254037844387076, 1.000000000000000000, 0.8660254037844387076, 1.000000000000000000, 0.8660254037844387076, 1.000000000000000000, 0.8660254037844387076, 1.000000000000000000, 0.8660254037844387076, 1.000000000000000000, 0.9461129705584646610, 0.9355746359300973758),
 ( 1.000000000000000000, 0.8660254037844387076, 1.000000000000000000, 0.8660254037844387076, 1.000000000000000000, 0.8660254037844387076, 1.000000000000000000, 0.8660254037844387076, 1.000000000000000000, 0.8660254037844387076, 1.000000000000000000, 0.8660254037844387076, 1.000000000000000000, 0.8660254037844387076, 1.000000000000000000, 0.8660254037844387076, 1.000000000000000000, 0.8660254037844387076, 1.000000000000000000, 0.8660254037844387076, 1.000000000000000000, 0.8660254037844387076, 1.000000000000000000, 0.8660254037844387076, 1.000000000000000000, 0.8660254037844387076, 1.000000000000000000, 0.8660254037844387076, 1.000000000000000000, 0.8660254037844387076, 1.000000000000000000, 0.8660254037844387076, 1.000000000000000000, 0.8660254037844387076, 1.000000000000000000, 0.8660254037844387076, 1.000000000000000000, 0.8660254037844387076, 1.000000000000000000, 0.8660254037844387076, 1.000000000000000000, 0.8660254037844387076, 1.000000000000000000, 0.8660254037844387076, 1.000000000000000000, 0.8660254037844387076, 1.000000000000000000, 0.8660254037844387076, 1.000000000000000000, 0.8660254037844387076, 1.000000000000000000, 0.8660254037844387076, 1.000000000000000000, 0.8660254037844387076, 1.000000000000000000, 0.8660254037844387076, 1.000000000000000000, 0.8660254037844387076, 1.000000000000000000, 0.8660254037844387076, 1.000000000000000000, 0.8660254037844387076, 1.000000000000000000, 0.8660254037844387076, 1.000000000000000000, 0.8660254037844387076, 1.000000000000000000, 0.8660254037844387076, 1.000000000000000000, 0.8660254037844387076, 1.000000000000000000, 0.8660254037844387076, 1.000000000000000000, 0.8660254037844387076, 1.000000000000000000, 0.8660254037844387076, 1.000000000000000000, 0.8660254037844387076, 1.000000000000000000, 0.8660254037844387076, 1.000000000000000000, 0.8660254037844387076, 1.000000000000000000, 0.8660254037844387076, 1.000000000000000000, 0.8660254037844387076, 1.000000000000000000, 0.8660254037844387076, 1.000000000000000000, 0.8660254037844387076, 1.000000000000000000, 0.8660254037844387076, 1.000000000000000000, 0.8660254037844387076, 1.000000000000000000, 0.8660254037844387076, 1.000000000000000000, 0.8660254037844387076, 1.000000000000000000, 0.8660254037844387076, 1.000000000000000000, 0.8660254037844387076, 1.000000000000000000, 0.8660254037844387076, 1.000000000000000000, 0.8660254037844387076, 1.000000000000000000, 0.8660254037844387076, 1.000000000000000000, 0.8660254037844387076, 1.000000000000000000, 0.8660254037844387076, 1.000000000000000000, 0.8660254037844387076, 1.000000000000000000, 0.8660254037844387076, 1.000000000000000000, 0.8660254037844387076, 1.000000000000000000, 0.8660254037844387076, 1.000000000000000000, 0.8660254037844387076, 1.000000000000000000, 0.8660254037844387076, 1.000000000000000000, 0.8660254037844387076, 1.000000000000000000, 0.8660254037844387076, 1.000000000000000000, 0.8660254037844387076, 1.000000000000000000, 0.8660254037844387076, 1.000000000000000000, 0.8660254037844387076, 1.000000000000000000, 0.8660254037844387076, 1.000000000000000000, 0.8660254037844387076, 1.000000000000000000, 0.8660254037844387076, 1.000000000000000000, 0.8660254037844387076, 1.000000000000000000, 0.8660254037844387076, 1.000000000000000000, 0.8660254037844387076, 1.000000000000000000, 0.8660254037844387076, 1.000000000000000000, 0.8660254037844387076, 1.000000000000000000, 0.8660254037844387076, 1.000000000000000000, 0.8660254037844387076, 1.000000000000000000, 0.8660254037844387076, 1.000000000000000000, 0.8660254037844387076, 1.000000000000000000, 0.8660254037844387076, 1.000000000000000000, 0.8660254037844387076, 1.000000000000000000, 0.8660254037844387076, 1.000000000000000000, 0.8660254037844387076, 1.000000000000000000, 0.8660254037844387076, 1.000000000000000000, 0.8660254037844387076, 1.000000000000000000, 0.8660254037844387076, 1.000000000000000000, 0.8660254037844387076, 1.000000000000000000, 0.8660254037844387076, 1.000000000000000000, 0.8660254037844387076, 1.000000000000000000, 0.8660254037844387076, 1.000000000000000000, 0.8660254037844387076, 1.000000000000000000, 0.8660254037844387076, 1.000000000000000000, 0.8660254037844387076, 1.000000000000000000, 0.8660254037844387076, 1.000000000000000000, 0.8660254037844387076, 1.000000000000000000, 0.8660254037844387076, 1.000000000000000000, 0.8660254037844387076, 1.000000000000000000, 0.8660254037844387076, 1.000000000000000000, 0.8660254037844387076, 1.000000000000000000, 0.8660254037844387076, 1.000000000000000000, 0.8660254037844387076, 1.000000000000000000, 0.8660254037844387076, 1.000000000000000000, 0.8660254037844387076, 1.000000000000000000, 0.8660254037844387076, 1.000000000000000000, 0.8660254037844387076, 1.000000000000000000, 0.8660254037844387076, 1.000000000000000000, 0.8660254037844387076, 1.000000000000000000, 0.8660254037844387076, 1.000000000000000000, 0.8660254037844387076, 1.000000000000000000, 0.8660254037844387076, 1.000000000000000000, 0.8660254037844387076, 1.000000000000000000, 0.8660254037844387076, 1.000000000000000000, 0.8660254037844387076, 1.000000000000000000, 0.8660254037844387076, 1.000000000000000000, 0.8660254037844387076, 1.000000000000000000, 0.8660254037844387076, 1.000000000000000000, 0.8660254037844387076, 1.000000000000000000, 0.8660254037844387076, 1.000000000000000000, 0.8660254037844387076, 1.000000000000000000, 0.8660254037844387076, 1.000000000000000000, 0.8660254037844387076, 1.000000000000000000, 0.8660254037844387076, 1.000000000000000000, 0.8660254037844387076, 1.000000000000000000, 0.8660254037844387076, 1.000000000000000000, 0.8660254037844387076, 1.000000000000000000, 0.8660254037844387076, 1.000000000000000000, 0.8660254037844387076, 1.000000000000000000, 0.8660254037844387076, 1.000000000000000000, 0.8660254037844387076, 1.000000000000000000, 0.8660254037844387076, 1.000000000000000000, 0.8660254037844387076, 1.000000000000000000, 0.8660254037844387076, 1.000000000000000000, 0.8660254037844387076, 1.000000000000000000, 0.8660254037844387076, 1.000000000000000000, 0.8660254037844387076, 1.000000000000000000, 0.8660254037844387076, 1.000000000000000000, 0.8660254037844387076, 1.000000000000000000, 0.8660254037844387076, 1.000000000000000000, 0.8660254037844387076, 1.000000000000000000, 0.8660254037844387076, 1.000000000000000000, 0.8660254037844387076, 1.000000000000000000, 0.8660254037844387076, 1.000000000000000000, 0.8660254037844387076, 1.000000000000000000, 0.8660254037844387076, 1.000000000000000000, 0.8660254037844387076, 1.000000000000000000, 0.8660254037844387076, 1.000000000000000000, 0.8660254037844387076, 1.000000000000000000, 0.8660254037844387076, 1.000000000000000000, 0.8660254037844387076, 1.000000000000000000, 0.8660254037844387076, 1.000000000000000000, 0.8660254037844387076, 1.000000000000000000, 0.8660254037844387076, 1.000000000000000000, 0.8660254037844387076, 1.000000000000000000, 0.8660254037844387076, 1.000000000000000000, 0.8660254037844387076, 1.000000000000000000, 0.8660254037844387076, 1.000000000000000000, 0.8660254037844387076, 1.000000000000000000, 0.8660254037844387076, 1.000000000000000000, 0.9461129705584646610, 0.9355746359300973758) ) ) 
 REPRESENTATION_ITEM ( '' )  SURFACE ( )  );
#4245 = LINE ( 'NONE', #567, #1933 ) ;
#4246 = ORIENTED_EDGE ( 'NONE', *, *, #5004, .T. ) ;
#4247 = DIRECTION ( 'NONE',  ( 0.000000000000000000, 0.000000000000000000, 1.000000000000000000 ) ) ;
#4248 = CARTESIAN_POINT ( 'NONE',  ( -0.7500000000000002220, 0.1525509232738916088, 5.883984197433099972 ) ) ;
#4249 = CARTESIAN_POINT ( 'NONE',  ( 0.000000000000000000, 1.527063293868264227, 4.046874999999999112 ) ) ;
#4250 = CARTESIAN_POINT ( 'NONE',  ( 0.000000000000000000, 1.175240473580833944, -1.187500000000000222 ) ) ;
#4251 = CARTESIAN_POINT ( 'NONE',  ( -0.8816504037844387076, 1.527063293868264449, 0.5572916666666660745 ) ) ;
#4252 = CARTESIAN_POINT ( 'NONE',  ( -1.017788105676656896, -0.5876202367904167501, 0.9791666666666664076 ) ) ;
#4253 = CARTESIAN_POINT ( 'NONE',  ( 0.8660254037844393737, 1.499999999999999334, 0.9583333333333323711 ) ) ;
#4254 = CARTESIAN_POINT ( 'NONE',  ( 1.017788105676656452, -0.5876202367904175272, 5.083333333333332149 ) ) ;
#4255 = ORIENTED_EDGE ( 'NONE', *, *, #3207, .F. ) ;
#4256 = AXIS2_PLACEMENT_3D ( 'NONE', #3288, #2884, #4518 ) ;
#4257 = EDGE_LOOP ( 'NONE', ( #821, #751, #3151, #5107 ) ) ;
#4258 = ADVANCED_FACE ( 'NONE', ( #1924 ), #3570, .T. ) ;
#4259 = CARTESIAN_POINT ( 'NONE',  ( 0.000000000000000000, 1.175240473580833944, -4.750000000000000888 ) ) ;
#4260 = CARTESIAN_POINT ( 'NONE',  ( -1.357050807568875417, 1.080983497915110492E-16, 3.874999999999999556 ) ) ;
#4261 = FACE_OUTER_BOUND ( 'NONE', #854, .T. ) ;
#4262 = CARTESIAN_POINT ( 'NONE',  ( -1.017788105676656896, -0.5876202367904167501, 2.479166666666666075 ) ) ;
#4263 = CARTESIAN_POINT ( 'NONE',  ( 0.6785254037844372643, -1.175240473580834166, 0.5416666666666659635 ) ) ;
#4264 = AXIS2_PLACEMENT_3D ( 'NONE', #2341, #2496, #4931 ) ;
#4265 = EDGE_CURVE ( 'NONE', #4073, #2156, #1813, .T. ) ;
#4266 = CARTESIAN_POINT ( 'NONE',  ( 1.732050807568876971, -2.931696182144386422E-16, -2.562499999999999112 ) ) ;
#4267 = ORIENTED_EDGE ( 'NONE', *, *, #169, .F. ) ;
#4268 = CARTESIAN_POINT ( 'NONE',  ( -1.299038105676657784, 0.7500000000000001110, 5.145833333333333037 ) ) ;
#4269 = CARTESIAN_POINT ( 'NONE',  ( -1.322475605676658450, 0.7635316469341323353, -5.369791666666666963 ) ) ;
#4270 = CARTESIAN_POINT ( 'NONE',  ( 1.357050807568875417, -2.242832357623997763E-16, -5.812500000000000000 ) ) ;
#4271 = CARTESIAN_POINT ( 'NONE',  ( 0.6785254037844372643, -1.175240473580834166, -3.458333333333333925 ) ) ;
#4272 = CARTESIAN_POINT ( 'NONE',  ( 0.8660254037844379305, -1.500000000000000222, -4.708333333333333037 ) ) ;
#4273 = FACE_OUTER_BOUND ( 'NONE', #3506, .T. ) ;
#4274 = ORIENTED_EDGE ( 'NONE', *, *, #4841, .T. ) ;
#4275 = LINE ( 'NONE', #3066, #162 ) ;
#4276 = CARTESIAN_POINT ( 'NONE',  ( -1.322475605676658450, 0.7635316469341323353, 4.130208333333333925 ) ) ;
#4277 =( BOUNDED_CURVE ( )  B_SPLINE_CURVE ( 2, ( #1261, #3358, #2180, #938, #4134, #2929, #1313 ),
 .UNSPECIFIED., .F., .F. ) 
 B_SPLINE_CURVE_WITH_KNOTS ( ( 3, 2, 2, 3 ),
 ( 0.8111248040956144933, 0.8172976436017873603, 0.8234704831079601162, 0.8296433226141329831 ),
 .UNSPECIFIED. ) 
 CURVE ( )  GEOMETRIC_REPRESENTATION_ITEM ( )  RATIONAL_B_SPLINE_CURVE ( ( 1.000000000000000000, 0.8660254037844387076, 1.000000000000000000, 0.8660254037844387076, 1.000000000000000000, 0.8660254037844387076, 1.000000000000000000 ) ) 
 REPRESENTATION_ITEM ( '' )  );
#4278 = CARTESIAN_POINT ( 'NONE',  ( 1.017788105676657118, 0.5876202367904160839, -0.2708333333333338699 ) ) ;
#4279 = CARTESIAN_POINT ( 'NONE',  ( 0.8816504037844398178, 1.527063293868264005, -0.02604166666666726804 ) ) ;
#4280 = CARTESIAN_POINT ( 'NONE',  ( 1.357050807568875417, -2.242832357623997763E-16, -0.3125000000000002776 ) ) ;
#4281 = CARTESIAN_POINT ( 'NONE',  ( -0.7499999999999986677, 0.4330127018922202420, 6.000000000000000000 ) ) ;
#4282 = CARTESIAN_POINT ( 'NONE',  ( 1.017788105676656452, -0.5876202367904175272, 3.583333333333332593 ) ) ;
#4283 = EDGE_LOOP ( 'NONE', ( #5105, #508, #2951 ) ) ;
#4284 = ORIENTED_EDGE ( 'NONE', *, *, #3615, .F. ) ;
#4285 = CARTESIAN_POINT ( 'NONE',  ( 0.8660254037844379305, -1.500000000000000222, 2.291666666666665186 ) ) ;
#4286 = CARTESIAN_POINT ( 'NONE',  ( -1.732050807568876971, 1.310604772755240251E-16, 2.624999999999998668 ) ) ;
#4287 = CARTESIAN_POINT ( 'NONE',  ( -0.6785254037844375974, 1.175240473580834166, 3.291666666666666519 ) ) ;
#4288 = CARTESIAN_POINT ( 'NONE',  ( -1.357050807568875417, 1.080983497915110492E-16, 2.437499999999998224 ) ) ;
#4289 = EDGE_CURVE ( 'NONE', #2324, #4619, #3671, .T. ) ;
#4290 = CARTESIAN_POINT ( 'NONE',  ( 0.000000000000000000, 1.175240473580833944, -1.250000000000000222 ) ) ;
#4291 = CARTESIAN_POINT ( 'NONE',  ( 0.000000000000000000, 1.558265636316165435E-17, -5.549354535729332127 ) ) ;
#4292 = VERTEX_POINT ( 'NONE', #4443 ) ;
#4293 = CARTESIAN_POINT ( 'NONE',  ( 0.8816504037844384856, -1.527063293868264893, -2.661458333333333481 ) ) ;
#4294 = CARTESIAN_POINT ( 'NONE',  ( 0.6785254037844384856, 1.175240473580833722, -5.729166666666666963 ) ) ;
#4295 = CARTESIAN_POINT ( 'NONE',  ( 0.6785254037844384856, 1.175240473580833722, -5.791666666666667851 ) ) ;
#4296 = DIRECTION ( 'NONE',  ( 0.000000000000000000, -1.000000000000000000, 0.000000000000000000 ) ) ;
#4297 = ORIENTED_EDGE ( 'NONE', *, *, #2912, .F. ) ;
#4298 = FACE_OUTER_BOUND ( 'NONE', #3417, .T. ) ;
#4299 = CARTESIAN_POINT ( 'NONE',  ( 0.000000000000000000, 1.499999999999999778, 4.562500000000000000 ) ) ;
#4300 = CARTESIAN_POINT ( 'NONE',  ( 0.000000000000000000, 1.175240473580833944, 2.312499999999998668 ) ) ;
#4301 = CARTESIAN_POINT ( 'NONE',  ( 1.763300807568877859, -2.989101500854420495E-16, -0.1093750000000000971 ) ) ;
#4302 = CARTESIAN_POINT ( 'NONE',  ( 1.357050807568875417, -2.242832357623997763E-16, 1.187499999999999334 ) ) ;
#4303 = CARTESIAN_POINT ( 'NONE',  ( -0.6321118099071260099, 0.5010754801766176270, 5.931937221714401076 ) ) ;
#4304 = CARTESIAN_POINT ( 'NONE',  ( 0.000000000000000000, 1.175240473580833944, 3.750000000000000000 ) ) ;
#4305 = ORIENTED_EDGE ( 'NONE', *, *, #2679, .T. ) ;
#4306 =( BOUNDED_CURVE ( )  B_SPLINE_CURVE ( 2, ( #4321, #1930, #3547, #3467, #646, #2288, #5174 ),
 .UNSPECIFIED., .F., .T. ) 
 B_SPLINE_CURVE_WITH_KNOTS ( ( 3, 2, 2, 3 ),
 ( 0.3666803596511699626, 0.3728531991573428295, 0.3790260386635156964, 0.3851988781696885633 ),
 .UNSPECIFIED. ) 
 CURVE ( )  GEOMETRIC_REPRESENTATION_ITEM ( )  RATIONAL_B_SPLINE_CURVE ( ( 1.000000000000000000, 0.8660254037844387076, 1.000000000000000000, 0.8660254037844387076, 1.000000000000000000, 0.8660254037844387076, 1.000000000000000000 ) ) 
 REPRESENTATION_ITEM ( '' )  );
#4307 = CARTESIAN_POINT ( 'NONE',  ( -1.322475605676658450, 0.7635316469341323353, 0.6302083333333332593 ) ) ;
#4308 = CARTESIAN_POINT ( 'NONE',  ( 0.8660254037844393737, 1.499999999999999334, 5.520833333333333037 ) ) ;
#4309 = CARTESIAN_POINT ( 'NONE',  ( -0.8660254037844391517, -1.499999999999999334, 2.708333333333333481 ) ) ;
#4310 = CARTESIAN_POINT ( 'NONE',  ( 1.017788105676657118, 0.5876202367904160839, 2.666666666666666075 ) ) ;
#4311 = CARTESIAN_POINT ( 'NONE',  ( -1.017788105676656896, -0.5876202367904167501, 4.979166666666666075 ) ) ;
#4312 = CARTESIAN_POINT ( 'NONE',  ( 1.357050807568875417, -2.242832357623997763E-16, -1.375000000000000444 ) ) ;
#4313 = EDGE_CURVE ( 'NONE', #2229, #3816, #1463, .T. ) ;
#4314 = CARTESIAN_POINT ( 'NONE',  ( -1.836970198721029688E-16, -1.499999999999999778, 4.749999999999999112 ) ) ;
#4315 = ORIENTED_EDGE ( 'NONE', *, *, #759, .F. ) ;
#4316 = CARTESIAN_POINT ( 'NONE',  ( 0.000000000000000000, 1.499999999999999778, 5.562500000000000888 ) ) ;
#4317 = CARTESIAN_POINT ( 'NONE',  ( 0.8816504037844384856, -1.527063293868264893, -3.661458333333333037 ) ) ;
#4318 = CARTESIAN_POINT ( 'NONE',  ( 1.017788105676657118, 0.5876202367904160839, -2.770833333333333925 ) ) ;
#4319 = CARTESIAN_POINT ( 'NONE',  ( -0.6785254037844380415, -1.175240473580833944, -6.041666666666666963 ) ) ;
#4320 = CARTESIAN_POINT ( 'NONE',  ( -1.836970198721029688E-16, -1.499999999999999778, -4.750000000000000888 ) ) ;
#4321 = CARTESIAN_POINT ( 'NONE',  ( -1.836970198721029688E-16, -1.499999999999999778, 2.250000000000000000 ) ) ;
#4322 = ORIENTED_EDGE ( 'NONE', *, *, #4973, .T. ) ;
#4323 = CARTESIAN_POINT ( 'NONE',  ( 1.732050807568876971, -2.931696182144386422E-16, 3.437500000000000444 ) ) ;
#4324 = CARTESIAN_POINT ( 'NONE',  ( 0.000000000000000000, 1.499999999999999778, -2.500000000000000444 ) ) ;
#4325 = CARTESIAN_POINT ( 'NONE',  ( 1.017788105676656452, -0.5876202367904175272, 3.083333333333332149 ) ) ;
#4326 = CARTESIAN_POINT ( 'NONE',  ( 0.6785254037844372643, -1.175240473580834166, 2.104166666666665630 ) ) ;
#4327 = CARTESIAN_POINT ( 'NONE',  ( -1.763300807568877859, 1.329739878991918111E-16, 0.1406249999999992506 ) ) ;
#4328 = CARTESIAN_POINT ( 'NONE',  ( 1.017788105676657118, 0.5876202367904160839, -0.2708333333333338699 ) ) ;
#4329 = CARTESIAN_POINT ( 'NONE',  ( -1.177446216005827440, -0.1363825329351331939, -5.574759526419171607 ) ) ;
#4330 = CIRCLE ( 'NONE', #1066, 0.8660254037844385966 ) ;
#4331 = ORIENTED_EDGE ( 'NONE', *, *, #1941, .F. ) ;
#4332 = EDGE_LOOP ( 'NONE', ( #2477, #1160, #2364, #3082 ) ) ;
#4333 = EDGE_CURVE ( 'NONE', #2202, #4000, #1978, .T. ) ;
#4334 = CARTESIAN_POINT ( 'NONE',  ( 0.000000000000000000, 1.527063293868264227, -1.453124999999999556 ) ) ;
#4335 = CARTESIAN_POINT ( 'NONE',  ( 0.7500000000000000000, 0.4330127018922191318, 5.062500000000000000 ) ) ;
#4336 = CARTESIAN_POINT ( 'NONE',  ( -1.439254484199187653E-16, -1.175240473580833944, -5.500000000000000888 ) ) ;
#4337 = CARTESIAN_POINT ( 'NONE',  ( -0.6785254037844375974, 1.175240473580834166, 2.791666666666666075 ) ) ;
#4338 = CARTESIAN_POINT ( 'NONE',  ( 0.6785254037844383745, 1.175240473580833500, -1.291666666666667851 ) ) ;
#4339 = DIRECTION ( 'NONE',  ( -0.000000000000000000, 3.457852702097173358E-17, 1.000000000000000000 ) ) ;
#4340 = ORIENTED_EDGE ( 'NONE', *, *, #59, .F. ) ;
#4341 = CARTESIAN_POINT ( 'NONE',  ( -1.836970198721029688E-16, -1.499999999999999778, 5.312500000000000000 ) ) ;
#4342 = CARTESIAN_POINT ( 'NONE',  ( -1.870113174931183868E-16, -1.527063293868264227, -3.203125000000000000 ) ) ;
#4343 = CARTESIAN_POINT ( 'NONE',  ( 0.6785254037844372643, -1.175240473580834166, -1.895833333333333481 ) ) ;
#4344 = CARTESIAN_POINT ( 'NONE',  ( 1.017788105676657118, 0.5876202367904160839, -3.333333333333333925 ) ) ;
#4345 = CARTESIAN_POINT ( 'NONE',  ( 0.000000000000000000, 1.558265636316165435E-17, -5.549354535729332127 ) ) ;
#4346 = FACE_OUTER_BOUND ( 'NONE', #3709, .T. ) ;
#4347 = ORIENTED_EDGE ( 'NONE', *, *, #1006, .T. ) ;
#4348 = EDGE_CURVE ( 'NONE', #1572, #4077, #134, .T. ) ;
#4349 = APPROVAL_DATE_TIME ( #2742, #941 ) ;
#4350 = CARTESIAN_POINT ( 'NONE',  ( 0.8660254037844291597, -1.500000000000016209, 3.354166666666665186 ) ) ;
#4351 = CARTESIAN_POINT ( 'NONE',  ( 1.763300807568877859, -2.989101500854420495E-16, 6.421875000000000000 ) ) ;
#4352 = CARTESIAN_POINT ( 'NONE',  ( -1.439254484199187653E-16, -1.175240473580833944, 2.000000000000000000 ) ) ;
#4353 = CARTESIAN_POINT ( 'NONE',  ( 1.017788105676656452, -0.5876202367904175272, 3.645833333333332593 ) ) ;
#4354 = CARTESIAN_POINT ( 'NONE',  ( 1.322475605676659116, 0.7635316469341311141, 4.432291666666666075 ) ) ;
#4355 = CARTESIAN_POINT ( 'NONE',  ( -1.357050807568875417, 1.080983497915110492E-16, 3.937500000000000444 ) ) ;
#4356 = DIRECTION ( 'NONE',  ( 0.000000000000000000, -1.000000000000000000, 0.000000000000000000 ) ) ;
#4357 = EDGE_CURVE ( 'NONE', #234, #2735, #1258, .T. ) ;
#4358 = VERTEX_POINT ( 'NONE', #1248 ) ;
#4359 = ORIENTED_EDGE ( 'NONE', *, *, #3994, .T. ) ;
#4360 = CARTESIAN_POINT ( 'NONE',  ( -0.8816504037844393737, -1.527063293868264005, -1.244791666666666741 ) ) ;
#4361 = CARTESIAN_POINT ( 'NONE',  ( 1.322475605676658228, -0.7635316469341327794, -4.651041666666666963 ) ) ;
#4362 = DIRECTION ( 'NONE',  ( 1.000000000000000000, 0.000000000000000000, 0.000000000000000000 ) ) ;
#4363 = CARTESIAN_POINT ( 'NONE',  ( 0.000000000000000000, 1.175240473580833944, -5.250000000000000000 ) ) ;
#4364 = CARTESIAN_POINT ( 'NONE',  ( 0.000000000000000000, 1.175240473580833944, 4.749999999999999112 ) ) ;
#4365 = CARTESIAN_POINT ( 'NONE',  ( 1.017788105676656452, -0.5876202367904175272, -0.4166666666666676289 ) ) ;
#4366 = DIRECTION ( 'NONE',  ( -0.000000000000000000, -0.000000000000000000, 1.000000000000000000 ) ) ;
#4367 = ORIENTED_EDGE ( 'NONE', *, *, #1890, .F. ) ;
#4368 = FACE_OUTER_BOUND ( 'NONE', #4908, .T. ) ;
#4369 = CARTESIAN_POINT ( 'NONE',  ( 1.763300807568877859, -2.989101500854420495E-16, -3.078124999999999556 ) ) ;
#4370 = CARTESIAN_POINT ( 'NONE',  ( -1.439254484199187653E-16, -1.175240473580833944, -2.437500000000000444 ) ) ;
#4371 = DIRECTION ( 'NONE',  ( -0.000000000000000000, 3.457852702097173358E-17, 1.000000000000000000 ) ) ;
#4372 = DIRECTION ( 'NONE',  ( 0.000000000000000000, -1.000000000000000000, 0.000000000000000000 ) ) ;
#4373 = ORIENTED_EDGE ( 'NONE', *, *, #3797, .T. ) ;
#4374 = CARTESIAN_POINT ( 'NONE',  ( 1.836970198721029688E-16, 1.499999999999999778, -5.549354535729332127 ) ) ;
#4375 = CARTESIAN_POINT ( 'NONE',  ( 0.000000000000000000, 1.499999999999999778, 2.062499999999999112 ) ) ;
#4376 = CARTESIAN_POINT ( 'NONE',  ( 0.6785254037844384856, 1.175240473580833722, 1.708333333333332593 ) ) ;
#4377 = CARTESIAN_POINT ( 'NONE',  ( -1.357050807568875417, 1.080983497915110246E-16, 3.437499999999999556 ) ) ;
#4378 = AXIS2_PLACEMENT_3D ( 'NONE', #3761, #147, #566 ) ;
#4379 = CARTESIAN_POINT ( 'NONE',  ( 1.763300807568877859, -2.989101500854420495E-16, 4.890624999999999112 ) ) ;
#4380 = CARTESIAN_POINT ( 'NONE',  ( -0.6785254037844380415, -1.175240473580833944, 3.020833333333331705 ) ) ;
#4381 = CARTESIAN_POINT ( 'NONE',  ( -1.732050807568876971, 1.310604772755240004E-16, -3.312499999999999112 ) ) ;
#4382 = VERTEX_POINT ( 'NONE', #2058 ) ;
#4383 = CARTESIAN_POINT ( 'NONE',  ( -1.222762643358760837, -0.2325939232670705958, -5.546007352431570503 ) ) ;
#4384 = CARTESIAN_POINT ( 'NONE',  ( -1.870113174931183868E-16, -1.527063293868264227, 0.2968750000000002776 ) ) ;
#4385 = ADVANCED_FACE ( 'NONE', ( #418 ), #2029, .T. ) ;
#4386 = CARTESIAN_POINT ( 'NONE',  ( -0.8816504037844387076, 1.527063293868264449, -4.942708333333333037 ) ) ;
#4387 = CARTESIAN_POINT ( 'NONE',  ( -0.6785254037844380415, -1.175240473580833944, -5.979166666666667851 ) ) ;
#4388 = CARTESIAN_POINT ( 'NONE',  ( -1.439254484199187653E-16, -1.175240473580833944, -3.500000000000000444 ) ) ;
#4389 = CARTESIAN_POINT ( 'NONE',  ( -1.017788105676656674, 0.5876202367904170831, 6.333333333333333037 ) ) ;
#4390 = CARTESIAN_POINT ( 'NONE',  ( -1.017788105676656896, -0.5876202367904167501, 0.9166666666666662966 ) ) ;
#4391 = ADVANCED_FACE ( 'NONE', ( #2000 ), #3215, .T. ) ;
#4392 = LINE ( 'NONE', #1119, #4922 ) ;
#4393 = ORIENTED_EDGE ( 'NONE', *, *, #943, .T. ) ;
#4394 = CARTESIAN_POINT ( 'NONE',  ( -1.763300807568877859, 1.329739878991918111E-16, -2.828125000000000000 ) ) ;
#4395 = CARTESIAN_POINT ( 'NONE',  ( 0.6785254037844384856, 1.175240473580833722, -2.229166666666667407 ) ) ;
#4396 = CARTESIAN_POINT ( 'NONE',  ( -6.728126220799337396E-16, 0.8660254037844384856, 5.062500000000000000 ) ) ;
#4397 = CARTESIAN_POINT ( 'NONE',  ( 1.017788105676656452, -0.5876202367904175272, -5.416666666666666963 ) ) ;
#4398 = ORIENTED_EDGE ( 'NONE', *, *, #2449, .T. ) ;
#4399 = DATE_AND_TIME ( #621, #472 ) ;
#4400 = VECTOR ( 'NONE', #2339, 1000.000000000000000 ) ;
#4401 = CARTESIAN_POINT ( 'NONE',  ( 0.000000000000000000, 1.558265636316165435E-17, -5.549354535729332127 ) ) ;
#4402 = CARTESIAN_POINT ( 'NONE',  ( -1.732050807568876971, 1.310604772755240004E-16, -1.812499999999999556 ) ) ;
#4403 = CARTESIAN_POINT ( 'NONE',  ( -1.439254484199187653E-16, -1.175240473580833944, 2.999999999999999112 ) ) ;
#4404 = CARTESIAN_POINT ( 'NONE',  ( 0.000000000000000000, 1.175240473580833944, 3.812500000000000000 ) ) ;
#4405 = CARTESIAN_POINT ( 'NONE',  ( -1.322475605676658672, -0.7635316469341317802, 4.682291666666666075 ) ) ;
#4406 = CARTESIAN_POINT ( 'NONE',  ( -1.017788105676656896, -0.5876202367904167501, 2.479166666666666075 ) ) ;
#4407 = DIRECTION ( 'NONE',  ( -0.000000000000000000, 3.457852702097173358E-17, 1.000000000000000000 ) ) ;
#4408 = VECTOR ( 'NONE', #4603, 1000.000000000000000 ) ;
#4409 = VERTEX_POINT ( 'NONE', #4528 ) ;
#4410 = CARTESIAN_POINT ( 'NONE',  ( 1.299038105676657562, -0.7500000000000005551, 3.895833333333333925 ) ) ;
#4411 = CARTESIAN_POINT ( 'NONE',  ( 1.763300807568877859, -2.989101500854420495E-16, -0.07812500000000006939 ) ) ;
#4412 = CARTESIAN_POINT ( 'NONE',  ( -0.8816504037844393737, -1.527063293868264005, -3.776041666666666963 ) ) ;
#4413 = CARTESIAN_POINT ( 'NONE',  ( -0.6785254037844380415, -1.175240473580833944, -3.479166666666666963 ) ) ;
#4414 =( BOUNDED_CURVE ( )  B_SPLINE_CURVE ( 2, ( #3101, #1892, #632, #2622, #3856, #1061, #2675 ),
 .UNSPECIFIED., .F., .F. ) 
 B_SPLINE_CURVE_WITH_KNOTS ( ( 3, 2, 2, 3 ),
 ( 0.1481481481481481399, 0.1543209876543209513, 0.1604938271604937350, 0.1666666666666665464 ),
 .UNSPECIFIED. ) 
 CURVE ( )  GEOMETRIC_REPRESENTATION_ITEM ( )  RATIONAL_B_SPLINE_CURVE ( ( 1.000000000000000000, 0.8660254037844387076, 1.000000000000000000, 0.8660254037844387076, 1.000000000000000000, 0.8660254037844411501, 0.9999999999999975575 ) ) 
 REPRESENTATION_ITEM ( '' )  );
#4415 = EDGE_CURVE ( 'NONE', #3763, #4876, #4527, .T. ) ;
#4416 = CARTESIAN_POINT ( 'NONE',  ( -0.6785254037844380415, -1.175240473580833944, -2.541666666666667407 ) ) ;
#4417 = CARTESIAN_POINT ( 'NONE',  ( 0.7500000000000011102, -0.4330127018922189097, 6.000000000000000000 ) ) ;
#4418 = CLOSED_SHELL ( 'NONE', ( #288, #3233, #4008, #379, #5165, #3508, #595, #480, #915, #3370, #3965, #2025, #2891, #986, #1332, #423, #4445, #4090, #4521, #2662, #5234, #4709, #4385, #1057, #1166, #4234, #4609, #5193, #3135, #478, #4679, #1067, #661, #553, #4751, #1772, #4167, #3728, #315, #2876, #548, #611, #3697, #1329, #1441, #516, #3776, #2, #3285, #3722, #1227, #3548, #1594, #226, #4391, #4258, #4808, #3406, #1998, #1213, #1869, #4556, #4227, #744, #1725, #481, #842, #977, #706, #3123, #4117, #769, #5056, #1491, #2353, #4684, #5103 ) ) ;
#4419 = ORIENTED_EDGE ( 'NONE', *, *, #1143, .F. ) ;
#4420 = CARTESIAN_POINT ( 'NONE',  ( 0.000000000000000000, 1.527063293868264227, -1.953125000000000000 ) ) ;
#4421 = CARTESIAN_POINT ( 'NONE',  ( -0.6785254037844380415, -1.175240473580833944, -1.979166666666667185 ) ) ;
#4422 = CARTESIAN_POINT ( 'NONE',  ( 1.299038105676658450, 0.7499999999999987788, 1.979166666666666741 ) ) ;
#4423 = CARTESIAN_POINT ( 'NONE',  ( 1.357050807568875417, -2.242832357623997763E-16, -5.375000000000000000 ) ) ;
#4424 = EDGE_CURVE ( 'NONE', #2359, #1826, #3319, .T. ) ;
#4425 = ORIENTED_EDGE ( 'NONE', *, *, #2750, .T. ) ;
#4426 = CARTESIAN_POINT ( 'NONE',  ( 0.7500000000000000000, 1.109502038874474886E-14, 5.062500000000000000 ) ) ;
#4427 = CARTESIAN_POINT ( 'NONE',  ( 1.299038105676657562, -0.7500000000000005551, -3.604166666666666075 ) ) ;
#4428 = CARTESIAN_POINT ( 'NONE',  ( -1.439254484199187653E-16, -1.175240473580833944, 0.9999999999999991118 ) ) ;
#4429 = CARTESIAN_POINT ( 'NONE',  ( -1.439254484199187653E-16, -1.175240473580833944, 5.062499999999999112 ) ) ;
#4430 = CARTESIAN_POINT ( 'NONE',  ( 1.322475605676658228, -0.7635316469341327794, 4.348958333333333037 ) ) ;
#4431 = CARTESIAN_POINT ( 'NONE',  ( 1.017788105676656452, -0.5876202367904175272, 2.645833333333333481 ) ) ;
#4432 = CARTESIAN_POINT ( 'NONE',  ( 0.000000000000000000, 1.499999999999999778, -2.000000000000000444 ) ) ;
#4433 = ORIENTED_EDGE ( 'NONE', *, *, #1951, .F. ) ;
#4434 = CARTESIAN_POINT ( 'NONE',  ( 0.000000000000000000, 1.499999999999999778, 1.562500000000000666 ) ) ;
#4435 = VERTEX_POINT ( 'NONE', #4095 ) ;
#4436 = CARTESIAN_POINT ( 'NONE',  ( 1.322475605676659116, 0.7635316469341311141, 3.463541666666666075 ) ) ;
#4437 = CARTESIAN_POINT ( 'NONE',  ( 0.6785254037844372643, -1.175240473580834166, 5.604166666666665186 ) ) ;
#4438 = CARTESIAN_POINT ( 'NONE',  ( 0.000000000000000000, 1.527063293868264227, -3.984375000000000000 ) ) ;
#4439 = CARTESIAN_POINT ( 'NONE',  ( -1.357050807568875417, 1.080983497915110492E-16, -4.062500000000000000 ) ) ;
#4440 = CARTESIAN_POINT ( 'NONE',  ( -1.357050807568875417, 1.080983497915110492E-16, -3.125000000000000888 ) ) ;
#4441 = LINE ( 'NONE', #5242, #729 ) ;
#4442 =( BOUNDED_CURVE ( )  B_SPLINE_CURVE ( 2, ( #2712, #671, #3948, #1500, #1098, #823, #3165 ),
 .UNSPECIFIED., .F., .F. ) 
 B_SPLINE_CURVE_WITH_KNOTS ( ( 3, 2, 2, 3 ),
 ( 0.09259259259259260133, 0.09876543209876544049, 0.1049382716049382935, 0.1111111111111111327 ),
 .UNSPECIFIED. ) 
 CURVE ( )  GEOMETRIC_REPRESENTATION_ITEM ( )  RATIONAL_B_SPLINE_CURVE ( ( 0.9999999999999997780, 0.8660254037844390407, 1.000000000000000000, 0.8660254037844387076, 1.000000000000000000, 0.8660254037844381525, 1.000000000000000666 ) ) 
 REPRESENTATION_ITEM ( '' )  );
#4443 = CARTESIAN_POINT ( 'NONE',  ( -1.836970198721029688E-16, -1.499999999999999778, -0.2500000000000006106 ) ) ;
#4444 = ORIENTED_EDGE ( 'NONE', *, *, #2783, .F. ) ;
#4445 = ADVANCED_FACE ( 'NONE', ( #2543 ), #2569, .T. ) ;
#4446 = CARTESIAN_POINT ( 'NONE',  ( 0.6785254037844384856, 1.175240473580833722, 1.270833333333333037 ) ) ;
#4447 = CARTESIAN_POINT ( 'NONE',  ( -0.8660254037844391517, -1.499999999999999334, -2.291666666666667851 ) ) ;
#4448 = CARTESIAN_POINT ( 'NONE',  ( -0.7500000000000002220, 1.299038105676657118, 5.062500000000000000 ) ) ;
#4449 = ORIENTED_EDGE ( 'NONE', *, *, #3452, .T. ) ;
#4450 = CARTESIAN_POINT ( 'NONE',  ( 1.357050807568875417, -2.242832357623997763E-16, 1.624999999999999778 ) ) ;
#4451 = FACE_OUTER_BOUND ( 'NONE', #4799, .T. ) ;
#4452 = CARTESIAN_POINT ( 'NONE',  ( -0.8660254037844391517, -1.499999999999999334, 0.7083333333333330373 ) ) ;
#4453 = CARTESIAN_POINT ( 'NONE',  ( 0.6785254037844384856, 1.175240473580833722, 5.708333333333333037 ) ) ;
#4454 = CARTESIAN_POINT ( 'NONE',  ( 1.017788105676656452, -0.5876202367904175272, 5.145833333333332149 ) ) ;
#4455 = CARTESIAN_POINT ( 'NONE',  ( -1.870113174931183868E-16, -1.527063293868264227, 4.265625000000000000 ) ) ;
#4456 = CARTESIAN_POINT ( 'NONE',  ( -1.017788105676656674, 0.5876202367904170831, 3.395833333333332149 ) ) ;
#4457 = CARTESIAN_POINT ( 'NONE',  ( 1.836970198721029688E-16, 1.499999999999999778, -5.549354535729332127 ) ) ;
#4458 = ORIENTED_EDGE ( 'NONE', *, *, #2621, .T. ) ;
#4459 = CARTESIAN_POINT ( 'NONE',  ( 0.6785254037844384856, 1.175240473580833722, 5.770833333333332149 ) ) ;
#4460 = DIRECTION ( 'NONE',  ( -0.000000000000000000, 3.457852702097173358E-17, 1.000000000000000000 ) ) ;
#4461 = AXIS2_PLACEMENT_3D ( 'NONE', #4345, #2338, #3519 ) ;
#4462 = EDGE_CURVE ( 'NONE', #4475, #1925, #1291, .T. ) ;
#4463 = CARTESIAN_POINT ( 'NONE',  ( 1.322475605676659116, 0.7635316469341311141, 2.963541666666667407 ) ) ;
#4464 = CARTESIAN_POINT ( 'NONE',  ( 1.017788105676656452, -0.5876202367904175272, 5.645833333333332149 ) ) ;
#4465 = CARTESIAN_POINT ( 'NONE',  ( -1.322475605676658450, 0.7635316469341323353, -4.401041666666666963 ) ) ;
#4466 = CARTESIAN_POINT ( 'NONE',  ( -1.357050807568875417, 1.080983497915110492E-16, -5.062500000000000000 ) ) ;
#4467 = CARTESIAN_POINT ( 'NONE',  ( -1.017788105676656896, -0.5876202367904167501, -2.583333333333333925 ) ) ;
#4468 = CARTESIAN_POINT ( 'NONE',  ( 1.017788105676656452, -0.5876202367904175272, 6.583333333333333037 ) ) ;
#4469 =( BOUNDED_CURVE ( )  B_SPLINE_CURVE ( 2, ( #4053, #2419, #784, #3629, #4007, #378, #5256 ),
 .UNSPECIFIED., .F., .F. ) 
 B_SPLINE_CURVE_WITH_KNOTS ( ( 3, 2, 2, 3 ),
 ( 0.5333470263178367032, 0.5395198658240094591, 0.5456927053301823261, 0.5518655448363551930 ),
 .UNSPECIFIED. ) 
 CURVE ( )  GEOMETRIC_REPRESENTATION_ITEM ( )  RATIONAL_B_SPLINE_CURVE ( ( 1.000000000000000000, 0.8660254037844387076, 1.000000000000000000, 0.8660254037844387076, 1.000000000000000000, 0.8660254037844387076, 1.000000000000000000 ) ) 
 REPRESENTATION_ITEM ( '' )  );
#4470 = CARTESIAN_POINT ( 'NONE',  ( 1.732050807568876971, -2.931696182144386422E-16, -0.5624999999999993339 ) ) ;
#4471 = ORIENTED_EDGE ( 'NONE', *, *, #415, .T. ) ;
#4472 = CARTESIAN_POINT ( 'NONE',  ( 1.017788105676656452, -0.5876202367904175272, 0.6458333333333324822 ) ) ;
#4473 = CARTESIAN_POINT ( 'NONE',  ( -1.836970198721029688E-16, -1.499999999999999778, 1.812500000000001110 ) ) ;
#4474 = CARTESIAN_POINT ( 'NONE',  ( -1.299038105676658006, -0.7499999999999995559, 2.729166666666667407 ) ) ;
#4475 = VERTEX_POINT ( 'NONE', #529 ) ;
#4476 = EDGE_CURVE ( 'NONE', #3380, #3680, #82, .T. ) ;
#4477 = CARTESIAN_POINT ( 'NONE',  ( 0.6785254037844372643, -1.175240473580834166, 1.041666666666666519 ) ) ;
#4478 = FACE_OUTER_BOUND ( 'NONE', #4861, .T. ) ;
#4479 = ORIENTED_EDGE ( 'NONE', *, *, #2781, .F. ) ;
#4480 = CARTESIAN_POINT ( 'NONE',  ( 0.000000000000000000, 1.499999999999999778, -4.437499999999999112 ) ) ;
#4481 = CARTESIAN_POINT ( 'NONE',  ( -1.017788105676656896, -0.5876202367904167501, 5.916666666666665186 ) ) ;
#4482 = CARTESIAN_POINT ( 'NONE',  ( 1.322475605676658228, -0.7635316469341327794, 5.848958333333333037 ) ) ;
#4483 = CARTESIAN_POINT ( 'NONE',  ( -1.017788105676656896, -0.5876202367904167501, 6.979166666666666075 ) ) ;
#4484 = CARTESIAN_POINT ( 'NONE',  ( 1.836970198721029688E-16, 1.499999999999999778, -5.549354535729332127 ) ) ;
#4485 = ORIENTED_EDGE ( 'NONE', *, *, #943, .F. ) ;
#4486 = CARTESIAN_POINT ( 'NONE',  ( 1.357050807568875417, -2.242832357623997763E-16, 5.687500000000000000 ) ) ;
#4487 = CARTESIAN_POINT ( 'NONE',  ( -0.1863132454067385202, -1.215663947615071017, -5.534336052387911487 ) ) ;
#4488 = CARTESIAN_POINT ( 'NONE',  ( -1.439254484199187653E-16, -1.175240473580833944, -2.500000000000000444 ) ) ;
#4489 = CARTESIAN_POINT ( 'NONE',  ( 0.8816504037844398178, 1.527063293868264005, 2.505208333333333481 ) ) ;
#4490 = AXIS2_PLACEMENT_3D ( 'NONE', #1628, #1576, #1552 ) ;
#4491 = CARTESIAN_POINT ( 'NONE',  ( -0.2840980081461997320, 1.390541178678657230, -5.359458821321356758 ) ) ;
#4492 = CARTESIAN_POINT ( 'NONE',  ( -1.870113174931183868E-16, -1.527063293868264227, -1.734375000000000666 ) ) ;
#4493 = CARTESIAN_POINT ( 'NONE',  ( -1.357050807568875417, 1.080983497915110492E-16, -1.062500000000000000 ) ) ;
#4494 = CARTESIAN_POINT ( 'NONE',  ( 1.357050807568875417, -2.242832357623997763E-16, 3.124999999999999112 ) ) ;
#4495 = VECTOR ( 'NONE', #560, 1000.000000000000227 ) ;
#4496 = CARTESIAN_POINT ( 'NONE',  ( 0.6785254037844372643, -1.175240473580834166, -1.958333333333333481 ) ) ;
#4497 = CARTESIAN_POINT ( 'NONE',  ( -0.8928786493823945847, -0.8039697614378829016, 6.932007464962203436 ) ) ;
#4498 = VERTEX_POINT ( 'NONE', #3348 ) ;
#4499 = CARTESIAN_POINT ( 'NONE',  ( -0.6785254037844380415, -1.175240473580833944, 0.5208333333333332593 ) ) ;
#4500 = CARTESIAN_POINT ( 'NONE',  ( 0.000000000000000000, 1.499999999999999778, -2.500000000000000444 ) ) ;
#4501 = CARTESIAN_POINT ( 'NONE',  ( 0.000000000000000000, -1.336911000032896764E-15, 6.000000000000000000 ) ) ;
#4502 = VECTOR ( 'NONE', #3440, 1000.000000000000114 ) ;
#4503 = ORIENTED_EDGE ( 'NONE', *, *, #3829, .T. ) ;
#4504 = CARTESIAN_POINT ( 'NONE',  ( -1.017788105676656674, 0.5876202367904170831, 1.333333333333333037 ) ) ;
#4505 = DIRECTION ( 'NONE',  ( -0.000000000000000000, 3.457852702097173358E-17, 1.000000000000000000 ) ) ;
#4506 = ORIENTED_EDGE ( 'NONE', *, *, #931, .F. ) ;
#4507 = CARTESIAN_POINT ( 'NONE',  ( 1.299038105676658450, 0.7499999999999987788, -0.02083333333333249257 ) ) ;
#4508 = CARTESIAN_POINT ( 'NONE',  ( -1.439254484199187653E-16, -1.175240473580833944, 4.999999999999999112 ) ) ;
#4509 = CARTESIAN_POINT ( 'NONE',  ( -1.017788105676656896, -0.5876202367904167501, -6.020833333333333925 ) ) ;
#4510 = CARTESIAN_POINT ( 'NONE',  ( -1.017788105676656674, 0.5876202367904170831, 6.895833333333332149 ) ) ;
#4511 = CARTESIAN_POINT ( 'NONE',  ( 1.299038105676658672, 0.7499999999999987788, 3.416666666666666519 ) ) ;
#4512 = EDGE_CURVE ( 'NONE', #5079, #2255, #4659, .T. ) ;
#4513 = VERTEX_POINT ( 'NONE', #927 ) ;
#4514 = CARTESIAN_POINT ( 'NONE',  ( 0.6785254037844384856, 1.175240473580833722, 6.770833333333332149 ) ) ;
#4515 = CARTESIAN_POINT ( 'NONE',  ( -1.439254484199187653E-16, -1.175240473580833944, -4.437500000000000888 ) ) ;
#4516 = CARTESIAN_POINT ( 'NONE',  ( -0.6785254037844375974, 1.175240473580834166, -0.7083333333333341475 ) ) ;
#4517 = CARTESIAN_POINT ( 'NONE',  ( 1.763300807568877859, -2.989101500854420495E-16, 0.9218750000000000000 ) ) ;
#4518 = DIRECTION ( 'NONE',  ( 0.000000000000000000, -1.000000000000000000, 0.000000000000000000 ) ) ;
#4519 = CARTESIAN_POINT ( 'NONE',  ( -0.8816504037844387076, 1.527063293868264449, -1.442708333333333037 ) ) ;
#4520 = CARTESIAN_POINT ( 'NONE',  ( -0.6785254037844380415, -1.175240473580833944, -2.479166666666667407 ) ) ;
#4521 = ADVANCED_FACE ( 'NONE', ( #2946 ), #1360, .T. ) ;
#4522 = AXIS2_PLACEMENT_3D ( 'NONE', #2736, #3083, #668 ) ;
#4523 = CARTESIAN_POINT ( 'NONE',  ( -1.357050807568875417, 1.080983497915110246E-16, 2.874999999999999112 ) ) ;
#4524 = CARTESIAN_POINT ( 'NONE',  ( -1.017788105676656896, -0.5876202367904167501, -3.020833333333333925 ) ) ;
#4525 = CARTESIAN_POINT ( 'NONE',  ( -0.6785254037844375974, 1.175240473580834166, -1.708333333333333481 ) ) ;
#4526 = CARTESIAN_POINT ( 'NONE',  ( 0.7500000000000000000, 0.2990185551805202291, 5.933002926644151742 ) ) ;
#4527 = B_SPLINE_CURVE_WITH_KNOTS ( 'NONE', 3,
 ( #1170, #2812, #4871, #1194 ),
 .UNSPECIFIED., .F., .F.,
 ( 4, 4 ),
 ( 0.0005121244296390993402, 0.0009608573789457289282 ),
 .UNSPECIFIED. ) ;
#4528 = CARTESIAN_POINT ( 'NONE',  ( 0.000000000000000000, 1.499999999999999778, 4.499999999999999112 ) ) ;
#4529 = CARTESIAN_POINT ( 'NONE',  ( 1.017788105676656452, -0.5876202367904175272, 2.145833333333333037 ) ) ;
#4530 = CARTESIAN_POINT ( 'NONE',  ( 0.000000000000000000, 1.499999999999999778, -4.500000000000001776 ) ) ;
#4531 = CARTESIAN_POINT ( 'NONE',  ( 0.000000000000000000, 1.175240473580833944, -3.750000000000000444 ) ) ;
#4532 = CARTESIAN_POINT ( 'NONE',  ( 1.017788105676656452, -0.5876202367904175272, 1.083333333333332815 ) ) ;
#4533 = CARTESIAN_POINT ( 'NONE',  ( -0.8660254037844337116, 1.500000000000007550, -0.3958333333333332593 ) ) ;
#4534 = ORIENTED_EDGE ( 'NONE', *, *, #2449, .F. ) ;
#4535 = CARTESIAN_POINT ( 'NONE',  ( -1.050943903833174931, -1.070288237343514082, -5.250000000000007994 ) ) ;
#4536 = CARTESIAN_POINT ( 'NONE',  ( 0.6785254037844384856, 1.175240473580833722, 5.208333333333332149 ) ) ;
#4537 = CARTESIAN_POINT ( 'NONE',  ( 1.017788105676656452, -0.5876202367904175272, -5.854166666666666963 ) ) ;
#4538 = CARTESIAN_POINT ( 'NONE',  ( -0.6785254037844375974, 1.175240473580834166, 4.854166666666665186 ) ) ;
#4539 = CARTESIAN_POINT ( 'NONE',  ( -1.836970198721029688E-16, -1.499999999999999778, -2.687499999999999556 ) ) ;
#4540 = EDGE_LOOP ( 'NONE', ( #5195, #1059, #4444, #1230 ) ) ;
#4541 = CARTESIAN_POINT ( 'NONE',  ( -0.6785254037844375974, 1.175240473580834166, 5.354166666666666075 ) ) ;
#4542 = CARTESIAN_POINT ( 'NONE',  ( -1.357050807568875417, 1.080983497915110246E-16, -5.062500000000000000 ) ) ;
#4543 = CARTESIAN_POINT ( 'NONE',  ( 1.017788105676656452, -0.5876202367904175272, -2.916666666666667407 ) ) ;
#4544 = CARTESIAN_POINT ( 'NONE',  ( 1.763300807568877859, -2.989101500854420495E-16, 1.921875000000000888 ) ) ;
#4545 = CARTESIAN_POINT ( 'NONE',  ( -1.836970198721029688E-16, -1.499999999999999778, -1.250000000000000666 ) ) ;
#4546 = CARTESIAN_POINT ( 'NONE',  ( 1.322475605676658228, -0.7635316469341327794, -1.151041666666666519 ) ) ;
#4547 = CARTESIAN_POINT ( 'NONE',  ( -0.6785254037844380415, -1.175240473580833944, -2.979166666666666519 ) ) ;
#4548 = CARTESIAN_POINT ( 'NONE',  ( -1.017788105676656896, -0.5876202367904167501, 1.916666666666665408 ) ) ;
#4549 = CARTESIAN_POINT ( 'NONE',  ( -1.357050807568875417, 1.080983497915110246E-16, -3.562500000000000444 ) ) ;
#4550 = CARTESIAN_POINT ( 'NONE',  ( 1.357050807568875417, -2.242832357623997763E-16, -0.8750000000000007772 ) ) ;
#4551 = DIRECTION ( 'NONE',  ( 0.000000000000000000, 0.000000000000000000, 1.000000000000000000 ) ) ;
#4552 = DIRECTION ( 'NONE',  ( 8.659560562354979697E-17, 0.7071067811865512365, 0.7071067811865439090 ) ) ;
#4553 = CARTESIAN_POINT ( 'NONE',  ( -1.439254484199187653E-16, -1.175240473580833944, 1.562499999999999556 ) ) ;
#4554 = CARTESIAN_POINT ( 'NONE',  ( -1.299038105676658006, -0.7499999999999995559, 1.229166666666666741 ) ) ;
#4555 = CARTESIAN_POINT ( 'NONE',  ( -1.017788105676656674, 0.5876202367904170831, -4.166666666666667851 ) ) ;
#4556 = ADVANCED_FACE ( 'NONE', ( #4261 ), #555, .F. ) ;
#4557 = CYLINDRICAL_SURFACE ( 'NONE', #894, 1.499999999999999778 ) ;
#4558 = ORIENTED_EDGE ( 'NONE', *, *, #1922, .T. ) ;
#4559 = CARTESIAN_POINT ( 'NONE',  ( 1.322475605676658228, -0.7635316469341327794, -5.119791666666666963 ) ) ;
#4560 = CARTESIAN_POINT ( 'NONE',  ( 1.322475605676658228, -0.7635316469341327794, 6.848958333333333925 ) ) ;
#4561 = CARTESIAN_POINT ( 'NONE',  ( -0.6785254037844375974, 1.175240473580834166, 6.354166666666666075 ) ) ;
#4562 = CARTESIAN_POINT ( 'NONE',  ( 0.8660254037844379305, -1.500000000000000222, 5.291666666666666963 ) ) ;
#4563 = ORIENTED_EDGE ( 'NONE', *, *, #2989, .T. ) ;
#4564 = MECHANICAL_CONTEXT ( 'NONE', #2361, 'mechanical' ) ;
#4565 = CARTESIAN_POINT ( 'NONE',  ( 1.017788105676657118, 0.5876202367904160839, -5.270833333333333925 ) ) ;
#4566 = CARTESIAN_POINT ( 'NONE',  ( -1.017788105676656674, 0.5876202367904170831, -1.666666666666666963 ) ) ;
#4567 = CARTESIAN_POINT ( 'NONE',  ( -0.8816504037844387076, 1.527063293868264449, 5.088541666666667851 ) ) ;
#4568 = CARTESIAN_POINT ( 'NONE',  ( -0.6785254037844375974, 1.175240473580834166, -0.6458333333333341475 ) ) ;
#4569 = CARTESIAN_POINT ( 'NONE',  ( 0.8816504037844384856, -1.527063293868264893, -2.192708333333333481 ) ) ;
#4570 = CARTESIAN_POINT ( 'NONE',  ( 1.357050807568875417, -2.242832357623997763E-16, -0.8125000000000007772 ) ) ;
#4571 = LINE ( 'NONE', #3022, #3635 ) ;
#4572 = CARTESIAN_POINT ( 'NONE',  ( -1.357050807568875417, 1.080983497915110246E-16, 1.374999999999999556 ) ) ;
#4573 = CARTESIAN_POINT ( 'NONE',  ( 0.6785254037844372643, -1.175240473580834166, -1.395833333333334147 ) ) ;
#4574 = AXIS2_PLACEMENT_3D ( 'NONE', #3843, #2636, #178 ) ;
#4575 = CARTESIAN_POINT ( 'NONE',  ( 0.000000000000000000, 1.175240473580833944, -0.7500000000000006661 ) ) ;
#4576 = CARTESIAN_POINT ( 'NONE',  ( 1.961205664685855264E-11, -1.222636114156427922, -5.527363885843576519 ) ) ;
#4577 = EDGE_CURVE ( 'NONE', #1931, #3889, #2950, .T. ) ;
#4578 = AXIS2_PLACEMENT_3D ( 'NONE', #5032, #3402, #5005 ) ;
#4579 = CARTESIAN_POINT ( 'NONE',  ( -1.732050807568876971, 1.310604772755240251E-16, 0.1249999999999988898 ) ) ;
#4580 = CIRCLE ( 'NONE', #5006, 0.7500000000000001110 ) ;
#4581 = CARTESIAN_POINT ( 'NONE',  ( 0.000000000000000000, 1.175240473580833944, 3.312499999999999556 ) ) ;
#4582 = CARTESIAN_POINT ( 'NONE',  ( -1.732050807568876971, 1.310604772755240004E-16, -1.312499999999999112 ) ) ;
#4583 = CARTESIAN_POINT ( 'NONE',  ( 1.357050807568875417, -2.242832357623997763E-16, -2.875000000000000888 ) ) ;
#4584 = CYLINDRICAL_SURFACE ( 'NONE', #4833, 1.499999999999999778 ) ;
#4585 = ORIENTED_EDGE ( 'NONE', *, *, #3574, .F. ) ;
#4586 = CARTESIAN_POINT ( 'NONE',  ( -1.836970198721029688E-16, -1.499999999999999778, 0.2499999999999990286 ) ) ;
#4587 = CARTESIAN_POINT ( 'NONE',  ( -0.8816504037844393737, -1.527063293868264005, -5.244791666666666963 ) ) ;
#4588 = CARTESIAN_POINT ( 'NONE',  ( 0.8816504037844398178, 1.527063293868264005, 6.473958333333333925 ) ) ;
#4589 = CARTESIAN_POINT ( 'NONE',  ( 1.017788105676657118, 0.5876202367904160839, 5.729166666666665186 ) ) ;
#4590 = CARTESIAN_POINT ( 'NONE',  ( -1.218454071223606272, -0.3048973646594367315, -5.497594459540713352 ) ) ;
#4591 = ORIENTED_EDGE ( 'NONE', *, *, #1690, .T. ) ;
#4592 =( NAMED_UNIT ( * ) SI_UNIT ( $, .STERADIAN. ) SOLID_ANGLE_UNIT ( ) );
#4593 = AXIS2_PLACEMENT_3D ( 'NONE', #2482, #2399, #22 ) ;
#4594 = CARTESIAN_POINT ( 'NONE',  ( 0.6785254037844384856, 1.175240473580833722, -1.291666666666667407 ) ) ;
#4595 = CARTESIAN_POINT ( 'NONE',  ( -1.322475605676658672, -0.7635316469341317802, 3.713541666666666075 ) ) ;
#4596 = CARTESIAN_POINT ( 'NONE',  ( -0.6785254037844375974, 1.175240473580834166, -0.1458333333333337589 ) ) ;
#4597 = CARTESIAN_POINT ( 'NONE',  ( 0.8816504037844384856, -1.527063293868264893, -1.692708333333333259 ) ) ;
#4598 = CARTESIAN_POINT ( 'NONE',  ( -1.357050807568875417, 1.080983497915110492E-16, -2.562500000000000888 ) ) ;
#4599 = LINE ( 'NONE', #575, #3887 ) ;
#4600 = CARTESIAN_POINT ( 'NONE',  ( 0.6785254037844372643, -1.175240473580834166, 5.541666666666665186 ) ) ;
#4601 = CARTESIAN_POINT ( 'NONE',  ( 1.017788105676656452, -0.5876202367904175272, -3.354166666666667407 ) ) ;
#4602 = CARTESIAN_POINT ( 'NONE',  ( -0.6785254037844375974, 1.175240473580834166, -1.208333333333333925 ) ) ;
#4603 = DIRECTION ( 'NONE',  ( -0.000000000000000000, 3.457852702097173358E-17, 1.000000000000000000 ) ) ;
#4604 = VECTOR ( 'NONE', #1340, 1000.000000000000000 ) ;
#4605 = CARTESIAN_POINT ( 'NONE',  ( 1.299038105676657562, -0.7500000000000005551, 2.833333333333333481 ) ) ;
#4606 = CARTESIAN_POINT ( 'NONE',  ( -1.017788105676656674, 0.5876202367904170831, 2.395833333333333037 ) ) ;
#4607 = CARTESIAN_POINT ( 'NONE',  ( -1.836970198721029688E-16, -1.499999999999999778, -1.187500000000000000 ) ) ;
#4608 = CARTESIAN_POINT ( 'NONE',  ( -0.6785254037844375974, 1.175240473580834166, -4.208333333333333925 ) ) ;
#4609 = ADVANCED_FACE ( 'NONE', ( #584 ), #1705, .T. ) ;
#4610 = CARTESIAN_POINT ( 'NONE',  ( -0.8660254037844523634, -1.499999999999975797, -2.229166666666667407 ) ) ;
#4611 = ORIENTED_EDGE ( 'NONE', *, *, #29, .F. ) ;
#4612 = CARTESIAN_POINT ( 'NONE',  ( 1.299038105676658672, 0.7499999999999987788, 0.4166666666666664076 ) ) ;
#4613 = CARTESIAN_POINT ( 'NONE',  ( -0.6907675950618127336, -0.9508050801058135493, 6.949624495430036575 ) ) ;
#4614 = CARTESIAN_POINT ( 'NONE',  ( 0.000000000000000000, 1.175240473580833944, -5.187500000000000000 ) ) ;
#4615 = CARTESIAN_POINT ( 'NONE',  ( 1.357050807568875417, -2.242832357623997763E-16, -3.875000000000000000 ) ) ;
#4616 = CARTESIAN_POINT ( 'NONE',  ( -1.299038105676658006, -0.7499999999999995559, -0.3333333333333342585 ) ) ;
#4617 =( BOUNDED_CURVE ( )  B_SPLINE_CURVE ( 2, ( #4998, #893, #522, #3796, #127, #2966, #3852 ),
 .UNSPECIFIED., .F., .F. ) 
 B_SPLINE_CURVE_WITH_KNOTS ( ( 3, 2, 2, 3 ),
 ( 0.3148148148148146586, 0.3209876543209875255, 0.3271604938271603924, 0.3333333333333332593 ),
 .UNSPECIFIED. ) 
 CURVE ( )  GEOMETRIC_REPRESENTATION_ITEM ( )  RATIONAL_B_SPLINE_CURVE ( ( 1.000000000000003775, 0.8660254037844351549, 1.000000000000000000, 0.8660254037844387076, 1.000000000000000000, 0.8660254037844399289, 0.9999999999999987788 ) ) 
 REPRESENTATION_ITEM ( '' )  );
#4618 = CARTESIAN_POINT ( 'NONE',  ( 1.299038105676658450, 0.7499999999999987788, 1.479166666666666075 ) ) ;
#4619 = VERTEX_POINT ( 'NONE', #985 ) ;
#4620 = CARTESIAN_POINT ( 'NONE',  ( 1.299038105676657562, -0.7500000000000005551, 0.3958333333333333703 ) ) ;
#4621 = CARTESIAN_POINT ( 'NONE',  ( -1.836970198721029688E-16, -1.499999999999999778, -1.750000000000001110 ) ) ;
#4622 = CARTESIAN_POINT ( 'NONE',  ( 0.8816504037844384856, -1.527063293868264893, 4.838541666666666963 ) ) ;
#4623 =( BOUNDED_CURVE ( )  B_SPLINE_CURVE ( 2, ( #2909, #1216, #1644, #1163, #5262, #411, #4545 ),
 .UNSPECIFIED., .F., .F. ) 
 B_SPLINE_CURVE_WITH_KNOTS ( ( 3, 2, 2, 3 ),
 ( 0.6074211003919107732, 0.6135939398980836401, 0.6197667794042565070, 0.6259396189104292629 ),
 .UNSPECIFIED. ) 
 CURVE ( )  GEOMETRIC_REPRESENTATION_ITEM ( )  RATIONAL_B_SPLINE_CURVE ( ( 1.000000000000000000, 0.8660254037844387076, 1.000000000000000000, 0.8660254037844387076, 1.000000000000000000, 0.8660254037844387076, 1.000000000000000000 ) ) 
 REPRESENTATION_ITEM ( '' )  );
#4624 = CARTESIAN_POINT ( 'NONE',  ( 0.6785254037844383745, 1.175240473580833500, -0.7291666666666671848 ) ) ;
#4625 = CARTESIAN_POINT ( 'NONE',  ( -1.322475605676658672, -0.7635316469341317802, 0.1822916666666665464 ) ) ;
#4626 = CARTESIAN_POINT ( 'NONE',  ( -1.357050807568875417, 1.080983497915110492E-16, 0.9374999999999991118 ) ) ;
#4627 = DIRECTION ( 'NONE',  ( -0.8660254037844384856, -0.5000000000000002220, 0.000000000000000000 ) ) ;
#4628 = CARTESIAN_POINT ( 'NONE',  ( -0.6785254037844375974, 1.175240473580834166, 5.791666666666665186 ) ) ;
#4629 = CARTESIAN_POINT ( 'NONE',  ( -0.6785254037844375974, 1.175240473580834166, -2.645833333333333925 ) ) ;
#4630 = EDGE_CURVE ( 'NONE', #2290, #4164, #207, .T. ) ;
#4631 = CARTESIAN_POINT ( 'NONE',  ( -1.017788105676656896, -0.5876202367904167501, -1.583333333333334147 ) ) ;
#4632 = CARTESIAN_POINT ( 'NONE',  ( 1.302295787999840249, 0.1471946163028576282, -5.442162000128668353 ) ) ;
#4633 = CIRCLE ( 'NONE', #2404, 1.249999999999999556 ) ;
#4634 = CARTESIAN_POINT ( 'NONE',  ( -0.6785254037844380415, -1.175240473580833944, 1.458333333333332371 ) ) ;
#4635 = DIRECTION ( 'NONE',  ( -0.000000000000000000, 3.457852702097173358E-17, 1.000000000000000000 ) ) ;
#4636 = CARTESIAN_POINT ( 'NONE',  ( 1.017788105676656452, -0.5876202367904175272, 4.645833333333333037 ) ) ;
#4637 = CARTESIAN_POINT ( 'NONE',  ( 0.000000000000000000, 1.499999999999999778, 1.499999999999999112 ) ) ;
#4638 = CARTESIAN_POINT ( 'NONE',  ( 0.000000000000000000, 1.175240473580833944, -3.250000000000000444 ) ) ;
#4639 = CARTESIAN_POINT ( 'NONE',  ( 1.096711238208495060E-16, -0.8660254037844383745, 5.062500000000000000 ) ) ;
#4640 = ORIENTED_EDGE ( 'NONE', *, *, #622, .T. ) ;
#4641 = CARTESIAN_POINT ( 'NONE',  ( 0.000000000000000000, -1.499999999999999778, -5.549354535729332127 ) ) ;
#4642 = CARTESIAN_POINT ( 'NONE',  ( 1.763300807568877859, -2.989101500854420495E-16, -5.578125000000000000 ) ) ;
#4643 = CARTESIAN_POINT ( 'NONE',  ( -0.6785254037844375974, 1.175240473580834166, -3.645833333333333925 ) ) ;
#4644 = CARTESIAN_POINT ( 'NONE',  ( -0.6785254037844380415, -1.175240473580833944, -5.041666666666666963 ) ) ;
#4645 = CARTESIAN_POINT ( 'NONE',  ( -1.299038105676657784, 0.7500000000000001110, 3.645833333333333925 ) ) ;
#4646 = CARTESIAN_POINT ( 'NONE',  ( 0.000000000000000000, 1.558265636316165435E-17, -5.549354535729332127 ) ) ;
#4647 = VERTEX_POINT ( 'NONE', #957 ) ;
#4648 = EDGE_CURVE ( 'NONE', #3549, #3704, #4978, .T. ) ;
#4649 = CARTESIAN_POINT ( 'NONE',  ( 1.299038105676657562, -0.7500000000000005551, -1.666666666666667407 ) ) ;
#4650 = CARTESIAN_POINT ( 'NONE',  ( -0.8816504037844393737, -1.527063293868264005, 4.755208333333333037 ) ) ;
#4651 =( BOUNDED_CURVE ( )  B_SPLINE_CURVE ( 2, ( #2472, #4452, #779, #5278, #1607, #373, #3223 ),
 .UNSPECIFIED., .F., .F. ) 
 B_SPLINE_CURVE_WITH_KNOTS ( ( 3, 2, 2, 3 ),
 ( 0.4777914707622811230, 0.4839643102684539899, 0.4901371497746268013, 0.4963099892807996683 ),
 .UNSPECIFIED. ) 
 CURVE ( )  GEOMETRIC_REPRESENTATION_ITEM ( )  RATIONAL_B_SPLINE_CURVE ( ( 1.000000000000000000, 0.8660254037844387076, 1.000000000000000000, 0.8660254037844387076, 1.000000000000000000, 0.8660254037844387076, 1.000000000000000000 ) ) 
 REPRESENTATION_ITEM ( '' )  );
#4652 = CARTESIAN_POINT ( 'NONE',  ( -1.017788105676656674, 0.5876202367904170831, -1.104166666666667407 ) ) ;
#4653 = CARTESIAN_POINT ( 'NONE',  ( 1.322475605676658228, -0.7635316469341327794, 1.848958333333332593 ) ) ;
#4654 = CARTESIAN_POINT ( 'NONE',  ( -1.017788105676656674, 0.5876202367904170831, -0.6041666666666669627 ) ) ;
#4655 = LINE ( 'NONE', #2615, #885 ) ;
#4656 = CARTESIAN_POINT ( 'NONE',  ( 0.6785254037844372643, -1.175240473580834166, 4.041666666666666075 ) ) ;
#4657 = EDGE_LOOP ( 'NONE', ( #5061, #1914, #2302, #41 ) ) ;
#4658 = AXIS2_PLACEMENT_3D ( 'NONE', #976, #2538, #2563 ) ;
#4659 = B_SPLINE_CURVE_WITH_KNOTS ( 'NONE', 3,
 ( #3373, #1087, #3029, #2729 ),
 .UNSPECIFIED., .F., .F.,
 ( 4, 4 ),
 ( 0.0008907525675231456374, 0.001545035019122967691 ),
 .UNSPECIFIED. ) ;
#4660 = CARTESIAN_POINT ( 'NONE',  ( 0.6785254037844372643, -1.175240473580834166, -4.958333333333333925 ) ) ;
#4661 = CARTESIAN_POINT ( 'NONE',  ( 0.6785254037844384856, 1.175240473580833722, 3.708333333333332593 ) ) ;
#4662 = CARTESIAN_POINT ( 'NONE',  ( -1.357050807568875417, 1.080983497915110492E-16, 3.937500000000000444 ) ) ;
#4663 = CARTESIAN_POINT ( 'NONE',  ( 0.6785254037844372643, -1.175240473580834166, -0.9583333333333337034 ) ) ;
#4664 = LINE ( 'NONE', #2201, #1324 ) ;
#4665 = ORIENTED_EDGE ( 'NONE', *, *, #29, .T. ) ;
#4666 = CARTESIAN_POINT ( 'NONE',  ( -0.1967477689858139200, 1.343756361092893536, 5.926807464345392518 ) ) ;
#4667 = CARTESIAN_POINT ( 'NONE',  ( 1.017788105676657118, 0.5876202367904160839, 6.666666666666666075 ) ) ;
#4668 = CARTESIAN_POINT ( 'NONE',  ( -1.017788105676656896, -0.5876202367904167501, -5.520833333333333037 ) ) ;
#4669 = CARTESIAN_POINT ( 'NONE',  ( 0.000000000000000000, 1.175240473580833944, -4.750000000000000888 ) ) ;
#4670 = DIRECTION ( 'NONE',  ( -0.000000000000000000, -0.000000000000000000, 1.000000000000000000 ) ) ;
#4671 = CARTESIAN_POINT ( 'NONE',  ( 0.000000000000000000, 1.499999999999999778, 4.562500000000000000 ) ) ;
#4672 = ORIENTED_EDGE ( 'NONE', *, *, #3340, .F. ) ;
#4673 = CARTESIAN_POINT ( 'NONE',  ( -1.836970198721029688E-16, -1.499999999999999778, 0.3125000000000005551 ) ) ;
#4674 = CARTESIAN_POINT ( 'NONE',  ( 0.000000000000000000, 1.499999999999999778, -1.937499999999999778 ) ) ;
#4675 = CARTESIAN_POINT ( 'NONE',  ( -0.8816504037844387076, 1.527063293868264449, 6.088541666666666963 ) ) ;
#4676 = CARTESIAN_POINT ( 'NONE',  ( 1.357050807568875417, -2.242832357623997763E-16, -0.3125000000000002776 ) ) ;
#4677 = CARTESIAN_POINT ( 'NONE',  ( -0.8816504037844393737, -1.527063293868264005, 0.7239583333333334814 ) ) ;
#4678 = CARTESIAN_POINT ( 'NONE',  ( -1.439254484199187653E-16, -1.175240473580833944, 0.5624999999999996669 ) ) ;
#4679 = ADVANCED_FACE ( 'NONE', ( #503 ), #3831, .T. ) ;
#4680 = CARTESIAN_POINT ( 'NONE',  ( 1.017788105676656452, -0.5876202367904175272, 5.583333333333332149 ) ) ;
#4681 = ORIENTED_EDGE ( 'NONE', *, *, #4229, .T. ) ;
#4682 = VERTEX_POINT ( 'NONE', #5055 ) ;
#4683 =( BOUNDED_CURVE ( )  B_SPLINE_CURVE ( 2, ( #449, #850, #2491, #1679, #3321, #3350, #4980 ),
 .UNSPECIFIED., .F., .F. ) 
 B_SPLINE_CURVE_WITH_KNOTS ( ( 3, 2, 2, 3 ),
 ( 0.7037037037037034981, 0.7098765432098763650, 0.7160493827160492319, 0.7222222222222220989 ),
 .UNSPECIFIED. ) 
 CURVE ( )  GEOMETRIC_REPRESENTATION_ITEM ( )  RATIONAL_B_SPLINE_CURVE ( ( 1.000000000000004885, 0.8660254037844339337, 1.000000000000000000, 0.8660254037844387076, 1.000000000000000000, 0.8660254037844411501, 0.9999999999999975575 ) ) 
 REPRESENTATION_ITEM ( '' )  );
#4684 = ADVANCED_FACE ( 'NONE', ( #260 ), #2195, .T. ) ;
#4685 = CARTESIAN_POINT ( 'NONE',  ( 0.8660254037844379305, -1.500000000000000222, -3.208333333333334814 ) ) ;
#4686 = CARTESIAN_POINT ( 'NONE',  ( -1.017788105676656674, 0.5876202367904170831, -5.666666666666666963 ) ) ;
#4687 = CARTESIAN_POINT ( 'NONE',  ( 0.000000000000000000, 1.175240473580833944, 3.750000000000000000 ) ) ;
#4688 = CARTESIAN_POINT ( 'NONE',  ( 0.6785254037844384856, 1.175240473580833722, 4.270833333333333037 ) ) ;
#4689 = CARTESIAN_POINT ( 'NONE',  ( 1.017788105676656452, -0.5876202367904175272, 0.08333333333333282911 ) ) ;
#4690 = DIRECTION ( 'NONE',  ( -0.000000000000000000, 3.457852702097173358E-17, 1.000000000000000000 ) ) ;
#4691 = ORIENTED_EDGE ( 'NONE', *, *, #2836, .F. ) ;
#4692 = CARTESIAN_POINT ( 'NONE',  ( -1.299038105676657784, 0.7500000000000001110, -1.416666666666667185 ) ) ;
#4693 = CARTESIAN_POINT ( 'NONE',  ( 0.8816504037844384856, -1.527063293868264893, -4.161458333333333037 ) ) ;
#4694 = CARTESIAN_POINT ( 'NONE',  ( -1.439254484199187653E-16, -1.175240473580833944, -4.437500000000000888 ) ) ;
#4695 = CARTESIAN_POINT ( 'NONE',  ( 0.000000000000000000, 1.175240473580833944, -5.750000000000000000 ) ) ;
#4696 = FACE_OUTER_BOUND ( 'NONE', #640, .T. ) ;
#4697 = FACE_OUTER_BOUND ( 'NONE', #3578, .T. ) ;
#4698 = VERTEX_POINT ( 'NONE', #290 ) ;
#4699 = CARTESIAN_POINT ( 'NONE',  ( 0.8660254037844393737, 1.499999999999999334, -1.541666666666667407 ) ) ;
#4700 = CARTESIAN_POINT ( 'NONE',  ( -0.8660254037844337116, 1.500000000000007550, -1.895833333333332815 ) ) ;
#4701 = CARTESIAN_POINT ( 'NONE',  ( -1.017788105676656896, -0.5876202367904167501, 3.979166666666665630 ) ) ;
#4702 = CARTESIAN_POINT ( 'NONE',  ( 0.8816504037844398178, 1.527063293868264005, 0.4739583333333331483 ) ) ;
#4703 = CARTESIAN_POINT ( 'NONE',  ( -0.6785254037844375974, 1.175240473580834166, -0.1458333333333337589 ) ) ;
#4704 = CARTESIAN_POINT ( 'NONE',  ( -0.8660254037844337116, 1.500000000000007550, -3.395833333333332593 ) ) ;
#4705 = CARTESIAN_POINT ( 'NONE',  ( 0.6785254037844383745, 1.175240473580833500, 5.208333333333333037 ) ) ;
#4706 = ORIENTED_EDGE ( 'NONE', *, *, #2494, .F. ) ;
#4707 = CARTESIAN_POINT ( 'NONE',  ( -1.763300807568877859, 1.329739878991918111E-16, -1.328124999999999556 ) ) ;
#4708 = CARTESIAN_POINT ( 'NONE',  ( 0.8816504037844384856, -1.527063293868264893, -5.692708333333333925 ) ) ;
#4709 = ADVANCED_FACE ( 'NONE', ( #2430 ), #1622, .T. ) ;
#4710 = FACE_OUTER_BOUND ( 'NONE', #2802, .T. ) ;
#4711 = CARTESIAN_POINT ( 'NONE',  ( 0.6785254037844384856, 1.175240473580833722, 2.708333333333333481 ) ) ;
#4712 = CARTESIAN_POINT ( 'NONE',  ( 1.017788105676656452, -0.5876202367904175272, 5.145833333333332149 ) ) ;
#4713 = CARTESIAN_POINT ( 'NONE',  ( -0.6785254037844380415, -1.175240473580833722, -1.041666666666667407 ) ) ;
#4714 = CIRCLE ( 'NONE', #3528, 0.8660254037844385966 ) ;
#4715 = ORIENTED_EDGE ( 'NONE', *, *, #2291, .F. ) ;
#4716 = CARTESIAN_POINT ( 'NONE',  ( -0.8660254037844383745, 1.499999999999999778, 5.104166666666667851 ) ) ;
#4717 = CARTESIAN_POINT ( 'NONE',  ( -1.322475605676658672, -0.7635316469341317802, -3.286458333333333037 ) ) ;
#4718 = CARTESIAN_POINT ( 'NONE',  ( 1.017788105676656452, -0.5876202367904175272, -3.354166666666667407 ) ) ;
#4719 = CARTESIAN_POINT ( 'NONE',  ( -1.017788105676656674, 0.5876202367904170831, -5.166666666666666963 ) ) ;
#4720 = CARTESIAN_POINT ( 'NONE',  ( 1.732050807568876971, -2.931696182144386422E-16, -4.625000000000000888 ) ) ;
#4721 = CARTESIAN_POINT ( 'NONE',  ( 0.000000000000000000, -1.499999999999999778, -5.549354535729332127 ) ) ;
#4722 = EDGE_CURVE ( 'NONE', #1393, #3763, #4074, .T. ) ;
#4723 = EDGE_LOOP ( 'NONE', ( #4009, #4449, #3142, #673, #3050 ) ) ;
#4724 = APPROVAL_ROLE ( '' ) ;
#4725 = CARTESIAN_POINT ( 'NONE',  ( 0.000000000000000000, 1.500000000000000000, 5.824948115447571517 ) ) ;
#4726 = CARTESIAN_POINT ( 'NONE',  ( -1.763300807568877859, 1.329739878991918111E-16, 6.671874999999999112 ) ) ;
#4727 = CARTESIAN_POINT ( 'NONE',  ( 0.000000000000000000, 1.175240473580833944, 2.749999999999999112 ) ) ;
#4728 = CARTESIAN_POINT ( 'NONE',  ( -1.439254484199187653E-16, -1.175240473580833944, 2.562499999999998668 ) ) ;
#4729 = CARTESIAN_POINT ( 'NONE',  ( 1.322475605676659116, 0.7635316469341311141, 1.432291666666665853 ) ) ;
#4730 = CARTESIAN_POINT ( 'NONE',  ( 0.6785254037844384856, 1.175240473580833722, -0.2291666666666674623 ) ) ;
#4731 = DIRECTION ( 'NONE',  ( 0.000000000000000000, -3.457852702097173358E-17, -1.000000000000000000 ) ) ;
#4732 = ORIENTED_EDGE ( 'NONE', *, *, #1101, .F. ) ;
#4733 = CARTESIAN_POINT ( 'NONE',  ( 0.000000000000000000, 1.527063293868264227, -0.4531249999999995559 ) ) ;
#4734 = CARTESIAN_POINT ( 'NONE',  ( -1.836970198721029688E-16, -1.499999999999999778, -3.687500000000000000 ) ) ;
#4735 = CARTESIAN_POINT ( 'NONE',  ( 0.6785254037844384856, 1.175240473580833722, 4.708333333333333037 ) ) ;
#4736 = EDGE_CURVE ( 'NONE', #1410, #2359, #4441, .T. ) ;
#4737 = CARTESIAN_POINT ( 'NONE',  ( -0.6785254037844380415, -1.175240473580833722, -2.041666666666667407 ) ) ;
#4738 = AXIS2_PLACEMENT_3D ( 'NONE', #4774, #2661, #5123 ) ;
#4739 = CC_DESIGN_DATE_AND_TIME_ASSIGNMENT ( #4399, #2768, ( #713 ) ) ;
#4740 = CARTESIAN_POINT ( 'NONE',  ( -0.8660254037844391517, -1.499999999999999334, 5.708333333333333037 ) ) ;
#4741 = EDGE_LOOP ( 'NONE', ( #299, #3944, #255 ) ) ;
#4742 = CARTESIAN_POINT ( 'NONE',  ( -1.215879583050518020, -0.2900635094611122011, 6.000000000000000888 ) ) ;
#4743 = CARTESIAN_POINT ( 'NONE',  ( -1.322475605676658450, 0.7635316469341323353, -2.869791666666666519 ) ) ;
#4744 = CARTESIAN_POINT ( 'NONE',  ( 0.6785254037844384856, 1.175240473580833722, -1.729166666666666963 ) ) ;
#4745 = CARTESIAN_POINT ( 'NONE',  ( 0.6785254037844372643, -1.175240473580834166, -2.958333333333333481 ) ) ;
#4746 = CARTESIAN_POINT ( 'NONE',  ( 0.8660254037844393737, 1.499999999999999334, -4.541666666666666963 ) ) ;
#4747 = CARTESIAN_POINT ( 'NONE',  ( 0.000000000000000000, 1.558265636316165435E-17, -5.549354535729332127 ) ) ;
#4748 = VERTEX_POINT ( 'NONE', #872 ) ;
#4749 = PERSON_AND_ORGANIZATION_ROLE ( 'creator' ) ;
#4750 = CONICAL_SURFACE ( 'NONE', #5003, 0.8660254037844385966, 0.7853981633974500554 ) ;
#4751 = ADVANCED_FACE ( 'NONE', ( #3399 ), #5030, .T. ) ;
#4752 = DIRECTION ( 'NONE',  ( 0.000000000000000000, 0.000000000000000000, 1.000000000000000000 ) ) ;
#4753 = CARTESIAN_POINT ( 'NONE',  ( 1.322475605676659116, 0.7635316469341311141, 6.463541666666666963 ) ) ;
#4754 = CARTESIAN_POINT ( 'NONE',  ( 1.017788105676657118, 0.5876202367904160839, 2.666666666666666075 ) ) ;
#4755 = CARTESIAN_POINT ( 'NONE',  ( -1.017788105676656674, 0.5876202367904170831, 2.395833333333333037 ) ) ;
#4756 = CARTESIAN_POINT ( 'NONE',  ( 1.322475605676659116, 0.7635316469341311141, 3.432291666666666963 ) ) ;
#4757 = CARTESIAN_POINT ( 'NONE',  ( -0.6785254037844375974, 1.175240473580834166, 3.354166666666666519 ) ) ;
#4758 = LINE ( 'NONE', #1536, #3870 ) ;
#4759 =( GEOMETRIC_REPRESENTATION_CONTEXT ( 3 ) GLOBAL_UNCERTAINTY_ASSIGNED_CONTEXT ( ( #4194 ) ) GLOBAL_UNIT_ASSIGNED_CONTEXT ( ( #913, #201, #4592 ) ) REPRESENTATION_CONTEXT ( 'NONE', 'WORKASPACE' ) );
#4760 = ORIENTED_EDGE ( 'NONE', *, *, #3802, .T. ) ;
#4761 = CARTESIAN_POINT ( 'NONE',  ( 0.8816504037844398178, 1.527063293868264005, 0.5052083333333331483 ) ) ;
#4762 = CARTESIAN_POINT ( 'NONE',  ( -1.322475605676658672, -0.7635316469341317802, -5.317708333333333037 ) ) ;
#4763 = CARTESIAN_POINT ( 'NONE',  ( -1.836970198721029688E-16, -1.499999999999999778, 2.749999999999998668 ) ) ;
#4764 = CARTESIAN_POINT ( 'NONE',  ( -0.6785254037844375974, 1.175240473580834166, -6.208333333333333925 ) ) ;
#4765 = CARTESIAN_POINT ( 'NONE',  ( 1.017788105676656452, -0.5876202367904175272, 4.583333333333333037 ) ) ;
#4766 = CARTESIAN_POINT ( 'NONE',  ( -1.017788105676656896, -0.5876202367904167501, -0.5833333333333341475 ) ) ;
#4767 = CARTESIAN_POINT ( 'NONE',  ( 0.000000000000000000, -1.336911000032896764E-15, 6.000000000000000000 ) ) ;
#4768 = ORIENTED_EDGE ( 'NONE', *, *, #3994, .F. ) ;
#4769 = CARTESIAN_POINT ( 'NONE',  ( -0.7396568647008040509, 1.118589820332475782, 5.946477540895449110 ) ) ;
#4770 = CARTESIAN_POINT ( 'NONE',  ( 1.763300807568877859, -2.989101500854420495E-16, -2.578125000000000000 ) ) ;
#4771 = CARTESIAN_POINT ( 'NONE',  ( -1.017788105676656896, -0.5876202367904167501, -1.020833333333333703 ) ) ;
#4772 = DIRECTION ( 'NONE',  ( 1.000000000000000000, 0.000000000000000000, 0.000000000000000000 ) ) ;
#4773 = VECTOR ( 'NONE', #699, 1000.000000000000000 ) ;
#4774 = CARTESIAN_POINT ( 'NONE',  ( 0.000000000000000000, 1.558265636316165435E-17, -5.549354535729332127 ) ) ;
#4775 = ORIENTED_EDGE ( 'NONE', *, *, #209, .F. ) ;
#4776 = EDGE_CURVE ( 'NONE', #2708, #4619, #1333, .T. ) ;
#4777 = CARTESIAN_POINT ( 'NONE',  ( 0.000000000000000000, 1.100112572632367757E-14, 5.062500000000000000 ) ) ;
#4778 = CARTESIAN_POINT ( 'NONE',  ( 0.8816504037844398178, 1.527063293868264005, 6.505208333333333037 ) ) ;
#4779 = CARTESIAN_POINT ( 'NONE',  ( -1.017788105676656896, -0.5876202367904167501, 2.416666666666666075 ) ) ;
#4780 = CARTESIAN_POINT ( 'NONE',  ( -0.6785254037844375974, 1.175240473580834166, 2.354166666666665630 ) ) ;
#4781 = CARTESIAN_POINT ( 'NONE',  ( -1.870113174931183868E-16, -1.527063293868264227, 3.265624999999999556 ) ) ;
#4782 = CARTESIAN_POINT ( 'NONE',  ( -1.439254484199187653E-16, -1.175240473580833944, 2.062500000000000000 ) ) ;
#4783 = FACE_OUTER_BOUND ( 'NONE', #4723, .T. ) ;
#4784 = EDGE_LOOP ( 'NONE', ( #1237, #2863, #3269 ) ) ;
#4785 = VERTEX_POINT ( 'NONE', #3696 ) ;
#4786 = CARTESIAN_POINT ( 'NONE',  ( 1.763300807568877859, -2.989101500854420495E-16, -1.578124999999999778 ) ) ;
#4787 = CARTESIAN_POINT ( 'NONE',  ( 0.8816504037844384856, -1.527063293868264893, -4.192708333333333037 ) ) ;
#4788 = CARTESIAN_POINT ( 'NONE',  ( 0.000000000000000000, 1.175240473580833944, -3.687500000000000444 ) ) ;
#4789 = EDGE_CURVE ( 'NONE', #234, #1709, #3749, .T. ) ;
#4790 = CARTESIAN_POINT ( 'NONE',  ( -1.357050807568875417, 1.080983497915110492E-16, -3.625000000000000444 ) ) ;
#4791 = CARTESIAN_POINT ( 'NONE',  ( 1.017788105676657118, 0.5876202367904160839, 6.166666666666666075 ) ) ;
#4792 = CARTESIAN_POINT ( 'NONE',  ( 1.017788105676657118, 0.5876202367904160839, 0.6666666666666660745 ) ) ;
#4793 = PLANE ( 'NONE',  #3898 ) ;
#4794 = EDGE_LOOP ( 'NONE', ( #395, #2066, #3756, #4732 ) ) ;
#4795 = CARTESIAN_POINT ( 'NONE',  ( -1.322475605676658672, -0.7635316469341317802, -4.286458333333333037 ) ) ;
#4796 = CARTESIAN_POINT ( 'NONE',  ( -0.6785254037844375974, 1.175240473580834166, -2.645833333333333925 ) ) ;
#4797 = CARTESIAN_POINT ( 'NONE',  ( 1.299038105676657562, -0.7500000000000005551, 3.833333333333332593 ) ) ;
#4798 = DIRECTION ( 'NONE',  ( 1.251928832280966188E-16, -1.000000000000000000, 0.000000000000000000 ) ) ;
#4799 = EDGE_LOOP ( 'NONE', ( #69, #2630, #3034, #2182 ) ) ;
#4800 = SECURITY_CLASSIFICATION_LEVEL ( 'unclassified' ) ;
#4801 = CARTESIAN_POINT ( 'NONE',  ( -0.8660254037844391517, -1.499999999999999334, -2.791666666666666963 ) ) ;
#4802 = CARTESIAN_POINT ( 'NONE',  ( -1.017788105676656674, 0.5876202367904170831, 1.833333333333332593 ) ) ;
#4803 = CARTESIAN_POINT ( 'NONE',  ( -1.017788105676656896, -0.5876202367904167501, 1.979166666666665630 ) ) ;
#4804 = VECTOR ( 'NONE', #4371, 1000.000000000000000 ) ;
#4805 = CARTESIAN_POINT ( 'NONE',  ( 0.000000000000000000, 1.527063293868264227, 4.015625000000000000 ) ) ;
#4806 = CARTESIAN_POINT ( 'NONE',  ( -1.017788105676656896, -0.5876202367904167501, 4.479166666666666075 ) ) ;
#4807 = CARTESIAN_POINT ( 'NONE',  ( 0.000000000000000000, 1.558265636316165435E-17, -5.549354535729332127 ) ) ;
#4808 = ADVANCED_FACE ( 'NONE', ( #2568 ), #3293, .T. ) ;
#4809 = VERTEX_POINT ( 'NONE', #1302 ) ;
#4810 = FACE_OUTER_BOUND ( 'NONE', #5124, .T. ) ;
#4811 = CARTESIAN_POINT ( 'NONE',  ( -0.8816504037844393737, -1.527063293868264005, 0.7552083333333333703 ) ) ;
#4812 = CARTESIAN_POINT ( 'NONE',  ( 1.763300807568877859, -2.989101500854420495E-16, -3.109375000000000000 ) ) ;
#4813 = CARTESIAN_POINT ( 'NONE',  ( -0.6785254037844375974, 1.175240473580834166, -5.145833333333333925 ) ) ;
#4814 = CARTESIAN_POINT ( 'NONE',  ( 1.017788105676657118, 0.5876202367904160839, -2.833333333333333925 ) ) ;
#4815 = CARTESIAN_POINT ( 'NONE',  ( 2.764715539838036307E-15, -0.8660254037844400399, 6.000000000000000000 ) ) ;
#4816 =( BOUNDED_CURVE ( )  B_SPLINE_CURVE ( 2, ( #3735, #1344, #967, #66, #3814, #1687, #2985 ),
 .UNSPECIFIED., .F., .F. ) 
 B_SPLINE_CURVE_WITH_KNOTS ( ( 3, 2, 2, 3 ),
 ( 0.2592592592592591894, 0.2654320987654320563, 0.2716049382716048677, 0.2777777777777777346 ),
 .UNSPECIFIED. ) 
 CURVE ( )  GEOMETRIC_REPRESENTATION_ITEM ( )  RATIONAL_B_SPLINE_CURVE ( ( 1.000000000000001110, 0.8660254037844373753, 1.000000000000000000, 0.8660254037844387076, 1.000000000000000000, 0.8660254037844399289, 0.9999999999999987788 ) ) 
 REPRESENTATION_ITEM ( '' )  );
#4817 = CARTESIAN_POINT ( 'NONE',  ( -0.6785254037844380415, -1.175240473580833722, 2.958333333333331705 ) ) ;
#4818 = CARTESIAN_POINT ( 'NONE',  ( -1.836970198721029688E-16, -1.499999999999999778, 5.750000000000000000 ) ) ;
#4819 = VERTEX_POINT ( 'NONE', #81 ) ;
#4820 = CARTESIAN_POINT ( 'NONE',  ( -1.322475605676658450, 0.7635316469341323353, -1.869791666666666297 ) ) ;
#4821 = CARTESIAN_POINT ( 'NONE',  ( 1.017788105676656452, -0.5876202367904175272, -2.854166666666666963 ) ) ;
#4822 = CARTESIAN_POINT ( 'NONE',  ( 0.000000000000000000, 1.499999999999999778, 4.000000000000000000 ) ) ;
#4823 = DIRECTION ( 'NONE',  ( 1.000000000000000000, 0.000000000000000000, 0.000000000000000000 ) ) ;
#4824 = ORIENTED_EDGE ( 'NONE', *, *, #1498, .F. ) ;
#4825 = VECTOR ( 'NONE', #939, 1000.000000000000000 ) ;
#4826 = CARTESIAN_POINT ( 'NONE',  ( -1.732050807568876971, 1.310604772755240004E-16, -4.812500000000000000 ) ) ;
#4827 = CARTESIAN_POINT ( 'NONE',  ( -1.836970198721029688E-16, -1.499999999999999778, -4.687499999999999112 ) ) ;
#4828 = CARTESIAN_POINT ( 'NONE',  ( 0.6785254037844372643, -1.175240473580834166, 1.541666666666666075 ) ) ;
#4829 = CARTESIAN_POINT ( 'NONE',  ( 0.6785254037844383745, 1.175240473580833500, 4.270833333333333037 ) ) ;
#4830 = CARTESIAN_POINT ( 'NONE',  ( -0.8816504037844393737, -1.527063293868264005, 4.223958333333333037 ) ) ;
#4831 = CARTESIAN_POINT ( 'NONE',  ( -0.6785254037844375974, 1.175240473580834166, 3.854166666666665630 ) ) ;
#4832 = CARTESIAN_POINT ( 'NONE',  ( -0.8660254037844383745, 1.499999999999999778, -1.958333333333334147 ) ) ;
#4833 = AXIS2_PLACEMENT_3D ( 'NONE', #4291, #932, #3409 ) ;
#4834 = EDGE_LOOP ( 'NONE', ( #426, #1682, #4083, #5068 ) ) ;
#4835 = CARTESIAN_POINT ( 'NONE',  ( -0.3710697651312057643, -1.164143063271738443, -5.542319138863215144 ) ) ;
#4836 = AXIS2_PLACEMENT_3D ( 'NONE', #4335, #189, #3911 ) ;
#4837 = CARTESIAN_POINT ( 'NONE',  ( -1.322475605676658450, 0.7635316469341323353, 2.130208333333333925 ) ) ;
#4838 = CARTESIAN_POINT ( 'NONE',  ( -1.233094568199643026, -0.8491152790865500455, -5.259513086502428436 ) ) ;
#4839 = CARTESIAN_POINT ( 'NONE',  ( 1.322475605676659116, 0.7635316469341311141, -5.067708333333333925 ) ) ;
#4840 = CARTESIAN_POINT ( 'NONE',  ( -1.439254484199187653E-16, -1.175240473580833944, -5.937500000000000000 ) ) ;
#4841 = EDGE_CURVE ( 'NONE', #172, #3461, #4120, .T. ) ;
#4842 = EDGE_CURVE ( 'NONE', #4876, #1931, #4845, .T. ) ;
#4843 = CARTESIAN_POINT ( 'NONE',  ( -1.017788105676656896, -0.5876202367904167501, -4.083333333333333925 ) ) ;
#4844 = CARTESIAN_POINT ( 'NONE',  ( 1.017788105676657118, 0.5876202367904160839, 5.166666666666666963 ) ) ;
#4845 = B_SPLINE_CURVE_WITH_KNOTS ( 'NONE', 3,
 ( #3775, #4177, #4526, #3345 ),
 .UNSPECIFIED., .F., .F.,
 ( 4, 4 ),
 ( 0.0009608573789457289282, 0.001409682946937489785 ),
 .UNSPECIFIED. ) ;
#4846 =( BOUNDED_CURVE ( )  B_SPLINE_CURVE ( 2, ( #3523, #4350, #4001, #4323, #649, #2388, #4025 ),
 .UNSPECIFIED., .F., .F. ) 
 B_SPLINE_CURVE_WITH_KNOTS ( ( 3, 2, 2, 3 ),
 ( 0.7222222222222220989, 0.7283950617283949658, 0.7345679012345678327, 0.7407407407407405886 ),
 .UNSPECIFIED. ) 
 CURVE ( )  GEOMETRIC_REPRESENTATION_ITEM ( )  RATIONAL_B_SPLINE_CURVE ( ( 1.000000000000002442, 0.8660254037844362651, 1.000000000000000000, 0.8660254037844387076, 1.000000000000000000, 0.8660254037844411501, 0.9999999999999975575 ) ) 
 REPRESENTATION_ITEM ( '' )  );
#4847 = DIRECTION ( 'NONE',  ( 1.000000000000000000, 0.000000000000000000, -0.000000000000000000 ) ) ;
#4848 = ORIENTED_EDGE ( 'NONE', *, *, #4313, .F. ) ;
#4849 =( BOUNDED_CURVE ( )  B_SPLINE_CURVE ( 2, ( #1742, #2930, #539, #1798, #4618, #3815, #968 ),
 .UNSPECIFIED., .F., .F. ) 
 B_SPLINE_CURVE_WITH_KNOTS ( ( 3, 2, 2, 3 ),
 ( 0.5740740740740739589, 0.5802469135802468259, 0.5864197530864198038, 0.5925925925925925597 ),
 .UNSPECIFIED. ) 
 CURVE ( )  GEOMETRIC_REPRESENTATION_ITEM ( )  RATIONAL_B_SPLINE_CURVE ( ( 1.000000000000002442, 0.8660254037844362651, 1.000000000000000000, 0.8660254037844387076, 1.000000000000000000, 0.8660254037844387076, 1.000000000000000000 ) ) 
 REPRESENTATION_ITEM ( '' )  );
#4850 = CARTESIAN_POINT ( 'NONE',  ( -0.6785254037844375974, 1.175240473580834166, 0.3541666666666657970 ) ) ;
#4851 = CARTESIAN_POINT ( 'NONE',  ( 0.000000000000000000, 1.499999999999999778, -1.437499999999999112 ) ) ;
#4852 = ORIENTED_EDGE ( 'NONE', *, *, #3431, .T. ) ;
#4853 = CARTESIAN_POINT ( 'NONE',  ( -0.6785254037844375974, 1.175240473580834166, -0.2083333333333337867 ) ) ;
#4854 = CARTESIAN_POINT ( 'NONE',  ( 0.000000000000000000, 1.499999999999999778, 0.06250000000000034694 ) ) ;
#4855 = CONICAL_SURFACE ( 'NONE', #2547, 0.8660254037844385966, 0.7853981633974500554 ) ;
#4856 = CARTESIAN_POINT ( 'NONE',  ( 0.6785254037844372643, -1.175240473580834166, 3.541666666666665186 ) ) ;
#4857 = CARTESIAN_POINT ( 'NONE',  ( 0.6785254037844372643, -1.175240473580834166, 4.604166666666666075 ) ) ;
#4858 = CARTESIAN_POINT ( 'NONE',  ( -1.322475605676658450, 0.7635316469341323353, 4.098958333333333037 ) ) ;
#4859 = CARTESIAN_POINT ( 'NONE',  ( -1.017788105676656896, -0.5876202367904167501, 1.979166666666665630 ) ) ;
#4860 = DIRECTION ( 'NONE',  ( -0.000000000000000000, 3.457852702097173358E-17, 1.000000000000000000 ) ) ;
#4861 = EDGE_LOOP ( 'NONE', ( #3789, #2817, #776 ) ) ;
#4862 = FACE_OUTER_BOUND ( 'NONE', #380, .T. ) ;
#4863 = CARTESIAN_POINT ( 'NONE',  ( -1.732050807568876971, 1.310604772755240251E-16, 5.124999999999999112 ) ) ;
#4864 = CARTESIAN_POINT ( 'NONE',  ( -1.322475605676658672, -0.7635316469341317802, 1.213541666666666519 ) ) ;
#4865 = DIRECTION ( 'NONE',  ( -0.000000000000000000, 3.457852702097173358E-17, 1.000000000000000000 ) ) ;
#4866 = CARTESIAN_POINT ( 'NONE',  ( -1.322475605676658672, -0.7635316469341317802, -3.817708333333333481 ) ) ;
#4867 = CARTESIAN_POINT ( 'NONE',  ( 0.6785254037844372643, -1.175240473580834166, -3.895833333333333481 ) ) ;
#4868 = CARTESIAN_POINT ( 'NONE',  ( 0.6785254037844384856, 1.175240473580833722, -3.291666666666666963 ) ) ;
#4869 = CARTESIAN_POINT ( 'NONE',  ( 0.000000000000000000, 1.175240473580833944, 5.249999999999999112 ) ) ;
#4870 = EDGE_CURVE ( 'NONE', #1717, #3881, #2046, .T. ) ;
#4871 = CARTESIAN_POINT ( 'NONE',  ( 0.7500000000000001110, -0.1524896922677105027, 5.883974596215562514 ) ) ;
#4872 = ORIENTED_EDGE ( 'NONE', *, *, #4476, .T. ) ;
#4873 = CARTESIAN_POINT ( 'NONE',  ( -1.439254484199187653E-16, -1.175240473580833944, 0.06249999999999918815 ) ) ;
#4874 = CARTESIAN_POINT ( 'NONE',  ( -1.836970198721029688E-16, -1.499999999999999778, 1.812500000000001110 ) ) ;
#4875 = CARTESIAN_POINT ( 'NONE',  ( -1.017788105676656674, 0.5876202367904170831, -5.166666666666666963 ) ) ;
#4876 = VERTEX_POINT ( 'NONE', #1331 ) ;
#4877 = CARTESIAN_POINT ( 'NONE',  ( -1.017788105676656896, -0.5876202367904167501, 0.9166666666666662966 ) ) ;
#4878 = CARTESIAN_POINT ( 'NONE',  ( 0.000000000000000000, 1.558265636316165435E-17, -5.549354535729332127 ) ) ;
#4879 = VERTEX_POINT ( 'NONE', #2084 ) ;
#4880 = LINE ( 'NONE', #2368, #4010 ) ;
#4881 = CARTESIAN_POINT ( 'NONE',  ( 1.357050807568875417, -2.242832357623997763E-16, 4.124999999999998224 ) ) ;
#4882 = CARTESIAN_POINT ( 'NONE',  ( 1.017788105676657118, 0.5876202367904160839, 4.729166666666666075 ) ) ;
#4883 = CARTESIAN_POINT ( 'NONE',  ( -1.322475605676658672, -0.7635316469341317802, 5.682291666666665186 ) ) ;
#4884 = CARTESIAN_POINT ( 'NONE',  ( 0.000000000000000000, 1.175240473580833944, 6.812499999999999112 ) ) ;
#4885 = CARTESIAN_POINT ( 'NONE',  ( -1.299038105676657784, 0.7500000000000001110, -1.916666666666667407 ) ) ;
#4886 = ORIENTED_EDGE ( 'NONE', *, *, #5034, .F. ) ;
#4887 = CARTESIAN_POINT ( 'NONE',  ( 0.000000000000000000, 1.175240473580833944, 6.312499999999998224 ) ) ;
#4888 = CARTESIAN_POINT ( 'NONE',  ( 0.000000000000000000, 1.499999999999999778, 4.999999999999999112 ) ) ;
#4889 = VECTOR ( 'NONE', #2776, 1000.000000000000000 ) ;
#4890 = CARTESIAN_POINT ( 'NONE',  ( -1.357050807568875417, 1.080983497915110492E-16, -1.125000000000000000 ) ) ;
#4891 = CARTESIAN_POINT ( 'NONE',  ( 0.8816504037844384856, -1.527063293868264893, 1.838541666666666297 ) ) ;
#4892 = DIRECTION ( 'NONE',  ( 1.000000000000000000, 0.000000000000000000, 0.000000000000000000 ) ) ;
#4893 = CARTESIAN_POINT ( 'NONE',  ( 1.763300807568877859, -2.989101500854420495E-16, -0.6093750000000004441 ) ) ;
#4894 = CARTESIAN_POINT ( 'NONE',  ( -1.439254484199187653E-16, -1.175240473580833944, -3.937500000000000000 ) ) ;
#4895 = CARTESIAN_POINT ( 'NONE',  ( 0.6785254037844384856, 1.175240473580833722, -3.791666666666666963 ) ) ;
#4896 = CARTESIAN_POINT ( 'NONE',  ( 0.6785254037844372643, -1.175240473580834166, 5.541666666666665186 ) ) ;
#4897 = EDGE_CURVE ( 'NONE', #1495, #2324, #926, .T. ) ;
#4898 = CARTESIAN_POINT ( 'NONE',  ( 1.299038105676658672, 0.7499999999999987788, -4.083333333333334814 ) ) ;
#4899 = EDGE_LOOP ( 'NONE', ( #1521, #3468, #5117, #5150 ) ) ;
#4900 = CARTESIAN_POINT ( 'NONE',  ( -0.6785254037844375974, 1.175240473580834166, -0.1458333333333337589 ) ) ;
#4901 = CARTESIAN_POINT ( 'NONE',  ( -1.732050807568876971, 1.310604772755240004E-16, 1.687500000000001110 ) ) ;
#4902 = DIRECTION ( 'NONE',  ( -0.000000000000000000, -0.000000000000000000, 1.000000000000000000 ) ) ;
#4903 = ORIENTED_EDGE ( 'NONE', *, *, #3764, .T. ) ;
#4904 = CC_DESIGN_PERSON_AND_ORGANIZATION_ASSIGNMENT ( #1050, #3169, ( #3213 ) ) ;
#4905 = EDGE_CURVE ( 'NONE', #3763, #4748, #4330, .T. ) ;
#4906 = CARTESIAN_POINT ( 'NONE',  ( 0.000000000000000000, 1.175240473580833944, 0.2499999999999993616 ) ) ;
#4907 = CARTESIAN_POINT ( 'NONE',  ( 1.836970198721029688E-16, 1.499999999999999778, -5.549354535729332127 ) ) ;
#4908 = EDGE_LOOP ( 'NONE', ( #4340, #2550, #4681, #2123 ) ) ;
#4909 = CARTESIAN_POINT ( 'NONE',  ( 0.000000000000000000, 1.175240473580833944, 4.249999999999998224 ) ) ;
#4910 = CARTESIAN_POINT ( 'NONE',  ( -1.322475605676658672, -0.7635316469341317802, 7.182291666666666963 ) ) ;
#4911 = CARTESIAN_POINT ( 'NONE',  ( 1.017788105676656452, -0.5876202367904175272, 6.645833333333333037 ) ) ;
#4912 = CARTESIAN_POINT ( 'NONE',  ( 2.764715539838036307E-15, -0.8660254037844400399, 6.000000000000000000 ) ) ;
#4913 = ORIENTED_EDGE ( 'NONE', *, *, #4951, .T. ) ;
#4914 = CARTESIAN_POINT ( 'NONE',  ( -1.017788105676656896, -0.5876202367904167501, 6.979166666666666075 ) ) ;
#4915 = CARTESIAN_POINT ( 'NONE',  ( -1.439254484199187653E-16, -1.175240473580833944, -3.937500000000000000 ) ) ;
#4916 = CARTESIAN_POINT ( 'NONE',  ( 1.017788105676656452, -0.5876202367904175272, -1.916666666666667185 ) ) ;
#4917 = CARTESIAN_POINT ( 'NONE',  ( -0.8816504037844387076, 1.527063293868264449, 2.088541666666666519 ) ) ;
#4918 = CARTESIAN_POINT ( 'NONE',  ( 1.017788105676657118, 0.5876202367904160839, 5.729166666666665186 ) ) ;
#4919 = CARTESIAN_POINT ( 'NONE',  ( 1.322475605676659116, 0.7635316469341311141, -2.567708333333333925 ) ) ;
#4920 = CARTESIAN_POINT ( 'NONE',  ( -1.439254484199187653E-16, -1.175240473580833944, -1.937500000000000888 ) ) ;
#4921 = CARTESIAN_POINT ( 'NONE',  ( -0.6785254037844375974, 1.175240473580834166, 2.791666666666666075 ) ) ;
#4922 = VECTOR ( 'NONE', #5220, 1000.000000000000000 ) ;
#4923 = CARTESIAN_POINT ( 'NONE',  ( 1.017788105676656452, -0.5876202367904175272, -1.416666666666666741 ) ) ;
#4924 = CARTESIAN_POINT ( 'NONE',  ( -1.836970198721029688E-16, -1.499999999999999778, 0.8125000000000002220 ) ) ;
#4925 =( BOUNDED_CURVE ( )  B_SPLINE_CURVE ( 2, ( #2174, #587, #2549, #1338, #2979, #3057, #3836 ),
 .UNSPECIFIED., .F., .F. ) 
 B_SPLINE_CURVE_WITH_KNOTS ( ( 3, 2, 2, 3 ),
 ( 0.7962962962962961688, 0.8024691358024690357, 0.8086419753086420137, 0.8148148148148147696 ),
 .UNSPECIFIED. ) 
 CURVE ( )  GEOMETRIC_REPRESENTATION_ITEM ( )  RATIONAL_B_SPLINE_CURVE ( ( 1.000000000000002442, 0.8660254037844362651, 1.000000000000000000, 0.8660254037844387076, 1.000000000000000000, 0.8660254037844387076, 1.000000000000000000 ) ) 
 REPRESENTATION_ITEM ( '' )  );
#4926 = CARTESIAN_POINT ( 'NONE',  ( -0.8660254037844391517, -1.499999999999999334, 3.708333333333332593 ) ) ;
#4927 = CARTESIAN_POINT ( 'NONE',  ( -1.357050807568875417, 1.080983497915110492E-16, 0.9374999999999991118 ) ) ;
#4928 = CARTESIAN_POINT ( 'NONE',  ( 1.475472608584197376, 0.1083747641722472010, 5.855715683530179128 ) ) ;
#4929 = CARTESIAN_POINT ( 'NONE',  ( 0.000000000000000000, 1.175240473580833944, -5.250000000000000000 ) ) ;
#4930 = CARTESIAN_POINT ( 'NONE',  ( -1.017788105676656674, 0.5876202367904170831, 2.333333333333333037 ) ) ;
#4931 = DIRECTION ( 'NONE',  ( 0.000000000000000000, -1.000000000000000000, 0.000000000000000000 ) ) ;
#4932 = ORIENTED_EDGE ( 'NONE', *, *, #2912, .T. ) ;
#4933 = CARTESIAN_POINT ( 'NONE',  ( -1.299038105676658006, -0.7499999999999995559, 0.7291666666666672958 ) ) ;
#4934 = CARTESIAN_POINT ( 'NONE',  ( 1.357050807568875417, -2.242832357623997763E-16, 4.624999999999999112 ) ) ;
#4935 = CARTESIAN_POINT ( 'NONE',  ( 1.322475605676659116, 0.7635316469341311141, 6.432291666666666075 ) ) ;
#4936 = CARTESIAN_POINT ( 'NONE',  ( 0.6785254037844384856, 1.175240473580833722, 4.770833333333333925 ) ) ;
#4937 = CARTESIAN_POINT ( 'NONE',  ( -0.8660254037844391517, -1.499999999999999334, -0.2916666666666670182 ) ) ;
#4938 = ORIENTED_EDGE ( 'NONE', *, *, #3270, .F. ) ;
#4939 = CARTESIAN_POINT ( 'NONE',  ( -0.6785254037844380415, -1.175240473580833944, 5.520833333333333037 ) ) ;
#4940 = CARTESIAN_POINT ( 'NONE',  ( 1.017788105676656452, -0.5876202367904175272, -4.854166666666666963 ) ) ;
#4941 = CARTESIAN_POINT ( 'NONE',  ( 1.017788105676657118, 0.5876202367904160839, -1.333333333333333925 ) ) ;
#4942 = CARTESIAN_POINT ( 'NONE',  ( -1.870113174931183868E-16, -1.527063293868264227, 3.296875000000000444 ) ) ;
#4943 = CARTESIAN_POINT ( 'NONE',  ( -1.836970198721029688E-16, -1.499999999999999778, 2.812500000000000000 ) ) ;
#4944 = CARTESIAN_POINT ( 'NONE',  ( -1.870113174931183868E-16, -1.527063293868264227, -2.734375000000000444 ) ) ;
#4945 = CARTESIAN_POINT ( 'NONE',  ( 1.017788105676657118, 0.5876202367904160839, -0.7708333333333334814 ) ) ;
#4946 = VECTOR ( 'NONE', #4213, 1000.000000000000000 ) ;
#4947 = CARTESIAN_POINT ( 'NONE',  ( -1.017788105676656896, -0.5876202367904167501, 1.416666666666665853 ) ) ;
#4948 = CARTESIAN_POINT ( 'NONE',  ( 1.017788105676657118, 0.5876202367904160839, -3.270833333333333925 ) ) ;
#4949 = CARTESIAN_POINT ( 'NONE',  ( 1.017788105676657118, 0.5876202367904160839, -1.333333333333333925 ) ) ;
#4950 = DIRECTION ( 'NONE',  ( 0.000000000000000000, 0.000000000000000000, 1.000000000000000000 ) ) ;
#4951 = EDGE_CURVE ( 'NONE', #4077, #3461, #4580, .T. ) ;
#4952 = CARTESIAN_POINT ( 'NONE',  ( 1.732050807568876971, -2.931696182144386422E-16, -4.125000000000000000 ) ) ;
#4953 = CARTESIAN_POINT ( 'NONE',  ( -1.017788105676656674, 0.5876202367904170831, 0.3958333333333330928 ) ) ;
#4954 = CARTESIAN_POINT ( 'NONE',  ( 1.173896057025068718, 0.8450549614881059934, 5.879462307346065231 ) ) ;
#4955 = CARTESIAN_POINT ( 'NONE',  ( 1.017788105676657118, 0.5876202367904160839, -4.333333333333333925 ) ) ;
#4956 =( BOUNDED_CURVE ( )  B_SPLINE_CURVE ( 2, ( #5081, #259, #5137, #1411, #3128, #4685, #1460 ),
 .UNSPECIFIED., .F., .F. ) 
 B_SPLINE_CURVE_WITH_KNOTS ( ( 3, 2, 2, 3 ),
 ( 0.7555692485400589131, 0.7617420880462317800, 0.7679149275524046470, 0.7740877670585774029 ),
 .UNSPECIFIED. ) 
 CURVE ( )  GEOMETRIC_REPRESENTATION_ITEM ( )  RATIONAL_B_SPLINE_CURVE ( ( 1.000000000000000000, 0.8660254037844387076, 1.000000000000000000, 0.8660254037844387076, 1.000000000000000000, 0.8660254037844387076, 1.000000000000000000 ) ) 
 REPRESENTATION_ITEM ( '' )  );
#4957 = VERTEX_POINT ( 'NONE', #554 ) ;
#4958 = CARTESIAN_POINT ( 'NONE',  ( 1.299038105676658450, 0.7499999999999987788, -1.520833333333332815 ) ) ;
#4959 = CARTESIAN_POINT ( 'NONE',  ( -0.6785254037844380415, -1.175240473580833944, 4.458333333333333037 ) ) ;
#4960 = CARTESIAN_POINT ( 'NONE',  ( 1.322475605676658228, -0.7635316469341327794, 6.348958333333333037 ) ) ;
#4961 = CARTESIAN_POINT ( 'NONE',  ( 0.6785254037844372643, -1.175240473580834166, 6.104166666666666075 ) ) ;
#4962 = CARTESIAN_POINT ( 'NONE',  ( -1.223678338661901899, -0.2062257352162874258, -5.512702153906357871 ) ) ;
#4963 = LOCAL_TIME ( 7, 20, 18.00000000000000000, #5203 ) ;
#4964 = ORIENTED_EDGE ( 'NONE', *, *, #2054, .T. ) ;
#4965 = DIRECTION ( 'NONE',  ( 0.000000000000000000, -1.000000000000000000, 0.000000000000000000 ) ) ;
#4966 = CARTESIAN_POINT ( 'NONE',  ( 0.6785254037844383745, 1.175240473580833500, -5.229166666666666963 ) ) ;
#4967 = CARTESIAN_POINT ( 'NONE',  ( -1.017788105676656674, 0.5876202367904170831, -2.666666666666666963 ) ) ;
#4968 = CARTESIAN_POINT ( 'NONE',  ( 0.8816504037844398178, 1.527063293868264005, 4.505208333333334814 ) ) ;
#4969 = CARTESIAN_POINT ( 'NONE',  ( -1.439254484199187653E-16, -1.175240473580833944, 1.062499999999999112 ) ) ;
#4970 = CARTESIAN_POINT ( 'NONE',  ( -0.8816504037844387076, 1.527063293868264449, -2.442708333333333481 ) ) ;
#4971 = CARTESIAN_POINT ( 'NONE',  ( -0.6785254037844380415, -1.175240473580833944, -0.9791666666666672958 ) ) ;
#4972 = CARTESIAN_POINT ( 'NONE',  ( 0.000000000000000000, 1.558265636316165435E-17, -5.549354535729332127 ) ) ;
#4973 = EDGE_CURVE ( 'NONE', #4358, #2838, #4414, .T. ) ;
#4974 = CARTESIAN_POINT ( 'NONE',  ( 0.000000000000000000, 1.175240473580833944, 1.749999999999999778 ) ) ;
#4975 = CARTESIAN_POINT ( 'NONE',  ( 1.017788105676656452, -0.5876202367904175272, -2.854166666666666963 ) ) ;
#4976 = CARTESIAN_POINT ( 'NONE',  ( -1.439254484199187653E-16, -1.175240473580833944, -1.000000000000000888 ) ) ;
#4977 = CARTESIAN_POINT ( 'NONE',  ( 0.000000000000000000, 1.558265636316165435E-17, -5.549354535729332127 ) ) ;
#4978 = LINE ( 'NONE', #901, #3639 ) ;
#4979 = CARTESIAN_POINT ( 'NONE',  ( 0.000000000000000000, 1.175240473580833944, 2.312499999999998668 ) ) ;
#4980 = CARTESIAN_POINT ( 'NONE',  ( -1.836970198721029688E-16, -1.499999999999999778, 3.312500000000000444 ) ) ;
#4981 = CARTESIAN_POINT ( 'NONE',  ( -0.6785254037844380415, -1.175240473580833722, -4.041666666666666963 ) ) ;
#4982 = DIRECTION ( 'NONE',  ( 0.000000000000000000, -3.457852702097173358E-17, -1.000000000000000000 ) ) ;
#4983 = ORIENTED_EDGE ( 'NONE', *, *, #1562, .T. ) ;
#4984 = CARTESIAN_POINT ( 'NONE',  ( -1.732050807568876971, 1.310604772755240251E-16, 4.125000000000000000 ) ) ;
#4985 = CARTESIAN_POINT ( 'NONE',  ( -1.870113174931183868E-16, -1.527063293868264227, -6.203124999999999112 ) ) ;
#4986 = CARTESIAN_POINT ( 'NONE',  ( -0.8816504037844387076, 1.527063293868264449, 5.057291666666666963 ) ) ;
#4987 = CARTESIAN_POINT ( 'NONE',  ( -0.6785254037844375974, 1.175240473580834166, 5.354166666666666075 ) ) ;
#4988 = CARTESIAN_POINT ( 'NONE',  ( -1.168319742280888640, -0.5893729350850447357, -5.455380704115672330 ) ) ;
#4989 =( BOUNDED_CURVE ( )  B_SPLINE_CURVE ( 2, ( #558, #167, #2199, #2599, #3833, #212, #2704 ),
 .UNSPECIFIED., .F., .F. ) 
 B_SPLINE_CURVE_WITH_KNOTS ( ( 3, 2, 2, 3 ),
 ( 0.2000136929845033329, 0.2061865324906761998, 0.2123593719968490667, 0.2185322115030218226 ),
 .UNSPECIFIED. ) 
 CURVE ( )  GEOMETRIC_REPRESENTATION_ITEM ( )  RATIONAL_B_SPLINE_CURVE ( ( 1.000000000000000000, 0.8660254037844387076, 1.000000000000000000, 0.8660254037844387076, 1.000000000000000000, 0.8660254037844387076, 1.000000000000000000 ) ) 
 REPRESENTATION_ITEM ( '' )  );
#4990 = CARTESIAN_POINT ( 'NONE',  ( -0.7500000000000000000, -0.4330127018922205751, 6.000000000000000000 ) ) ;
#4991 = ORIENTED_EDGE ( 'NONE', *, *, #2548, .F. ) ;
#4992 = CARTESIAN_POINT ( 'NONE',  ( 0.000000000000000000, 1.558265636316165435E-17, -5.549354535729332127 ) ) ;
#4993 = CARTESIAN_POINT ( 'NONE',  ( -1.439254484199187653E-16, -1.175240473580833944, -1.000000000000000888 ) ) ;
#4994 = CARTESIAN_POINT ( 'NONE',  ( -0.8816504037844387076, 1.527063293868264449, 4.588541666666666963 ) ) ;
#4995 = CARTESIAN_POINT ( 'NONE',  ( -0.6785254037844375974, 1.175240473580834166, 1.354166666666665853 ) ) ;
#4996 = CARTESIAN_POINT ( 'NONE',  ( -1.763300807568877859, 1.329739878991918111E-16, -2.359375000000000000 ) ) ;
#4997 = CARTESIAN_POINT ( 'NONE',  ( 0.000000000000000000, 1.175240473580833944, -1.687500000000000666 ) ) ;
#4998 = CARTESIAN_POINT ( 'NONE',  ( -1.836970198721029688E-16, -1.499999999999999778, -2.187499999999999556 ) ) ;
#4999 = CARTESIAN_POINT ( 'NONE',  ( 1.017788105676657118, 0.5876202367904160839, 5.666666666666665186 ) ) ;
#5000 = CARTESIAN_POINT ( 'NONE',  ( -1.017788105676656674, 0.5876202367904170831, -2.104166666666667407 ) ) ;
#5001 = CARTESIAN_POINT ( 'NONE',  ( -1.017788105676656896, -0.5876202367904167501, 0.4166666666666658525 ) ) ;
#5002 = CARTESIAN_POINT ( 'NONE',  ( 0.3390344342905516895, 1.337571046514924866, -5.380778436679896970 ) ) ;
#5003 = AXIS2_PLACEMENT_3D ( 'NONE', #4767, #2734, #691 ) ;
#5004 = EDGE_CURVE ( 'NONE', #4069, #4682, #2914, .T. ) ;
#5005 = DIRECTION ( 'NONE',  ( 0.000000000000000000, -1.000000000000000000, 0.000000000000000000 ) ) ;
#5006 = AXIS2_PLACEMENT_3D ( 'NONE', #2918, #4551, #955 ) ;
#5007 = CARTESIAN_POINT ( 'NONE',  ( -1.017788105676656896, -0.5876202367904167501, 3.979166666666665630 ) ) ;
#5008 = CARTESIAN_POINT ( 'NONE',  ( -0.8660254037844479225, -1.499999999999983569, 1.270833333333332593 ) ) ;
#5009 = CARTESIAN_POINT ( 'NONE',  ( -0.6785254037844380415, -1.175240473580833722, -3.541666666666666963 ) ) ;
#5010 = ORIENTED_EDGE ( 'NONE', *, *, #5106, .T. ) ;
#5011 = CARTESIAN_POINT ( 'NONE',  ( 0.000000000000000000, -1.499999999999999778, -5.549354535729332127 ) ) ;
#5012 = CARTESIAN_POINT ( 'NONE',  ( 0.000000000000000000, 1.175240473580833944, 6.249999999999998224 ) ) ;
#5013 = CARTESIAN_POINT ( 'NONE',  ( 0.6785254037844372643, -1.175240473580834166, -4.395833333333333037 ) ) ;
#5014 = CARTESIAN_POINT ( 'NONE',  ( -1.439254484199187653E-16, -1.175240473580833944, -4.000000000000000000 ) ) ;
#5015 = CARTESIAN_POINT ( 'NONE',  ( -0.8660254037844383745, 1.499999999999999778, 1.041666666666666297 ) ) ;
#5016 = CARTESIAN_POINT ( 'NONE',  ( 1.732050807568876971, -2.931696182144386422E-16, -3.062499999999998668 ) ) ;
#5017 = EDGE_CURVE ( 'NONE', #218, #4698, #3869, .T. ) ;
#5018 = ORIENTED_EDGE ( 'NONE', *, *, #3177, .T. ) ;
#5019 = CARTESIAN_POINT ( 'NONE',  ( 1.299038105676658672, 0.7499999999999987788, -0.5833333333333335924 ) ) ;
#5020 = CARTESIAN_POINT ( 'NONE',  ( 0.000000000000000000, 1.499999999999999778, 4.999999999999999112 ) ) ;
#5021 = CARTESIAN_POINT ( 'NONE',  ( -1.322475605676658672, -0.7635316469341317802, 5.213541666666666075 ) ) ;
#5022 =( BOUNDED_CURVE ( )  B_SPLINE_CURVE ( 2, ( #1882, #4801, #598, #3551, #5152, #302, #228 ),
 .UNSPECIFIED., .F., .F. ) 
 B_SPLINE_CURVE_WITH_KNOTS ( ( 3, 2, 2, 3 ),
 ( 0.7370507300215404234, 0.7432235695277131793, 0.7493964090338860462, 0.7555692485400589131 ),
 .UNSPECIFIED. ) 
 CURVE ( )  GEOMETRIC_REPRESENTATION_ITEM ( )  RATIONAL_B_SPLINE_CURVE ( ( 1.000000000000000000, 0.8660254037844387076, 1.000000000000000000, 0.8660254037844387076, 1.000000000000000000, 0.8660254037844387076, 1.000000000000000000 ) ) 
 REPRESENTATION_ITEM ( '' )  );
#5023 = CARTESIAN_POINT ( 'NONE',  ( -1.357050807568875417, 1.080983497915110246E-16, -0.5625000000000004441 ) ) ;
#5024 = CARTESIAN_POINT ( 'NONE',  ( -1.763300807568877859, 1.329739878991918111E-16, 1.640624999999999778 ) ) ;
#5025 = CARTESIAN_POINT ( 'NONE',  ( 1.357050807568875417, -2.242832357623997763E-16, -1.312500000000000222 ) ) ;
#5026 = CARTESIAN_POINT ( 'NONE',  ( -1.836970198721029688E-16, -1.499999999999999778, 0.3125000000000005551 ) ) ;
#5027 = CARTESIAN_POINT ( 'NONE',  ( -1.439254484199187653E-16, -1.175240473580833944, 5.500000000000000000 ) ) ;
#5028 = CARTESIAN_POINT ( 'NONE',  ( -1.357050807568875417, 1.080983497915110246E-16, -3.062500000000000444 ) ) ;
#5029 = CARTESIAN_POINT ( 'NONE',  ( 1.357050807568875417, -2.242832357623997763E-16, 0.1249999999999992506 ) ) ;
#5030 = CYLINDRICAL_SURFACE ( 'NONE', #4151, 1.499999999999999778 ) ;
#5031 = CARTESIAN_POINT ( 'NONE',  ( -1.017788105676656674, 0.5876202367904170831, 0.8333333333333325932 ) ) ;
#5032 = CARTESIAN_POINT ( 'NONE',  ( 0.000000000000000000, 1.558265636316165435E-17, -5.549354535729332127 ) ) ;
#5033 = CARTESIAN_POINT ( 'NONE',  ( 0.000000000000000000, 1.175240473580833944, 4.812499999999999112 ) ) ;
#5034 = EDGE_CURVE ( 'NONE', #3680, #1613, #4011, .T. ) ;
#5035 = CARTESIAN_POINT ( 'NONE',  ( -1.017788105676656674, 0.5876202367904170831, -2.666666666666666963 ) ) ;
#5036 = FACE_OUTER_BOUND ( 'NONE', #3324, .T. ) ;
#5037 = ORIENTED_EDGE ( 'NONE', *, *, #5004, .F. ) ;
#5038 = CARTESIAN_POINT ( 'NONE',  ( 0.8816504037844398178, 1.527063293868264005, -5.994791666666666075 ) ) ;
#5039 = CARTESIAN_POINT ( 'NONE',  ( 1.017788105676657118, 0.5876202367904160839, -3.770833333333333481 ) ) ;
#5040 = CARTESIAN_POINT ( 'NONE',  ( -0.6785254037844380415, -1.175240473580833944, -4.041666666666666963 ) ) ;
#5041 = CARTESIAN_POINT ( 'NONE',  ( -1.299038105676657784, 0.7500000000000001110, -0.4166666666666671293 ) ) ;
#5042 = FACE_OUTER_BOUND ( 'NONE', #4657, .T. ) ;
#5043 = ORIENTED_EDGE ( 'NONE', *, *, #4054, .T. ) ;
#5044 = CARTESIAN_POINT ( 'NONE',  ( 2.764715539838036307E-15, -0.8660254037844400399, 6.000000000000000000 ) ) ;
#5045 = CARTESIAN_POINT ( 'NONE',  ( 0.8816504037844398178, 1.527063293868264005, 5.505208333333333037 ) ) ;
#5046 = CARTESIAN_POINT ( 'NONE',  ( 1.357050807568875417, -2.242832357623997763E-16, -0.8125000000000006661 ) ) ;
#5047 = CARTESIAN_POINT ( 'NONE',  ( -0.8816504037844387076, 1.527063293868264449, 1.557291666666666075 ) ) ;
#5048 = CARTESIAN_POINT ( 'NONE',  ( 0.000000000000000000, 1.175240473580833944, 0.8124999999999998890 ) ) ;
#5049 = CARTESIAN_POINT ( 'NONE',  ( -6.728126220799337396E-16, 0.8660254037844384856, 5.062500000000000000 ) ) ;
#5050 = CARTESIAN_POINT ( 'NONE',  ( -0.6785254037844380415, -1.175240473580833722, 3.458333333333332149 ) ) ;
#5051 = CARTESIAN_POINT ( 'NONE',  ( -0.6785254037844380415, -1.175240473580833722, -2.979166666666666519 ) ) ;
#5052 = FACE_OUTER_BOUND ( 'NONE', #1201, .T. ) ;
#5053 = AXIS2_PLACEMENT_3D ( 'NONE', #2207, #2956, #3842 ) ;
#5054 = CARTESIAN_POINT ( 'NONE',  ( -1.017788105676656896, -0.5876202367904167501, 3.416666666666666963 ) ) ;
#5055 = CARTESIAN_POINT ( 'NONE',  ( 0.000000000000000000, -1.500000000000000000, -5.250000000000007994 ) ) ;
#5056 = ADVANCED_FACE ( 'NONE', ( #5052 ), #1435, .F. ) ;
#5057 = CARTESIAN_POINT ( 'NONE',  ( -0.6785254037844380415, -1.175240473580833944, 3.020833333333331705 ) ) ;
#5058 = CARTESIAN_POINT ( 'NONE',  ( -1.017788105676656674, 0.5876202367904170831, -2.166666666666667407 ) ) ;
#5059 = EDGE_CURVE ( 'NONE', #2255, #1135, #57, .T. ) ;
#5060 = CARTESIAN_POINT ( 'NONE',  ( -1.732050807568876971, 1.310604772755240004E-16, -2.312499999999999112 ) ) ;
#5061 = ORIENTED_EDGE ( 'NONE', *, *, #102, .T. ) ;
#5062 = CARTESIAN_POINT ( 'NONE',  ( 0.8660254037844393737, 1.499999999999999334, 0.4583333333333328152 ) ) ;
#5063 = CARTESIAN_POINT ( 'NONE',  ( -0.8816504037844393737, -1.527063293868264005, -5.744791666666666963 ) ) ;
#5064 = CARTESIAN_POINT ( 'NONE',  ( -1.357050807568875417, 1.080983497915110492E-16, -4.562500000000000888 ) ) ;
#5065 = CARTESIAN_POINT ( 'NONE',  ( 0.6785254037844372643, -1.175240473580834166, -4.458333333333333037 ) ) ;
#5066 = CYLINDRICAL_SURFACE ( 'NONE', #4461, 1.499999999999999778 ) ;
#5067 = LINE ( 'NONE', #2529, #4502 ) ;
#5068 = ORIENTED_EDGE ( 'NONE', *, *, #1434, .F. ) ;
#5069 = CC_DESIGN_PERSON_AND_ORGANIZATION_ASSIGNMENT ( #3389, #4749, ( #713 ) ) ;
#5070 = FACE_OUTER_BOUND ( 'NONE', #4540, .T. ) ;
#5071 = EDGE_CURVE ( 'NONE', #2209, #2229, #4956, .T. ) ;
#5072 = DIRECTION ( 'NONE',  ( 0.000000000000000000, -1.000000000000000000, 0.000000000000000000 ) ) ;
#5073 = CARTESIAN_POINT ( 'NONE',  ( -0.8816504037844387076, 1.527063293868264449, 3.588541666666666075 ) ) ;
#5074 = CARTESIAN_POINT ( 'NONE',  ( -1.439254484199187653E-16, -1.175240473580833944, -0.9375000000000008882 ) ) ;
#5075 = CARTESIAN_POINT ( 'NONE',  ( -1.322475605676658672, -0.7635316469341317802, -0.3177083333333339255 ) ) ;
#5076 = CARTESIAN_POINT ( 'NONE',  ( 1.017788105676656452, -0.5876202367904175272, -0.3541666666666675733 ) ) ;
#5077 = DIRECTION ( 'NONE',  ( -0.000000000000000000, 3.457852702097173358E-17, 1.000000000000000000 ) ) ;
#5078 = CARTESIAN_POINT ( 'NONE',  ( 0.6785254037844372643, -1.175240473580834166, 5.041666666666666963 ) ) ;
#5079 = VERTEX_POINT ( 'NONE', #1007 ) ;
#5080 = ORIENTED_EDGE ( 'NONE', *, *, #2836, .T. ) ;
#5081 = CARTESIAN_POINT ( 'NONE',  ( 0.000000000000000000, 1.499999999999999778, -3.000000000000000444 ) ) ;
#5082 = LINE ( 'NONE', #238, #3095 ) ;
#5083 = CARTESIAN_POINT ( 'NONE',  ( 1.017788105676656452, -0.5876202367904175272, 2.583333333333333481 ) ) ;
#5084 = CARTESIAN_POINT ( 'NONE',  ( -1.439254484199187653E-16, -1.175240473580833944, 4.062500000000000000 ) ) ;
#5085 = VECTOR ( 'NONE', #4366, 1000.000000000000000 ) ;
#5086 = CARTESIAN_POINT ( 'NONE',  ( 1.357050807568875417, -2.242832357623997763E-16, -1.875000000000000888 ) ) ;
#5087 = APPROVAL_PERSON_ORGANIZATION ( #3846, #2131, #180 ) ;
#5088 = CARTESIAN_POINT ( 'NONE',  ( 0.000000000000000000, 1.499999999999999778, 4.062499999999999112 ) ) ;
#5089 = ORIENTED_EDGE ( 'NONE', *, *, #1143, .T. ) ;
#5090 = CARTESIAN_POINT ( 'NONE',  ( 0.000000000000000000, 1.499999999999999778, -2.500000000000000444 ) ) ;
#5091 = CARTESIAN_POINT ( 'NONE',  ( -0.8816504037844387076, 1.527063293868264449, -5.411458333333333925 ) ) ;
#5092 = CARTESIAN_POINT ( 'NONE',  ( 1.357050807568875417, -2.242832357623997763E-16, -4.312500000000000000 ) ) ;
#5093 = CARTESIAN_POINT ( 'NONE',  ( 1.017788105676657118, 0.5876202367904160839, -4.333333333333333925 ) ) ;
#5094 = DIRECTION ( 'NONE',  ( 1.000000000000000000, 0.000000000000000000, 0.000000000000000000 ) ) ;
#5095 = FACE_OUTER_BOUND ( 'NONE', #3644, .T. ) ;
#5096 = ORIENTED_EDGE ( 'NONE', *, *, #3238, .F. ) ;
#5097 =( BOUNDED_CURVE ( )  B_SPLINE_CURVE ( 2, ( #961, #2601, #4238 ),
 .UNSPECIFIED., .F., .F. ) 
 B_SPLINE_CURVE_WITH_KNOTS ( ( 3, 3 ),
 ( 0.9074074074074071072, 0.9084082743839215768 ),
 .UNSPECIFIED. ) 
 CURVE ( )  GEOMETRIC_REPRESENTATION_ITEM ( )  RATIONAL_B_SPLINE_CURVE ( ( 1.000000000000007327, 0.9782772986548813332, 0.9635988544608683481 ) ) 
 REPRESENTATION_ITEM ( '' )  );
#5098 = CARTESIAN_POINT ( 'NONE',  ( -1.836970198721029688E-16, -1.499999999999999778, 2.312500000000000000 ) ) ;
#5099 = CARTESIAN_POINT ( 'NONE',  ( -0.6785254037844375974, 1.175240473580834166, 2.854166666666666519 ) ) ;
#5100 = CARTESIAN_POINT ( 'NONE',  ( -0.8816504037844393737, -1.527063293868264005, 0.2239583333333329540 ) ) ;
#5101 = CARTESIAN_POINT ( 'NONE',  ( 1.017788105676656452, -0.5876202367904175272, 0.6458333333333324822 ) ) ;
#5102 = LINE ( 'NONE', #3531, #4035 ) ;
#5103 = ADVANCED_FACE ( 'NONE', ( #3882 ), #4244, .T. ) ;
#5104 = CARTESIAN_POINT ( 'NONE',  ( 1.017788105676657118, 0.5876202367904160839, 4.166666666666666075 ) ) ;
#5105 = ORIENTED_EDGE ( 'NONE', *, *, #3899, .F. ) ;
#5106 = EDGE_CURVE ( 'NONE', #4164, #4819, #3687, .T. ) ;
#5107 = ORIENTED_EDGE ( 'NONE', *, *, #3797, .F. ) ;
#5108 = CARTESIAN_POINT ( 'NONE',  ( -1.870113174931183868E-16, -1.527063293868264227, -0.7031249999999997780 ) ) ;
#5109 = CARTESIAN_POINT ( 'NONE',  ( 1.299038105676657562, -0.7500000000000005551, 2.333333333333333037 ) ) ;
#5110 = CARTESIAN_POINT ( 'NONE',  ( 1.017788105676656452, -0.5876202367904175272, -5.916666666666666963 ) ) ;
#5111 = CARTESIAN_POINT ( 'NONE',  ( 0.6785254037844372643, -1.175240473580834166, 3.541666666666665186 ) ) ;
#5112 = EDGE_CURVE ( 'NONE', #1049, #5159, #1666, .T. ) ;
#5113 = CARTESIAN_POINT ( 'NONE',  ( -1.439254484199187653E-16, -1.175240473580833944, 5.062499999999999112 ) ) ;
#5114 = CARTESIAN_POINT ( 'NONE',  ( -0.6785254037844375974, 1.175240473580834166, -0.2083333333333338144 ) ) ;
#5115 = B_SPLINE_CURVE_WITH_KNOTS ( 'NONE', 3,
 ( #3601, #3701, #774, #3245, #1601, #1655, #3219, #726 ),
 .UNSPECIFIED., .F., .F.,
 ( 4, 2, 2, 4 ),
 ( 2.544428341982048138E-07, 0.0002238954966069353668, 0.0004475365503796725612, 0.0008948186579251464620 ),
 .UNSPECIFIED. ) ;
#5116 = CYLINDRICAL_SURFACE ( 'NONE', #1146, 1.499999999999999778 ) ;
#5117 = ORIENTED_EDGE ( 'NONE', *, *, #4333, .F. ) ;
#5118 = CARTESIAN_POINT ( 'NONE',  ( -1.836970198721029688E-16, -1.499999999999999778, 5.812499999999999112 ) ) ;
#5119 = CARTESIAN_POINT ( 'NONE',  ( -0.8816504037844387076, 1.527063293868264449, -2.911458333333333481 ) ) ;
#5120 = CARTESIAN_POINT ( 'NONE',  ( 1.017788105676657118, 0.5876202367904160839, -4.770833333333333925 ) ) ;
#5121 = CARTESIAN_POINT ( 'NONE',  ( 1.357050807568875417, -2.242832357623997763E-16, -4.875000000000000888 ) ) ;
#5122 = CARTESIAN_POINT ( 'NONE',  ( 1.299038105676657562, -0.7500000000000005551, -3.666666666666667851 ) ) ;
#5123 = DIRECTION ( 'NONE',  ( 0.000000000000000000, -1.000000000000000000, 0.000000000000000000 ) ) ;
#5124 = EDGE_LOOP ( 'NONE', ( #1783, #2846, #4872, #2724 ) ) ;
#5125 = DATE_AND_TIME ( #2365, #3261 ) ;
#5126 = CARTESIAN_POINT ( 'NONE',  ( 1.732050807568876971, -2.931696182144386422E-16, 4.874999999999999112 ) ) ;
#5127 = CARTESIAN_POINT ( 'NONE',  ( -1.836970198721029688E-16, -1.499999999999999778, 1.749999999999999334 ) ) ;
#5128 = CARTESIAN_POINT ( 'NONE',  ( -1.357050807568875417, 1.080983497915110492E-16, 1.374999999999999556 ) ) ;
#5129 = CARTESIAN_POINT ( 'NONE',  ( 0.6785254037844383745, 1.175240473580833500, 3.270833333333332149 ) ) ;
#5130 = CARTESIAN_POINT ( 'NONE',  ( 0.000000000000000000, 1.527063293868264227, 1.015625000000000000 ) ) ;
#5131 = CARTESIAN_POINT ( 'NONE',  ( -1.017788105676656896, -0.5876202367904167501, -0.02083333333333364096 ) ) ;
#5132 = CARTESIAN_POINT ( 'NONE',  ( 0.000000000000000000, -1.734723475976807094E-15, 6.000000000000000000 ) ) ;
#5133 = CARTESIAN_POINT ( 'NONE',  ( -1.439254484199187653E-16, -1.175240473580833944, 5.999999999999998224 ) ) ;
#5134 = ORIENTED_EDGE ( 'NONE', *, *, #1109, .T. ) ;
#5135 = EDGE_CURVE ( 'NONE', #1023, #490, #2439, .T. ) ;
#5136 = CARTESIAN_POINT ( 'NONE',  ( -1.322475605676658450, 0.7635316469341323353, -0.8697916666666662966 ) ) ;
#5137 = CARTESIAN_POINT ( 'NONE',  ( 1.299038105676658672, 0.7499999999999987788, -3.083333333333334370 ) ) ;
#5138 = CARTESIAN_POINT ( 'NONE',  ( 1.357050807568875417, -2.242832357623997763E-16, -5.874999999999999112 ) ) ;
#5139 = CARTESIAN_POINT ( 'NONE',  ( 0.6785254037844384856, 1.175240473580833722, 4.208333333333333037 ) ) ;
#5140 = CARTESIAN_POINT ( 'NONE',  ( -1.439254484199187653E-16, -1.175240473580833944, -1.000000000000000888 ) ) ;
#5141 = VECTOR ( 'NONE', #4407, 1000.000000000000000 ) ;
#5142 = CARTESIAN_POINT ( 'NONE',  ( -1.836970198721029688E-16, -1.499999999999999778, -4.750000000000000888 ) ) ;
#5143 = ORIENTED_EDGE ( 'NONE', *, *, #5265, .F. ) ;
#5144 = CARTESIAN_POINT ( 'NONE',  ( -1.210254042595754642, 0.4871456400861426950, 5.972100358405730169 ) ) ;
#5145 = CARTESIAN_POINT ( 'NONE',  ( 1.763300807568877859, -2.989101500854420495E-16, -4.078125000000000000 ) ) ;
#5146 = CARTESIAN_POINT ( 'NONE',  ( 1.017788105676657118, 0.5876202367904160839, -1.770833333333333481 ) ) ;
#5147 = CARTESIAN_POINT ( 'NONE',  ( -1.017788105676656896, -0.5876202367904167501, -3.083333333333333925 ) ) ;
#5148 = DIRECTION ( 'NONE',  ( -0.000000000000000000, -0.000000000000000000, 1.000000000000000000 ) ) ;
#5149 = CYLINDRICAL_SURFACE ( 'NONE', #459, 1.499999999999999778 ) ;
#5150 = ORIENTED_EDGE ( 'NONE', *, *, #1704, .F. ) ;
#5151 = CARTESIAN_POINT ( 'NONE',  ( 1.836970198721029688E-16, 1.499999999999999778, -5.549354535729332127 ) ) ;
#5152 = CARTESIAN_POINT ( 'NONE',  ( -1.299038105676657784, 0.7500000000000001110, -2.916666666666667407 ) ) ;
#5153 = CARTESIAN_POINT ( 'NONE',  ( 0.000000000000000000, 1.175240473580833944, 1.249999999999999334 ) ) ;
#5154 = CARTESIAN_POINT ( 'NONE',  ( 0.000000000000000000, 1.175240473580833944, 3.312499999999999556 ) ) ;
#5155 = CARTESIAN_POINT ( 'NONE',  ( 1.322475605676659116, 0.7635316469341311141, 2.932291666666666519 ) ) ;
#5156 = CARTESIAN_POINT ( 'NONE',  ( 1.017788105676657118, 0.5876202367904160839, 1.229166666666665630 ) ) ;
#5157 = DIRECTION ( 'NONE',  ( -0.000000000000000000, 3.457852702097173358E-17, 1.000000000000000000 ) ) ;
#5158 = ORIENTED_EDGE ( 'NONE', *, *, #1039, .T. ) ;
#5159 = VERTEX_POINT ( 'NONE', #4434 ) ;
#5160 = CARTESIAN_POINT ( 'NONE',  ( 1.763300807568877859, -2.989101500854420495E-16, -1.078125000000000000 ) ) ;
#5161 = CARTESIAN_POINT ( 'NONE',  ( 1.732050807568876971, -2.931696182144386422E-16, 5.437500000000000888 ) ) ;
#5162 =( BOUNDED_CURVE ( )  B_SPLINE_CURVE ( 2, ( #498, #4253, #2138, #3771, #2189, #157, #1698 ),
 .UNSPECIFIED., .F., .F. ) 
 B_SPLINE_CURVE_WITH_KNOTS ( ( 3, 2, 2, 3 ),
 ( 0.4592729522437626333, 0.4654457917499353892, 0.4716186312561082561, 0.4777914707622811230 ),
 .UNSPECIFIED. ) 
 CURVE ( )  GEOMETRIC_REPRESENTATION_ITEM ( )  RATIONAL_B_SPLINE_CURVE ( ( 1.000000000000000000, 0.8660254037844387076, 1.000000000000000000, 0.8660254037844387076, 1.000000000000000000, 0.8660254037844387076, 1.000000000000000000 ) ) 
 REPRESENTATION_ITEM ( '' )  );
#5163 = CARTESIAN_POINT ( 'NONE',  ( 1.017788105676657118, 0.5876202367904160839, -5.333333333333333925 ) ) ;
#5164 = CARTESIAN_POINT ( 'NONE',  ( -1.017788105676656674, 0.5876202367904170831, 4.333333333333333037 ) ) ;
#5165 = ADVANCED_FACE ( 'NONE', ( #2878 ), #3738, .T. ) ;
#5166 = CARTESIAN_POINT ( 'NONE',  ( 1.017788105676657118, 0.5876202367904160839, -0.8333333333333334814 ) ) ;
#5167 = VECTOR ( 'NONE', #3979, 1000.000000000000114 ) ;
#5168 = FACE_OUTER_BOUND ( 'NONE', #4135, .T. ) ;
#5169 = VERTEX_POINT ( 'NONE', #1238 ) ;
#5170 = CARTESIAN_POINT ( 'NONE',  ( -1.732050807568876971, 1.310604772755240251E-16, -1.375000000000001110 ) ) ;
#5171 = CARTESIAN_POINT ( 'NONE',  ( -1.322475605676658450, 0.7635316469341323353, -4.369791666666666075 ) ) ;
#5172 = CARTESIAN_POINT ( 'NONE',  ( -0.6785254037844375974, 1.175240473580834166, -0.6458333333333341475 ) ) ;
#5173 = DIRECTION ( 'NONE',  ( 1.000000000000000000, 0.000000000000000000, 0.000000000000000000 ) ) ;
#5174 = CARTESIAN_POINT ( 'NONE',  ( 0.000000000000000000, 1.499999999999999778, 1.999999999999999556 ) ) ;
#5175 = ORIENTED_EDGE ( 'NONE', *, *, #3104, .T. ) ;
#5176 = CARTESIAN_POINT ( 'NONE',  ( 0.000000000000000000, -1.499999999999999778, -5.549354535729332127 ) ) ;
#5177 = CARTESIAN_POINT ( 'NONE',  ( -1.299038105676658006, -0.7499999999999995559, 4.729166666666667851 ) ) ;
#5178 = CARTESIAN_POINT ( 'NONE',  ( -1.357050807568875417, 1.080983497915110492E-16, 2.874999999999999112 ) ) ;
#5179 = CARTESIAN_POINT ( 'NONE',  ( -0.6785254037844375974, 1.175240473580834166, 1.854166666666665408 ) ) ;
#5180 = CARTESIAN_POINT ( 'NONE',  ( -1.322475605676658450, 0.7635316469341323353, 4.598958333333333037 ) ) ;
#5181 = CARTESIAN_POINT ( 'NONE',  ( 0.6785254037844372643, -1.175240473580834166, 4.104166666666666075 ) ) ;
#5182 = CARTESIAN_POINT ( 'NONE',  ( -1.299038105676658006, -0.7499999999999995559, 3.166666666666666075 ) ) ;
#5183 = EDGE_CURVE ( 'NONE', #326, #1393, #2959, .T. ) ;
#5184 = VERTEX_POINT ( 'NONE', #1614 ) ;
#5185 = CARTESIAN_POINT ( 'NONE',  ( 1.836970198721029688E-16, 1.499999999999999778, -5.549354535729332127 ) ) ;
#5186 = CARTESIAN_POINT ( 'NONE',  ( 1.322475605676659116, 0.7635316469341311141, -0.03645833333333278747 ) ) ;
#5187 = CARTESIAN_POINT ( 'NONE',  ( -1.870113174931183868E-16, -1.527063293868264227, -4.234375000000000000 ) ) ;
#5188 = CARTESIAN_POINT ( 'NONE',  ( 1.017788105676656452, -0.5876202367904175272, -4.354166666666666963 ) ) ;
#5189 = CARTESIAN_POINT ( 'NONE',  ( 0.6785254037844372643, -1.175240473580834166, -2.958333333333333481 ) ) ;
#5190 = CARTESIAN_POINT ( 'NONE',  ( -0.6785254037844380415, -1.175240473580833944, 6.458333333333333925 ) ) ;
#5191 =( BOUNDED_CURVE ( )  B_SPLINE_CURVE ( 2, ( #1398, #3466, #2739, #2635, #5122, #3087, #2688 ),
 .UNSPECIFIED., .F., .F. ) 
 B_SPLINE_CURVE_WITH_KNOTS ( ( 3, 2, 2, 3 ),
 ( 0.7926062855770958926, 0.7987791250832687595, 0.8049519645894416264, 0.8111248040956144933 ),
 .UNSPECIFIED. ) 
 CURVE ( )  GEOMETRIC_REPRESENTATION_ITEM ( )  RATIONAL_B_SPLINE_CURVE ( ( 1.000000000000000000, 0.8660254037844387076, 1.000000000000000000, 0.8660254037844387076, 1.000000000000000000, 0.8660254037844387076, 1.000000000000000000 ) ) 
 REPRESENTATION_ITEM ( '' )  );
#5192 = CARTESIAN_POINT ( 'NONE',  ( 0.6785254037844383745, 1.175240473580833500, 3.208333333333332149 ) ) ;
#5193 = ADVANCED_FACE ( 'NONE', ( #4862 ), #3283, .T. ) ;
#5194 = CARTESIAN_POINT ( 'NONE',  ( -0.7500000000000002220, 1.299038105676657118, 5.062500000000000000 ) ) ;
#5195 = ORIENTED_EDGE ( 'NONE', *, *, #4462, .F. ) ;
#5196 = CARTESIAN_POINT ( 'NONE',  ( 0.000000000000000000, 0.000000000000000000, -6.000000000000000000 ) ) ;
#5197 = CARTESIAN_POINT ( 'NONE',  ( -0.8816504037844387076, 1.527063293868264449, -2.411458333333333037 ) ) ;
#5198 = CARTESIAN_POINT ( 'NONE',  ( 1.017788105676657118, 0.5876202367904160839, -1.270833333333333925 ) ) ;
#5199 = DIRECTION ( 'NONE',  ( -0.000000000000000000, 3.457852702097173358E-17, 1.000000000000000000 ) ) ;
#5200 = CIRCLE ( 'NONE', #1256, 1.249999999999999556 ) ;
#5201 = PLANE ( 'NONE',  #1743 ) ;
#5202 = ORIENTED_EDGE ( 'NONE', *, *, #3966, .T. ) ;
#5203 = COORDINATED_UNIVERSAL_TIME_OFFSET ( 6, 0, .BEHIND. ) ;
#5204 = DIRECTION ( 'NONE',  ( -0.000000000000000000, 3.457852702097173358E-17, 1.000000000000000000 ) ) ;
#5205 = LINE ( 'NONE', #3524, #580 ) ;
#5206 = CARTESIAN_POINT ( 'NONE',  ( -0.6785254037844380415, -1.175240473580833944, 2.958333333333331705 ) ) ;
#5207 = CARTESIAN_POINT ( 'NONE',  ( -1.439254484199187653E-16, -1.175240473580833944, 2.062500000000000000 ) ) ;
#5208 = CARTESIAN_POINT ( 'NONE',  ( -0.8816504037844387076, 1.527063293868264449, 3.057291666666666519 ) ) ;
#5209 = CARTESIAN_POINT ( 'NONE',  ( 0.000000000000000000, 1.175240473580833944, 4.312499999999998224 ) ) ;
#5210 = CARTESIAN_POINT ( 'NONE',  ( -0.9434779557956883833, -0.7007421192350951067, -5.574759526419170719 ) ) ;
#5211 = ORIENTED_EDGE ( 'NONE', *, *, #3377, .T. ) ;
#5212 = CARTESIAN_POINT ( 'NONE',  ( 0.000000000000000000, 1.558265636316165435E-17, -5.549354535729332127 ) ) ;
#5213 = CARTESIAN_POINT ( 'NONE',  ( -0.8816504037844387076, 1.527063293868264449, 0.5885416666666668517 ) ) ;
#5214 = CARTESIAN_POINT ( 'NONE',  ( -0.8816504037844393737, -1.527063293868264005, -3.276041666666666519 ) ) ;
#5215 = CARTESIAN_POINT ( 'NONE',  ( 0.000000000000000000, 1.175240473580833944, -4.687500000000000888 ) ) ;
#5216 = CARTESIAN_POINT ( 'NONE',  ( -1.439254484199187653E-16, -1.175240473580833944, -2.000000000000000888 ) ) ;
#5217 = CARTESIAN_POINT ( 'NONE',  ( 1.357050807568875417, -2.242832357623997763E-16, 6.624999999999999112 ) ) ;
#5218 = CARTESIAN_POINT ( 'NONE',  ( 0.6785254037844383745, 1.175240473580833500, 1.708333333333332593 ) ) ;
#5219 =( BOUNDED_CURVE ( )  B_SPLINE_CURVE ( 2, ( #2468, #4099, #3297, #5273, #4397, #4423, #4072, #1225, #4929, #393, #4875, #2033, #1199, #1251, #3999, #2841, #3675, #7, #1957, #750, #4023, #3727, #2146, #905, #4126, #1279, #3376, #2922, #2977, #1763, #4955, #479, #2600, #4608, #4555, #140, #450, #4981, #3834, #930, #1680, #112, #170, #1707, #4531, #960, #2546, #2572, #877, #5009, #3753, #4210, #1305, #3780, #1735, #3322, #4638, #532, #3351, #3407, #85, #2492, #1790, #2949, #2521, #4583, #1337, #2089, #4183, #2120, #5035, #4155, #3430, #506, #2200, #2173, #58, #3807, #3004, #1363, #4236, #559, #5058, #2895, #851, #4737, #1040, #638, #3861, #5086, #2680, #586, #1845, #1898, #3969, #3915, #1065, #2706, #2307, #3568, #1391, #4312, #3056, #4338, #4290, #665, #1466, #193, #3540, #4713, #5140, #4663, #1817, #2280, #5166, #3486, #1492, #3105, #1091, #3133, #4766, #2733, #3080, #2227, #4365, #3457, #1013, #291, #3942, #5114, #241, #3031, #988, #1415, #3886, #1870, #4689, #2653, #3510, #612, #2251, #215, #264, #689, #2331, #1923, #2627, #4263, #1440, #3159, #4792, #4091, #2080, #2915, #470, #2887, #4390, #2941, #1647, #4116, #2485, #78, #843, #2052, #3315, #50, #816, #4572, #4947, #1298, #3993, #1245, #3745, #25, #895, #5218, #4974, #414, #1272, #2139, #4548, #316, #1699, #868, #3694, #2513, #2459, #3717, #2539, #4144, #1142, #2357, #2111, #1950, #1673, #1117, #1546, #3341, #3595, #3187, #3291, #4921, #2759, #4523, #719, #4817, #2787, #4174, #499, #4494, #442, #5192, #1519, #3424, #3023, #922, #2164, #5050, #2967, #4228, #4282, #3853, #4201, #1431, #4304, #1381, #2244, #3798, #950, #128, #1782, #4656, #978, #2591, #5104, #2671, #187, #2996, #549, #523, #3368, #603, #2190, #3879, #1808, #3479, #206, #1836, #3072, #2618, #3772, #2564, #3449, #2646, #1004, #5078, #4254, #1408, #576, #4705, #1031, #3824, #2217, #1753, #3396, #3049, #5027, #4600, #4680, #629, #4999, #1354, #103, #4628, #1726, #1325, #158, #3908, #5133 ),
 .UNSPECIFIED., .F., .F. ) 
 B_SPLINE_CURVE_WITH_KNOTS ( ( 3, 2, 2, 2, 2, 2, 2, 2, 2, 2, 2, 2, 2, 2, 2, 2, 2, 2, 2, 2, 2, 2, 2, 2, 2, 2, 2, 2, 2, 2, 2, 2, 2, 2, 2, 2, 2, 2, 2, 2, 2, 2, 2, 2, 2, 2, 2, 2, 2, 2, 2, 2, 2, 2, 2, 2, 2, 2, 2, 2, 2, 2, 2, 2, 2, 2, 2, 2, 2, 2, 2, 2, 2, 2, 2, 2, 2, 2, 2, 2, 2, 2, 2, 2, 2, 2, 2, 2, 2, 2, 2, 2, 2, 2, 2, 2, 2, 2, 2, 2, 2, 2, 2, 2, 2, 2, 2, 2, 2, 2, 2, 2, 2, 2, 2, 2, 2, 2, 2, 2, 2, 2, 2, 2, 2, 2, 2, 2, 2, 2, 2, 2, 2, 2, 2, 2, 2, 2, 2, 3 ),
 ( 0.05008395253935878783, 0.05555555555555555247, 0.06172839506172839164, 0.06790123456790123080, 0.07407407407407406996, 0.08024691358024690913, 0.08641975308641974829, 0.09259259259259258745, 0.09876543209876542662, 0.1049382716049382658, 0.1111111111111111049, 0.1172839506172839441, 0.1234567901234567833, 0.1296296296296296224, 0.1358024691358024616, 0.1419753086419753008, 0.1481481481481481399, 0.1543209876543209791, 0.1604938271604938183, 0.1666666666666666574, 0.1728395061728394688, 0.1790123456790123357, 0.1851851851851851749, 0.1913580246913580141, 0.1975308641975308810, 0.2037037037037036924, 0.2098765432098765316, 0.2160493827160493430, 0.2222222222222222099, 0.2283950617283950490, 0.2345679012345678605, 0.2407407407407407274, 0.2469135802469135665, 0.2530864197530864335, 0.2592592592592592449, 0.2654320987654321118, 0.2716049382716049232, 0.2777777777777777901, 0.2839506172839506015, 0.2901234567901234684, 0.2962962962962962798, 0.3024691358024691468, 0.3086419753086419582, 0.3148148148148148251, 0.3209876543209876365, 0.3271604938271605034, 0.3333333333333333148, 0.3395061728395061817, 0.3456790123456790487, 0.3518518518518518601, 0.3580246913580246715, 0.3641975308641975384, 0.3703703703703703498, 0.3765432098765432167, 0.3827160493827160836, 0.3888888888888888951, 0.3950617283950617065, 0.4012345679012345734, 0.4074074074074073848, 0.4135802469135802517, 0.4197530864197530076, 0.4259259259259259300, 0.4320987654320987414, 0.4382716049382716084, 0.4444444444444444198, 0.4506172839506172867, 0.4567901234567900426, 0.4629629629629630205, 0.4691358024691357764, 0.4753086419753086433, 0.4814814814814814548, 0.4876543209876543217, 0.4938271604938270776, 0.5000000000000001110, 0.5061728395061728669, 0.5123456790123457338, 0.5185185185185184897, 0.5246913580246913567, 0.5308641975308642236, 0.5370370370370370905, 0.5432098765432098464, 0.5493827160493827133, 0.5555555555555555802, 0.5617283950617284471, 0.5679012345679012030, 0.5740740740740740700, 0.5802469135802469369, 0.5864197530864198038, 0.5925925925925925597, 0.5987654320987654266, 0.6049382716049382935, 0.6111111111111111605, 0.6172839506172839164, 0.6234567901234567833, 0.6296296296296296502, 0.6358024691358025171, 0.6419753086419752730, 0.6481481481481481399, 0.6543209876543210068, 0.6604938271604938738, 0.6666666666666666297, 0.6728395061728394966, 0.6790123456790123635, 0.6851851851851852304, 0.6913580246913579863, 0.6975308641975308532, 0.7037037037037036091, 0.7098765432098765871, 0.7160493827160493430, 0.7222222222222222099, 0.7283950617283950768, 0.7345679012345679437, 0.7407407407407406996, 0.7469135802469136776, 0.7530864197530864335, 0.7592592592592593004, 0.7654320987654320563, 0.7716049382716049232, 0.7777777777777777901, 0.7839506172839506570, 0.7901234567901234129, 0.7962962962962962798, 0.8024691358024691468, 0.8086419753086420137, 0.8148148148148147696, 0.8209876543209877475, 0.8271604938271605034, 0.8333333333333333703, 0.8395061728395061262, 0.8456790123456789932, 0.8518518518518518601, 0.8580246913580247270, 0.8641975308641974829, 0.8703703703703703498, 0.8765432098765432167, 0.8827160493827160836, 0.8888888888888888395, 0.8950617283950615954, 0.9012345679012345734, 0.9074074074074074403 ),
 .UNSPECIFIED. ) 
 CURVE ( )  GEOMETRIC_REPRESENTATION_ITEM ( )  RATIONAL_B_SPLINE_CURVE ( ( 0.9730187808731987076, 0.8812449596310170108, 1.000000000000000000, 0.8660254037844387076, 1.000000000000000000, 0.8660254037844387076, 1.000000000000000000, 0.8660254037844387076, 1.000000000000000000, 0.8660254037844387076, 1.000000000000000000, 0.8660254037844387076, 1.000000000000000000, 0.8660254037844387076, 1.000000000000000000, 0.8660254037844387076, 1.000000000000000000, 0.8660254037844387076, 1.000000000000000000, 0.8660254037844387076, 1.000000000000000000, 0.8660254037844387076, 1.000000000000000000, 0.8660254037844387076, 1.000000000000000000, 0.8660254037844387076, 1.000000000000000000, 0.8660254037844387076, 1.000000000000000000, 0.8660254037844387076, 1.000000000000000000, 0.8660254037844387076, 1.000000000000000000, 0.8660254037844387076, 1.000000000000000000, 0.8660254037844387076, 1.000000000000000000, 0.8660254037844387076, 1.000000000000000000, 0.8660254037844387076, 1.000000000000000000, 0.8660254037844387076, 1.000000000000000000, 0.8660254037844387076, 1.000000000000000000, 0.8660254037844387076, 1.000000000000000000, 0.8660254037844387076, 1.000000000000000000, 0.8660254037844387076, 1.000000000000000000, 0.8660254037844387076, 1.000000000000000000, 0.8660254037844387076, 1.000000000000000000, 0.8660254037844387076, 1.000000000000000000, 0.8660254037844387076, 1.000000000000000000, 0.8660254037844387076, 1.000000000000000000, 0.8660254037844387076, 1.000000000000000000, 0.8660254037844387076, 1.000000000000000000, 0.8660254037844387076, 1.000000000000000000, 0.8660254037844387076, 1.000000000000000000, 0.8660254037844387076, 1.000000000000000000, 0.8660254037844387076, 1.000000000000000000, 0.8660254037844387076, 1.000000000000000000, 0.8660254037844387076, 1.000000000000000000, 0.8660254037844387076, 1.000000000000000000, 0.8660254037844387076, 1.000000000000000000, 0.8660254037844387076, 1.000000000000000000, 0.8660254037844387076, 1.000000000000000000, 0.8660254037844387076, 1.000000000000000000, 0.8660254037844387076, 1.000000000000000000, 0.8660254037844387076, 1.000000000000000000, 0.8660254037844387076, 1.000000000000000000, 0.8660254037844387076, 1.000000000000000000, 0.8660254037844387076, 1.000000000000000000, 0.8660254037844387076, 1.000000000000000000, 0.8660254037844387076, 1.000000000000000000, 0.8660254037844387076, 1.000000000000000000, 0.8660254037844387076, 1.000000000000000000, 0.8660254037844387076, 1.000000000000000000, 0.8660254037844387076, 1.000000000000000000, 0.8660254037844387076, 1.000000000000000000, 0.8660254037844387076, 1.000000000000000000, 0.8660254037844387076, 1.000000000000000000, 0.8660254037844387076, 1.000000000000000000, 0.8660254037844387076, 1.000000000000000000, 0.8660254037844387076, 1.000000000000000000, 0.8660254037844387076, 1.000000000000000000, 0.8660254037844387076, 1.000000000000000000, 0.8660254037844387076, 1.000000000000000000, 0.8660254037844387076, 1.000000000000000000, 0.8660254037844387076, 1.000000000000000000, 0.8660254037844387076, 1.000000000000000000, 0.8660254037844387076, 1.000000000000000000, 0.8660254037844387076, 1.000000000000000000, 0.8660254037844387076, 1.000000000000000000, 0.8660254037844387076, 1.000000000000000000, 0.8660254037844387076, 1.000000000000000000, 0.8660254037844387076, 1.000000000000000000, 0.8660254037844387076, 1.000000000000000000, 0.8660254037844387076, 1.000000000000000000, 0.8660254037844387076, 1.000000000000000000, 0.8660254037844387076, 1.000000000000000000, 0.8660254037844387076, 1.000000000000000000, 0.8660254037844387076, 1.000000000000000000, 0.8660254037844387076, 1.000000000000000000, 0.8660254037844387076, 1.000000000000000000, 0.8660254037844387076, 1.000000000000000000, 0.8660254037844387076, 1.000000000000000000, 0.8660254037844387076, 1.000000000000000000, 0.8660254037844387076, 1.000000000000000000, 0.8660254037844387076, 1.000000000000000000, 0.8660254037844387076, 1.000000000000000000, 0.8660254037844387076, 1.000000000000000000, 0.8660254037844387076, 1.000000000000000000, 0.8660254037844387076, 1.000000000000000000, 0.8660254037844387076, 1.000000000000000000, 0.8660254037844387076, 1.000000000000000000, 0.8660254037844387076, 1.000000000000000000, 0.8660254037844387076, 1.000000000000000000, 0.8660254037844387076, 1.000000000000000000, 0.8660254037844387076, 1.000000000000000000, 0.8660254037844387076, 1.000000000000000000, 0.8660254037844387076, 1.000000000000000000, 0.8660254037844387076, 1.000000000000000000, 0.8660254037844387076, 1.000000000000000000, 0.8660254037844387076, 1.000000000000000000, 0.8660254037844387076, 1.000000000000000000, 0.8660254037844387076, 1.000000000000000000, 0.8660254037844387076, 1.000000000000000000, 0.8660254037844387076, 1.000000000000000000, 0.8660254037844387076, 1.000000000000000000, 0.8660254037844387076, 1.000000000000000000, 0.8660254037844387076, 1.000000000000000000, 0.8660254037844387076, 1.000000000000000000, 0.8660254037844387076, 1.000000000000000000, 0.8660254037844387076, 1.000000000000000000, 0.8660254037844387076, 1.000000000000000000, 0.8660254037844387076, 1.000000000000000000, 0.8660254037844387076, 1.000000000000000000, 0.8660254037844387076, 1.000000000000000000, 0.8660254037844387076, 1.000000000000000000, 0.8660254037844387076, 1.000000000000000000, 0.8660254037844387076, 1.000000000000000000, 0.8660254037844387076, 1.000000000000000000, 0.8660254037844387076, 1.000000000000000000, 0.8660254037844387076, 1.000000000000000000, 0.8660254037844387076, 1.000000000000000000, 0.8660254037844387076, 1.000000000000000000, 0.8660254037844387076, 1.000000000000000000, 0.8660254037844387076, 1.000000000000000000, 0.8660254037844387076, 1.000000000000000000, 0.8660254037844387076, 1.000000000000000000, 0.8660254037844387076, 1.000000000000000000, 0.8660254037844387076, 1.000000000000000000, 0.8660254037844387076, 1.000000000000000000, 0.8660254037844387076, 1.000000000000000000, 0.8660254037844387076, 1.000000000000000000, 0.8660254037844387076, 1.000000000000000000, 0.8660254037844387076, 1.000000000000000000, 0.8660254037844387076, 1.000000000000000000, 0.8660254037844387076, 1.000000000000000000, 0.8660254037844387076, 1.000000000000000000, 0.8660254037844387076, 1.000000000000000000, 0.8660254037844387076, 1.000000000000000000, 0.8660254037844387076, 1.000000000000000000 ) ) 
 REPRESENTATION_ITEM ( '' )  );
#5220 = DIRECTION ( 'NONE',  ( -0.000000000000000000, 3.457852702097173358E-17, 1.000000000000000000 ) ) ;
#5221 = ORIENTED_EDGE ( 'NONE', *, *, #3168, .F. ) ;
#5222 = CARTESIAN_POINT ( 'NONE',  ( 1.322475605676659116, 0.7635316469341311141, -3.536458333333333481 ) ) ;
#5223 = CARTESIAN_POINT ( 'NONE',  ( -1.017788105676656896, -0.5876202367904167501, -2.020833333333333481 ) ) ;
#5224 = CARTESIAN_POINT ( 'NONE',  ( 0.000000000000000000, 1.499999999999999778, 4.000000000000000000 ) ) ;
#5225 = DIRECTION ( 'NONE',  ( 1.000000000000000000, 0.000000000000000000, 0.000000000000000000 ) ) ;
#5226 = ORIENTED_EDGE ( 'NONE', *, *, #266, .F. ) ;
#5227 = CARTESIAN_POINT ( 'NONE',  ( 0.000000000000000000, 1.499999999999999778, 5.062500000000000000 ) ) ;
#5228 = CARTESIAN_POINT ( 'NONE',  ( 0.000000000000000000, -1.499999999999999778, -5.549354535729332127 ) ) ;
#5229 = CARTESIAN_POINT ( 'NONE',  ( 0.6785254037844372643, -1.175240473580834166, 2.541666666666666075 ) ) ;
#5230 = CARTESIAN_POINT ( 'NONE',  ( -0.6785254037844380415, -1.175240473580833722, 5.520833333333333037 ) ) ;
#5231 = CARTESIAN_POINT ( 'NONE',  ( 0.000000000000000000, 1.527063293868264227, 3.515624999999999556 ) ) ;
#5232 = CARTESIAN_POINT ( 'NONE',  ( -0.6785254037844380415, -1.175240473580833944, 3.520833333333332593 ) ) ;
#5233 = CARTESIAN_POINT ( 'NONE',  ( 0.000000000000000000, 1.100112572632367757E-14, 5.062500000000000000 ) ) ;
#5234 = ADVANCED_FACE ( 'NONE', ( #5070 ), #1827, .T. ) ;
#5235 = B_SPLINE_CURVE_WITH_KNOTS ( 'NONE', 3,
 ( #3556, #2645, #3176, #2723, #3071, #3098, #4303, #4281 ),
 .UNSPECIFIED., .F., .F.,
 ( 4, 2, 2, 4 ),
 ( 2.544428341990583583E-07, 0.0002238954966069353126, 0.0004475365503796715312, 0.0008948186579251436431 ),
 .UNSPECIFIED. ) ;
#5236 = ORIENTED_EDGE ( 'NONE', *, *, #3340, .T. ) ;
#5237 = CARTESIAN_POINT ( 'NONE',  ( 1.017788105676656452, -0.5876202367904175272, -5.354166666666666963 ) ) ;
#5238 = CARTESIAN_POINT ( 'NONE',  ( -1.763300807568877859, 1.329739878991918111E-16, 1.171875000000000000 ) ) ;
#5239 = CARTESIAN_POINT ( 'NONE',  ( 1.322475605676659116, 0.7635316469341311141, -3.567708333333333481 ) ) ;
#5240 = CARTESIAN_POINT ( 'NONE',  ( 0.6785254037844372643, -1.175240473580834166, -4.895833333333333037 ) ) ;
#5241 = CARTESIAN_POINT ( 'NONE',  ( 0.000000000000000000, 1.175240473580833944, -3.250000000000000444 ) ) ;
#5242 = CARTESIAN_POINT ( 'NONE',  ( 0.000000000000000000, -1.499999999999999778, -5.549354535729332127 ) ) ;
#5243 = CARTESIAN_POINT ( 'NONE',  ( -0.8660254037844383745, 1.499999999999999778, 3.541666666666666963 ) ) ;
#5244 = EDGE_LOOP ( 'NONE', ( #4506, #2271, #3433, #4057 ) ) ;
#5245 = CARTESIAN_POINT ( 'NONE',  ( -1.357050807568875417, 1.080983497915110492E-16, -1.062500000000000000 ) ) ;
#5246 = DIRECTION ( 'NONE',  ( 0.000000000000000000, 0.000000000000000000, 1.000000000000000000 ) ) ;
#5247 = CARTESIAN_POINT ( 'NONE',  ( -0.7500000000000001110, 0.4330127018922192428, 5.062500000000000000 ) ) ;
#5248 = ORIENTED_EDGE ( 'NONE', *, *, #1801, .F. ) ;
#5249 = VECTOR ( 'NONE', #233, 1000.000000000000000 ) ;
#5250 = FACE_OUTER_BOUND ( 'NONE', #3925, .T. ) ;
#5251 = CARTESIAN_POINT ( 'NONE',  ( 0.8660254037844333785, -1.500000000000008216, -3.645833333333333925 ) ) ;
#5252 = CARTESIAN_POINT ( 'NONE',  ( -0.6785254037844380415, -1.175240473580833944, 4.958333333333331261 ) ) ;
#5253 = CARTESIAN_POINT ( 'NONE',  ( -0.6785254037844375974, 1.175240473580834166, 4.854166666666666963 ) ) ;
#5254 = CARTESIAN_POINT ( 'NONE',  ( 1.322475605676658228, -0.7635316469341327794, 3.848958333333332593 ) ) ;
#5255 = CARTESIAN_POINT ( 'NONE',  ( 0.6785254037844372643, -1.175240473580834166, 2.604166666666666075 ) ) ;
#5256 = CARTESIAN_POINT ( 'NONE',  ( -1.836970198721029688E-16, -1.499999999999999778, -0.2500000000000006106 ) ) ;
#5257 = VECTOR ( 'NONE', #1229, 1000.000000000000000 ) ;
#5258 = ORIENTED_EDGE ( 'NONE', *, *, #4202, .F. ) ;
#5259 = CARTESIAN_POINT ( 'NONE',  ( -0.6785254037844380415, -1.175240473580833944, 6.520833333333333037 ) ) ;
#5260 = CARTESIAN_POINT ( 'NONE',  ( 0.8660254037844573594, 1.499999999999968248, 4.020833333333332149 ) ) ;
#5261 = CARTESIAN_POINT ( 'NONE',  ( -0.8816504037844387076, 1.527063293868264449, 1.588541666666666075 ) ) ;
#5262 = CARTESIAN_POINT ( 'NONE',  ( 1.299038105676657562, -0.7500000000000005551, -1.166666666666666963 ) ) ;
#5263 = CARTESIAN_POINT ( 'NONE',  ( 1.322475605676659116, 0.7635316469341311141, -4.067708333333333925 ) ) ;
#5264 = CARTESIAN_POINT ( 'NONE',  ( 0.6785254037844384856, 1.175240473580833722, -3.729166666666666963 ) ) ;
#5265 = EDGE_CURVE ( 'NONE', #2842, #808, #2595, .T. ) ;
#5266 = CARTESIAN_POINT ( 'NONE',  ( -0.6785254037844375974, 1.175240473580834166, -3.708333333333333925 ) ) ;
#5267 = CARTESIAN_POINT ( 'NONE',  ( -1.439254484199187653E-16, -1.175240473580833944, 5.999999999999998224 ) ) ;
#5268 = EDGE_CURVE ( 'NONE', #3611, #1410, #3458, .T. ) ;
#5269 = CARTESIAN_POINT ( 'NONE',  ( -0.8660254037844391517, -1.499999999999999334, -3.291666666666666963 ) ) ;
#5270 = VERTEX_POINT ( 'NONE', #970 ) ;
#5271 = CARTESIAN_POINT ( 'NONE',  ( 1.357050807568875417, -2.242832357623997763E-16, 0.1874999999999992784 ) ) ;
#5272 = CARTESIAN_POINT ( 'NONE',  ( 1.732050807568876971, -2.931696182144386422E-16, 1.937500000000001110 ) ) ;
#5273 = CARTESIAN_POINT ( 'NONE',  ( 0.6785254037844372643, -1.175240473580834166, -5.458333333333333925 ) ) ;
#5274 = VERTEX_POINT ( 'NONE', #1718 ) ;
#5275 = CARTESIAN_POINT ( 'NONE',  ( 0.6785254037844384856, 1.175240473580833722, 0.2083333333333329540 ) ) ;
#5276 = CARTESIAN_POINT ( 'NONE',  ( -0.8660254037844294928, 1.500000000000015543, -3.895833333333333481 ) ) ;
#5277 = ORIENTED_EDGE ( 'NONE', *, *, #1623, .T. ) ;
#5278 = CARTESIAN_POINT ( 'NONE',  ( -1.732050807568876971, 1.310604772755240251E-16, 0.6249999999999993339 ) ) ;
#5279 = AXIS2_PLACEMENT_3D ( 'NONE', #535, #453, #509 ) ;
#5280 = CARTESIAN_POINT ( 'NONE',  ( 1.357050807568875417, -2.242832357623997763E-16, 3.624999999999999556 ) ) ;
#5281 = CARTESIAN_POINT ( 'NONE',  ( 0.6785254037844383745, 1.175240473580833500, 5.270833333333332149 ) ) ;
#5282 = CARTESIAN_POINT ( 'NONE',  ( 0.8816504037844398178, 1.527063293868264005, 5.973958333333333037 ) ) ;
#5283 = CARTESIAN_POINT ( 'NONE',  ( -0.6785254037844380415, -1.175240473580833944, 5.520833333333333037 ) ) ;
#5284 = DIRECTION ( 'NONE',  ( 1.000000000000000000, 0.000000000000000000, 0.000000000000000000 ) ) ;
#5285 = ORIENTED_EDGE ( 'NONE', *, *, #1385, .F. ) ;
#5286 = DIRECTION ( 'NONE',  ( 1.000000000000000000, 0.000000000000000000, 0.000000000000000000 ) ) ;
#5287 = CARTESIAN_POINT ( 'NONE',  ( -0.8660254037844383745, 1.499999999999999778, 5.041666666666666963 ) ) ;
#5288 = CARTESIAN_POINT ( 'NONE',  ( 1.017788105676656452, -0.5876202367904175272, -0.9166666666666671848 ) ) ;
#5289 = CARTESIAN_POINT ( 'NONE',  ( 1.322475605676658228, -0.7635316469341327794, 1.380208333333333037 ) ) ;
#5290 = CARTESIAN_POINT ( 'NONE',  ( 1.096711238208495060E-16, -0.8660254037844383745, 5.062500000000000000 ) ) ;
#5291 = CARTESIAN_POINT ( 'NONE',  ( 0.8816504037844398178, 1.527063293868264005, -5.526041666666666963 ) ) ;
#5292 = CARTESIAN_POINT ( 'NONE',  ( -0.6785254037844375974, 1.175240473580834166, -4.145833333333333925 ) ) ;
#5293 = EDGE_CURVE ( 'NONE', #940, #4809, #745, .T. ) ;
#5294 = CARTESIAN_POINT ( 'NONE',  ( 0.000000000000000000, 1.175240473580833944, -2.750000000000000444 ) ) ;
#5295 = CARTESIAN_POINT ( 'NONE',  ( -1.439254484199187653E-16, -1.175240473580833944, 6.499999999999999112 ) ) ;
ENDSEC;
END-ISO-10303-21;
